filename,light,dye,agent,conc,R,G,B,L,a,b,DeltaE
1DMMP0.jpg,Normal,1,DMMP,0,174,174,173,71.0689756585,-0.189285658979,0.515144731344,0.0
1DMMP10.jpg,Normal,1,DMMP,10,179,179,178,72.9170894272,-0.188356137264,0.512536404772,1.39661918259
1DMMP50.jpg,Normal,1,DMMP,50,178,178,178,72.5747828315,-0.00187453093103,0.00355323938055,1.27744906501
1DMMP100.jpg,Normal,1,DMMP,100,175,175,174,71.4393771836,-0.189097348999,0.514616290011,0.2823228786
1DMMP500.jpg,Normal,1,DMMP,500,180,180,180,73.3120444305,-0.00189013378798,0.00358281514536,1.78663008398
1GA0.jpg,Normal,1,GA,0,174,174,173,71.0689756585,-0.189285658979,0.515144731344,0.0
1GA10.jpg,Normal,1,GA,10,179,179,179,72.9436046076,-0.00188233640119,0.00356803492412,1.52908961931
1GA50.jpg,Normal,1,GA,50,179,178,178,72.6534776545,0.350419617782,0.127895737955,1.49510901411
1GA100.jpg,Normal,1,GA,100,175,175,174,71.4393771836,-0.189097348999,0.514616290011,0.2823228786
1GA500.jpg,Normal,1,GA,500,177,177,177,72.205576714,-0.00186671732694,0.00353842841885,1.03717048079
1GB0.jpg,Normal,1,GB,0,178,177,176,72.2578327645,0.164830966041,0.638042137217,0.0
1GB10.jpg,Normal,1,GB,10,179,179,179,72.9436046076,-0.00188233640119,0.00356803492412,0.846117844194
1GB50.jpg,Normal,1,GB,50,178,178,178,72.5747828315,-0.00187453093103,0.00355323938055,0.712671195049
1GB100.jpg,Normal,1,GB,100,175,175,174,71.4393771836,-0.189097348999,0.514616290011,0.822719535836
1GB500.jpg,Normal,1,GB,500,176,176,175,71.8093868631,-0.188910255618,0.51409127605,0.638442352504
1GD0.jpg,Normal,1,GD,0,176,175,174,71.518371688,0.165215940505,0.639354586655,0.0
1GD10.jpg,Normal,1,GD,10,180,180,178,73.2592438022,-0.373509159202,1.0207531938,1.57652682223
1GD50.jpg,Normal,1,GD,50,179,179,179,72.9436046076,-0.00188233640119,0.00356803492412,1.2675263193
1GD100.jpg,Normal,1,GD,100,176,176,175,71.8093868631,-0.188910255618,0.51409127605,0.585249405077
1GD500.jpg,Normal,1,GD,500,179,179,178,72.9170894272,-0.188356137264,0.512536404772,1.1852341644
1GF0.jpg,Normal,1,GF,0,177,177,176,72.1790071712,-0.188724364943,0.513569649768,0.0
1GF10.jpg,Normal,1,GF,10,181,181,180,73.6536431829,-0.187992559295,0.511516250504,1.10263241143
1GF50.jpg,Normal,1,GF,50,179,179,179,72.9436046076,-0.00188233640119,0.00356803492412,0.811998456846
1GF100.jpg,Normal,1,GF,100,176,176,175,71.8093868631,-0.188910255618,0.51409127605,0.279318231769
1GF500.jpg,Normal,1,GF,500,180,180,179,73.2855561827,-0.188173773597,0.512024709936,0.829143714376
1VX0.jpg,Normal,1,VX,0,176,176,175,71.8093868631,-0.188910255618,0.51409127605,0.0
1VX10.jpg,Normal,1,VX,10,180,180,179,73.2855561827,-0.188173773597,0.512024709936,1.10844602767
1VX50.jpg,Normal,1,VX,50,180,180,180,73.3120444305,-0.00189013378798,0.00358281514536,1.26617980234
1VX100.jpg,Normal,1,VX,100,176,176,175,71.8093868631,-0.188910255618,0.51409127605,0.0
1VX500.jpg,Normal,1,VX,500,179,179,179,72.9436046076,-0.00188233640119,0.00356803492412,1.02892460963
2DMMP0.jpg,Normal,2,DMMP,0,180,180,179,73.2855561827,-0.188173773597,0.512024709936,0.0
2DMMP10.jpg,Normal,2,DMMP,10,177,177,176,72.1790071712,-0.188724364943,0.513569649768,0.829143714376
2DMMP50.jpg,Normal,2,DMMP,50,180,180,180,73.3120444305,-0.00189013378798,0.00358281514536,0.572914635419
2DMMP100.jpg,Normal,2,DMMP,100,184,184,184,74.7820310154,-0.00192124349258,0.00364178468566,1.24439412715
2DMMP500.jpg,Normal,2,DMMP,500,185,185,185,75.1485959629,-0.00192900120088,0.00365648969494,1.48728593875
2GA0.jpg,Normal,2,GA,0,177,177,177,72.205576714,-0.00186671732694,0.00353842841885,0.0
2GA10.jpg,Normal,2,GA,10,174,174,173,71.0689756585,-0.189285658979,0.515144731344,1.03717048079
2GA50.jpg,Normal,2,GA,50,178,178,177,72.5482405533,-0.188539663305,0.513051372135,0.629023913232
2GA100.jpg,Normal,2,GA,100,181,181,181,73.6801046614,-0.00189792314143,0.00359758013906,1.1022157538
2GA500.jpg,Normal,2,GA,500,181,181,181,73.6801046614,-0.00189792314143,0.00359758013906,1.1022157538
2GB0.jpg,Normal,2,GB,0,177,177,177,72.205576714,-0.00186671732694,0.00353842841885,0.0
2GB10.jpg,Normal,2,GB,10,175,175,175,71.4660017643,-0.00185106551193,0.00350875985236,0.559912388603
2GB50.jpg,Normal,2,GB,50,180,180,180,73.3120444305,-0.00189013378798,0.00358281514536,0.828829527308
2GB100.jpg,Normal,2,GB,100,183,183,183,74.4150956584,-0.00191347794509,0.00362706481709,1.64473076038
2GB500.jpg,Normal,2,GB,500,181,181,181,73.6801046614,-0.00189792314143,0.00359758013906,1.1022157538
2GD0.jpg,Normal,2,GD,0,181,181,181,73.6801046614,-0.00189792314143,0.00359758013906,0.0
2GD10.jpg,Normal,2,GD,10,178,178,178,72.5747828315,-0.00187453093103,0.00355323938055,0.824496475282
2GD50.jpg,Normal,2,GD,50,184,184,183,74.7556488833,-0.187455685634,0.510009922469,0.976352581076
2GD100.jpg,Normal,2,GD,100,186,186,186,75.5147927329,-0.00193675111737,0.00367117993456,1.34605554368
2GD500.jpg,Normal,2,GD,500,185,185,185,75.1485959629,-0.00192900120088,0.00365648969494,1.0795969961
2GF0.jpg,Normal,2,GF,0,180,180,179,73.2855561827,-0.188173773597,0.512024709936,0.0
2GF10.jpg,Normal,2,GF,10,177,177,177,72.205576714,-0.00186671732694,0.00353842841885,0.991244530201
2GF50.jpg,Normal,2,GF,50,182,182,182,74.0477876345,-0.00190570451086,0.00361232999875,0.804453655929
2GF100.jpg,Normal,2,GF,100,185,185,185,75.1485959629,-0.00192900120088,0.00365648969494,1.48728593875
2GF500.jpg,Normal,2,GF,500,184,184,184,74.7820310154,-0.00192124349258,0.00364178468566,1.24439412715
2VX0.jpg,Normal,2,VX,0,179,179,178,72.9170894272,-0.188356137264,0.512536404772,0.0
2VX10.jpg,Normal,2,VX,10,177,176,176,71.9148459006,0.351177199742,0.128130249002,1.1673567655
2VX50.jpg,Normal,2,VX,50,181,181,181,73.6801046614,-0.00189792314143,0.00359758013906,0.806939782783
2VX100.jpg,Normal,2,VX,100,185,185,185,75.1485959629,-0.00192900120088,0.00365648969494,1.74439886582
2VX500.jpg,Normal,2,VX,500,185,185,185,75.1485959629,-0.00192900120088,0.00365648969494,1.74439886582
3DMMP0.jpg,Normal,3,DMMP,0,177,128,113,58.0175436941,16.9142452202,15.6308081378,0.0
3DMMP10.jpg,Normal,3,DMMP,10,174,124,108,56.5834044325,17.3216992064,16.4652722671,1.40314539065
3DMMP50.jpg,Normal,3,DMMP,50,180,127,110,58.046293296,18.3180896211,17.4373516093,1.14102903924
3DMMP100.jpg,Normal,3,DMMP,100,172,122,107,55.8395941796,17.5111228972,15.9809897461,2.03857073343
3DMMP500.jpg,Normal,3,DMMP,500,174,125,109,56.8523374887,16.8826292523,16.2615128163,1.15038171409
3GA0.jpg,Normal,3,GA,0,174,127,112,57.41381827,16.1354432671,15.3167788409,0.0
3GA10.jpg,Normal,3,GA,10,173,122,106,55.93292658,17.7956526076,16.7027356084,1.76834726886
3GA50.jpg,Normal,3,GA,50,177,122,105,56.375004395,19.3060426654,17.9566130608,2.28578307902
3GA100.jpg,Normal,3,GA,100,170,120,104,55.0518745578,17.4549217256,16.590825009,2.38857850478
3GA500.jpg,Normal,3,GA,500,171,122,106,55.7045640194,16.979453818,16.3527884676,1.72304958479
3GB0.jpg,Normal,3,GB,0,177,128,112,57.9962713521,16.788357458,16.1729126508,0.0
3GB10.jpg,Normal,3,GB,10,174,123,107,56.3152360616,17.7619176262,16.6710100862,1.65760572675
3GB50.jpg,Normal,3,GB,50,178,123,106,56.7558300341,19.2697660982,17.9221224418,1.9154707506
3GB100.jpg,Normal,3,GB,100,170,120,104,55.0518745578,17.4549217256,16.590825009,2.75734112853
3GB500.jpg,Normal,3,GB,500,172,121,106,55.5712016689,17.9519203383,16.1877302008,2.38179639783
3GD0.jpg,Normal,3,GD,0,179,129,114,58.5095034892,17.2869440399,15.7739401603,0.0
3GD10.jpg,Normal,3,GD,10,176,125,109,57.078589749,17.6953331563,16.6085085368,1.39074464383
3GD50.jpg,Normal,3,GD,50,178,126,110,57.5731436383,18.0678054379,16.7517603255,1.05336863168
3GD100.jpg,Normal,3,GD,100,167,121,106,55.002612086,15.9106828612,15.3150866886,3.35787251505
3GD500.jpg,Normal,3,GD,500,166,125,109,55.9672080001,13.6217487868,14.901780753,3.47897976423
3GF0.jpg,Normal,3,GF,0,178,129,113,58.3767395332,16.7574827253,16.143951028,0.0
3GF10.jpg,Normal,3,GF,10,175,124,108,56.6971231079,17.7284791399,16.6396028433,1.64802836119
3GF50.jpg,Normal,3,GF,50,181,125,108,57.6320901431,19.6034960597,18.0312413769,1.87253866297
3GF100.jpg,Normal,3,GF,100,171,121,106,55.4564779241,17.5442898328,16.0117787401,2.75489434723
3GF500.jpg,Normal,3,GF,500,169,122,107,55.4994985915,16.2881390526,15.4588889358,2.6805893717
3VX0.jpg,Normal,3,VX,0,180,131,115,59.1364241732,16.6965346826,16.0868575898,0.0
3VX10.jpg,Normal,3,VX,10,176,125,109,57.078589749,17.6953331563,16.6085085368,1.96339187596
3VX50.jpg,Normal,3,VX,50,183,129,112,58.9184038885,18.6548989969,17.5477606812,1.26279279377
3VX100.jpg,Normal,3,VX,100,173,122,106,55.93292658,17.7956526076,16.7027356084,3.00063806933
3VX500.jpg,Normal,3,VX,500,175,125,110,56.9863750337,17.4133651687,15.8904794906,2.03195985702
4DMMP0.jpg,Normal,4,DMMP,0,180,180,179,73.2855561827,-0.188173773597,0.512024709936,0.0
4DMMP10.jpg,Normal,4,DMMP,10,179,179,179,72.9436046076,-0.00188233640119,0.00356803492412,0.626853187249
4DMMP50.jpg,Normal,4,DMMP,50,179,179,179,72.9436046076,-0.00188233640119,0.00356803492412,0.626853187249
4DMMP100.jpg,Normal,4,DMMP,100,185,185,185,75.1485959629,-0.00192900120088,0.00365648969494,1.48728593875
4DMMP500.jpg,Normal,4,DMMP,500,180,180,178,73.2592438022,-0.373509159202,1.0207531938,0.558125908136
4GA0.jpg,Normal,4,GA,0,177,177,177,72.205576714,-0.00186671732694,0.00353842841885,0.0
4GA10.jpg,Normal,4,GA,10,178,178,177,72.5482405533,-0.188539663305,0.513051372135,0.629023913232
4GA50.jpg,Normal,4,GA,50,178,177,177,72.2843548899,0.35079723408,0.128012580909,0.540243231383
4GA100.jpg,Normal,4,GA,100,186,186,186,75.5147927329,-0.00193675111737,0.00367117993456,2.44804862656
4GA500.jpg,Normal,4,GA,500,178,178,178,72.5747828315,-0.00187453093103,0.00355323938055,0.277734875111
4GB0.jpg,Normal,4,GB,0,177,177,177,72.205576714,-0.00186671732694,0.00353842841885,0.0
4GB10.jpg,Normal,4,GB,10,179,179,179,72.9436046076,-0.00188233640119,0.00356803492412,0.554006945016
4GB50.jpg,Normal,4,GB,50,177,176,176,71.9148459006,0.351177199742,0.128130249002,0.580641637925
4GB100.jpg,Normal,4,GB,100,187,187,187,75.8806235332,-0.00194449328877,0.00368585549309,2.71308254665
4GB500.jpg,Normal,4,GB,500,178,178,178,72.5747828315,-0.00187453093103,0.00355323938055,0.277734875111
4GD0.jpg,Normal,4,GD,0,178,178,178,72.5747828315,-0.00187453093103,0.00355323938055,0.0
4GD10.jpg,Normal,4,GD,10,179,179,179,72.9436046076,-0.00188233640119,0.00356803492412,0.276274702337
4GD50.jpg,Normal,4,GD,50,177,177,177,72.205576714,-0.00186671732694,0.00353842841885,0.277734875111
4GD100.jpg,Normal,4,GD,100,186,186,186,75.5147927329,-0.00193675111737,0.00367117993456,2.17040448447
4GD500.jpg,Normal,4,GD,500,177,177,177,72.205576714,-0.00186671732694,0.00353842841885,0.277734875111
4GF0.jpg,Normal,4,GF,0,180,179,179,73.0222166041,0.350044323939,0.127779710513,0.0
4GF10.jpg,Normal,4,GF,10,179,179,179,72.9436046076,-0.00188233640119,0.00356803492412,0.539072816963
4GF50.jpg,Normal,4,GF,50,178,178,178,72.5747828315,-0.00187453093103,0.00355323938055,0.631959413393
4GF100.jpg,Normal,4,GF,100,186,186,186,75.5147927329,-0.00193675111737,0.00367117993456,1.91211487036
4GF500.jpg,Normal,4,GF,500,179,179,178,72.9170894272,-0.188356137264,0.512536404772,0.893511610848
4VX0.jpg,Normal,4,VX,0,182,182,182,74.0477876345,-0.00190570451086,0.00361232999875,0.0
4VX10.jpg,Normal,4,VX,10,181,181,180,73.6536431829,-0.187992559295,0.511516250504,0.642021151164
4VX50.jpg,Normal,4,VX,50,179,179,179,72.9436046076,-0.00188233640119,0.00356803492412,0.820210135072
4VX100.jpg,Normal,4,VX,100,187,187,187,75.8806235332,-0.00194449328877,0.00368585549309,1.33920951715
4VX500.jpg,Normal,4,VX,500,179,179,178,72.9170894272,-0.188356137264,0.512536404772,1.01690788815
5DMMP0.jpg,Normal,5,DMMP,0,201,42,131,46.5989730345,66.8356977695,-11.1338170429,0.0
5DMMP10.jpg,Normal,5,DMMP,10,184,35,119,42.3491178153,63.1981816282,-10.4822719053,4.09993439396
5DMMP50.jpg,Normal,5,DMMP,50,189,32,124,43.2266841747,65.6771041516,-12.1559067907,3.23632849967
5DMMP100.jpg,Normal,5,DMMP,100,192,36,127,44.2380083025,65.7625818054,-12.4169335466,2.33620444511
5DMMP500.jpg,Normal,5,DMMP,500,188,37,123,43.4298425106,64.0972144277,-11.2504313223,3.08543494884
5GA0.jpg,Normal,5,GA,0,198,40,127,45.714795335,66.202963534,-10.0792825568,0.0
5GA10.jpg,Normal,5,GA,10,184,35,118,42.3125807883,63.091043042,-9.91733111164,3.27245194351
5GA50.jpg,Normal,5,GA,50,192,33,127,43.9874301481,66.4820265789,-12.7963995089,1.96312932459
5GA100.jpg,Normal,5,GA,100,196,39,131,45.3985787433,66.4051215564,-13.0371260216,1.22774183058
5GA500.jpg,Normal,5,GA,500,191,36,124,43.9394578992,65.1966677106,-11.0422956445,1.75101323522
5GB0.jpg,Normal,5,GB,0,199,39,127,45.8100696901,66.7082949091,-9.91737954639,0.0
5GB10.jpg,Normal,5,GB,10,184,33,118,42.1370918096,63.5937649916,-10.1816299447,3.52228117331
5GB50.jpg,Normal,5,GB,50,194,33,129,44.4403285758,67.1704256287,-13.301509653,1.8724216533
5GB100.jpg,Normal,5,GB,100,195,37,131,45.0353789535,66.6725606569,-13.6053164055,1.66189590207
5GB500.jpg,Normal,5,GB,500,191,36,128,44.0885870977,65.6309849424,-13.2748109659,2.1704182757
5GD0.jpg,Normal,5,GD,0,201,40,129,46.3429600707,67.1506440775,-10.3004485273,0.0
5GD10.jpg,Normal,5,GD,10,185,35,119,42.5379769173,63.4448775129,-10.1790187888,3.69565796888
5GD50.jpg,Normal,5,GD,50,192,34,124,43.9574883469,65.927440916,-10.9966374255,2.30900996916
5GD100.jpg,Normal,5,GD,100,195,37,126,44.8500692373,66.1326822751,-10.8242635516,1.47128777458
5GD500.jpg,Normal,5,GD,500,189,42,123,44.1002886498,62.9656558861,-10.2213424684,2.38596356746
5GF0.jpg,Normal,5,GF,0,202,41,131,46.6905169884,67.3466045518,-10.977659332,0.0
5GF10.jpg,Normal,5,GF,10,187,36,120,43.0414127881,63.7882276367,-10.0023920942,3.57320845611
5GF50.jpg,Normal,5,GF,50,191,32,124,43.6063849534,66.1527470625,-11.5451628565,2.95590664919
5GF100.jpg,Normal,5,GF,100,194,37,125,44.6265412581,65.783105012,-10.5658406895,2.01532885953
5GF500.jpg,Normal,5,GF,500,188,36,120,43.2297916756,64.0353555628,-9.70015082308,3.40286081642
5VX0.jpg,Normal,5,VX,0,202,40,130,46.5641429132,67.5000560428,-10.5588652166,0.0
5VX10.jpg,Normal,5,VX,10,187,36,125,43.226730547,64.3312555052,-12.8080543082,3.42162925945
5VX50.jpg,Normal,5,VX,50,198,60,158,49.1410836505,63.6756917288,-23.5336601954,6.02184572684
5VX100.jpg,Normal,5,VX,100,193,135,172,63.048803624,27.9436091529,-10.5797562119,20.2290247324
5VX500.jpg,Normal,5,VX,500,175,159,165,66.9964985815,6.90288224274,-0.990385568078,29.6364872107
6DMMP0.jpg,Normal,6,DMMP,0,6,57,124,25.0122428016,12.727308967,-42.2993085272,0.0
6DMMP10.jpg,Normal,6,DMMP,10,3,50,118,22.3303047488,14.948118605,-42.853092403,2.33197368362
6DMMP50.jpg,Normal,6,DMMP,50,6,54,122,23.9389182641,14.0096524484,-42.7769016117,1.04435665673
6DMMP100.jpg,Normal,6,DMMP,100,4,55,123,24.2818381489,13.591280319,-42.8546402138,0.656840614981
6DMMP500.jpg,Normal,6,DMMP,500,5,55,121,24.1431346584,12.7855241486,-41.8132017138,0.694267982029
6GA0.jpg,Normal,6,GA,0,5,50,118,22.3759700623,15.0888043034,-42.7767811068,0.0
6GA10.jpg,Normal,6,GA,10,3,45,113,20.3920521647,16.4045150245,-42.807819837,1.652007379
6GA50.jpg,Normal,6,GA,50,5,47,115,21.2166624974,15.9624617554,-42.7461083947,1.02238088614
6GA100.jpg,Normal,6,GA,100,4,49,119,22.1373031641,16.1838155998,-43.8036816983,0.44781824875
6GA500.jpg,Normal,6,GA,500,4,48,115,21.4941243981,15.1590070848,-42.2953404188,0.690302104855
6GB0.jpg,Normal,6,GB,0,5,54,123,23.999021132,14.3778375282,-43.3129540879,0.0
6GB10.jpg,Normal,6,GB,10,4,48,117,21.6655484605,16.037182131,-43.2959996577,2.02273935297
6GB50.jpg,Normal,6,GB,50,5,51,120,22.8453251104,15.2369847888,-43.2864881487,1.02566366889
6GB100.jpg,Normal,6,GB,100,5,55,126,24.5453542768,14.9628604923,-44.3183584919,0.481365500268
6GB500.jpg,Normal,6,GB,500,4,52,121,23.2083465861,14.8812726643,-43.3321421662,0.662391092981
6GD0.jpg,Normal,6,GD,0,6,52,122,23.3350731652,15.4519476999,-43.7582616077,0.0
6GD10.jpg,Normal,6,GD,10,3,45,114,20.4807830547,16.84466477,-43.3061086123,2.32464279885
6GD50.jpg,Normal,6,GD,50,4,48,117,21.6655484605,16.037182131,-43.2959996577,1.33873268152
6GD100.jpg,Normal,6,GD,100,4,49,120,22.2234857438,16.6203406659,-44.2999930794,0.981211087763
6GD500.jpg,Normal,6,GD,500,4,49,117,21.9664945072,15.3079294792,-42.8059397463,1.06139058649
6GF0.jpg,Normal,6,GF,0,4,56,125,24.746379217,13.7457965086,-43.3627820794,0.0
6GF10.jpg,Normal,6,GF,10,4,52,120,23.1255910644,14.4437020782,-42.8317362736,1.38174376128
6GF50.jpg,Normal,6,GF,50,5,53,122,23.6147523206,14.6629337435,-43.3044744201,1.05339209157
6GF100.jpg,Normal,6,GF,100,4,55,125,24.4433952605,14.4634215158,-43.8548145371,0.379396774659
6GF500.jpg,Normal,6,GF,500,6,56,123,24.6279655092,13.0081860097,-42.2911951713,0.297117955518
6VX0.jpg,Normal,6,VX,0,4,57,125,25.0509073324,13.0296532617,-42.8686835444,0.0
6VX10.jpg,Normal,6,VX,10,3,51,120,22.8007585496,15.0995606779,-43.3609626427,2.03504811579
6VX50.jpg,Normal,6,VX,50,4,53,123,23.6758405811,15.0318896056,-43.8391841145,1.40815113339
6VX100.jpg,Normal,6,VX,100,4,56,126,24.8266933322,14.1810993593,-43.8622051213,0.474513536099
6VX500.jpg,Normal,6,VX,500,4,55,123,24.2818381489,13.591280319,-42.8546402138,0.687188004636
7DMMP0.jpg,Normal,7,DMMP,0,180,180,178,73.2592438022,-0.373509159202,1.0207531938,0.0
7DMMP10.jpg,Normal,7,DMMP,10,181,181,180,73.6536431829,-0.187992559295,0.511516250504,0.630598238424
7DMMP50.jpg,Normal,7,DMMP,50,181,181,180,73.6536431829,-0.187992559295,0.511516250504,0.630598238424
7DMMP100.jpg,Normal,7,DMMP,100,183,182,180,74.0735499059,-0.0202187738512,1.14251239184,0.807515133421
7DMMP500.jpg,Normal,7,DMMP,500,181,181,179,73.6273564906,-0.373144794186,1.01971978134,0.273606429307
7GA0.jpg,Normal,7,GA,0,181,181,179,73.6273564906,-0.373144794186,1.01971978134,0.0
7GA10.jpg,Normal,7,GA,10,182,182,181,74.0213527639,-0.187812481562,0.511010989964,0.629405799432
7GA50.jpg,Normal,7,GA,50,181,181,180,73.6536431829,-0.187992559295,0.511516250504,0.557573806705
7GA100.jpg,Normal,7,GA,100,183,183,183,74.4150956584,-0.00191347794509,0.00362706481709,1.27004697739
7GA500.jpg,Normal,7,GA,500,182,182,180,73.9950916105,-0.3727826444,1.01869280081,0.272190809207
7GB0.jpg,Normal,7,GB,0,181,181,179,73.6273564906,-0.373144794186,1.01971978134,0.0
7GB10.jpg,Normal,7,GB,10,183,183,181,74.3624514737,-0.372422685685,1.01767217998,0.542978617334
7GB50.jpg,Normal,7,GB,50,182,182,180,73.9950916105,-0.3727826444,1.01869280081,0.272190809207
7GB100.jpg,Normal,7,GB,100,184,184,182,74.7294383659,-0.372064894262,1.01665784778,0.812375872363
7GB500.jpg,Normal,7,GB,500,183,183,181,74.3624514737,-0.372422685685,1.01767217998,0.542978617334
7GD0.jpg,Normal,7,GD,0,180,179,178,72.9957482529,0.164450857131,0.636746444908,0.0
7GD10.jpg,Normal,7,GD,10,181,181,180,73.6536431829,-0.187992559295,0.511516250504,0.728630663448
7GD50.jpg,Normal,7,GD,50,181,180,177,73.3117757128,-0.203713383775,1.65383430309,1.13563015173
7GD100.jpg,Normal,7,GD,100,182,182,172,73.79124583,-1.8183440593,5.08951870123,4.76405630499
7GD500.jpg,Normal,7,GD,500,183,181,110,72.3898511903,-9.86747901315,36.404788562,20.3535563392
7GF0.jpg,Normal,7,GF,0,179,179,177,72.8907512076,-0.373875763994,1.02179311161,0.0
7GF10.jpg,Normal,7,GF,10,180,180,179,73.2855561827,-0.188173773597,0.512024709936,0.631803182096
7GF50.jpg,Normal,7,GF,50,180,180,178,73.2592438022,-0.373509159202,1.0207531938,0.275037384641
7GF100.jpg,Normal,7,GF,100,181,181,180,73.6536431829,-0.187992559295,0.511516250504,0.797351291176
7GF500.jpg,Normal,7,GF,500,180,181,163,73.1516507865,-3.56998666838,9.06070039002,7.41095776037
7VX0.jpg,Normal,7,VX,0,180,180,178,73.2592438022,-0.373509159202,1.0207531938,0.0
7VX10.jpg,Normal,7,VX,10,181,181,180,73.6536431829,-0.187992559295,0.511516250504,0.630598238424
7VX50.jpg,Normal,7,VX,50,181,181,179,73.6273564906,-0.373144794186,1.01971978134,0.273606429307
7VX100.jpg,Normal,7,VX,100,182,182,180,73.9950916105,-0.3727826444,1.01869280081,0.545794743481
7VX500.jpg,Normal,7,VX,500,182,181,179,73.7058966321,-0.0202096330251,1.14366771619,0.63087945729
8DMMP0.jpg,Normal,8,DMMP,0,192,161,12,67.0702423103,-1.21644682911,68.7743943303,0.0
8DMMP10.jpg,Normal,8,DMMP,10,188,158,20,65.9023546711,-1.27205802893,66.3395882556,1.12046653505
8DMMP50.jpg,Normal,8,DMMP,50,186,155,12,64.8914693952,-0.692238215751,66.8798122706,1.85643972383
8DMMP100.jpg,Normal,8,DMMP,100,187,156,12,65.255563657,-0.780115692288,67.1968438595,1.54264155711
8DMMP500.jpg,Normal,8,DMMP,500,188,157,11,65.6174086659,-0.880962000635,67.6537127715,1.22263710738
8GA0.jpg,Normal,8,GA,0,192,161,10,67.0667529197,-1.24124004199,69.0385877685,0.0
8GA10.jpg,Normal,8,GA,10,188,158,16,65.892199757,-1.34427559477,67.0828201159,1.06665701848
8GA50.jpg,Normal,8,GA,50,187,156,10,65.2519166585,-0.805931363067,67.4724544549,1.54163272093
8GA100.jpg,Normal,8,GA,100,187,156,9,65.2501902534,-0.818154050515,67.6036798657,1.53412877624
8GA500.jpg,Normal,8,GA,500,189,158,10,65.9790040669,-0.980651883064,68.1003218816,0.919774062847
8GB0.jpg,Normal,8,GB,0,193,162,11,67.4302556279,-1.31577212068,69.2230010612,0.0
8GB10.jpg,Normal,8,GB,10,189,159,18,66.2600642163,-1.39729517393,67.049357971,1.08419772134
8GB50.jpg,Normal,8,GB,50,188,156,12,65.3552170087,-0.330413189246,67.3156519541,1.8386263175
8GB100.jpg,Normal,8,GB,100,189,157,11,65.7168679907,-0.431642650995,67.772061446,1.52190038493
8GB500.jpg,Normal,8,GB,500,190,158,12,66.0818447898,-0.506486982685,67.9476614703,1.22855085685
8GD0.jpg,Normal,8,GD,0,193,161,12,67.1689213835,-0.769067831802,68.8919334028,0.0
8GD10.jpg,Normal,8,GD,10,188,159,21,66.1699822453,-1.78779094556,66.3452969555,1.21002501513
8GD50.jpg,Normal,8,GD,50,186,154,11,64.6251336464,-0.166917786311,66.8253890702,2.16128000991
8GD100.jpg,Normal,8,GD,100,189,153,12,64.6679355374,1.73699009938,66.8470489281,2.60568051596
8GD500.jpg,Normal,8,GD,500,191,114,14,55.2221102651,24.0482607912,59.6305770362,19.5266783359
8GF0.jpg,Normal,8,GF,0,194,162,13,67.5323991529,-0.842926293374,69.064436974,0.0
8GF10.jpg,Normal,8,GF,10,187,158,19,65.8013186345,-1.739758169,66.4171722307,1.64367187119
8GF50.jpg,Normal,8,GF,50,186,154,13,64.6290509495,-0.139351378146,66.5305003507,2.47376961299
8GF100.jpg,Normal,8,GF,100,190,150,14,63.9937379976,3.84063791368,66.0716482826,4.1763635184
8GF500.jpg,Normal,8,GF,500,193,115,13,55.7165055906,24.3527433446,60.3195106019,19.5412828638
8VX0.jpg,Normal,8,VX,0,193,163,16,67.7036487173,-1.77865363384,68.6820041294,0.0
8VX10.jpg,Normal,8,VX,10,189,159,21,66.2681107797,-1.34004289098,66.4644899469,1.2985656862
8VX50.jpg,Normal,8,VX,50,187,156,14,65.2596294179,-0.751343008816,66.8921056447,2.11238445772
8VX100.jpg,Normal,8,VX,100,189,158,15,65.9887341344,-0.911684710772,67.369189542,1.50675129354
8VX500.jpg,Normal,8,VX,500,190,159,15,66.3516134968,-0.999299371761,67.6885120592,1.20463949207
9DMMP0.jpg,Normal,9,DMMP,0,217,25,66,46.7705280554,69.6787390548,29.5251384202,0.0
9DMMP10.jpg,Normal,9,DMMP,10,221,22,67,47.438316545,71.1844132615,29.9213875086,0.746839909651
9DMMP50.jpg,Normal,9,DMMP,50,222,24,68,47.7586720666,71.1837658388,29.7551567319,1.03910331765
9DMMP100.jpg,Normal,9,DMMP,100,222,25,66,47.7816940902,70.9416753326,30.9897909429,1.14293865528
9DMMP500.jpg,Normal,9,DMMP,500,216,29,66,46.8109399554,68.72769501,29.5289053004,0.275596434477
9GA0.jpg,Normal,9,GA,0,217,25,67,46.7862315636,69.7236254533,28.9377239112,0.0
9GA10.jpg,Normal,9,GA,10,222,24,69,47.7744245024,71.2285260888,29.1694187763,1.03864369165
9GA50.jpg,Normal,9,GA,50,222,24,69,47.7744245024,71.2285260888,29.1694187763,1.03864369165
9GA100.jpg,Normal,9,GA,100,223,26,68,48.0693845846,71.1214483504,30.1818321981,1.35360347343
9GA500.jpg,Normal,9,GA,500,216,28,67,46.7629986895,68.9557469109,28.8640232123,0.203489549786
9GB0.jpg,Normal,9,GB,0,218,24,68,46.9493037916,70.1803367317,28.5765554556,0.0
9GB10.jpg,Normal,9,GB,10,223,23,70,47.9409071265,71.6718936718,28.8142376216,1.04107414806
9GB50.jpg,Normal,9,GB,50,223,23,69,47.9249700924,71.6267778059,29.4002542764,1.03211923937
9GB100.jpg,Normal,9,GB,100,223,24,69,47.9764609556,71.4784252456,29.4637443317,1.07788486697
9GB500.jpg,Normal,9,GB,500,217,27,67,46.9029523118,69.3880810758,29.0815193781,0.399770233907
9GD0.jpg,Normal,9,GD,0,218,24,66,46.9177791049,70.0905743249,29.7514279504,0.0
9GD10.jpg,Normal,9,GD,10,223,23,70,47.9409071265,71.6718936718,28.8142376216,1.2578606963
9GD50.jpg,Normal,9,GD,50,222,24,70,47.7904368387,71.2740067234,28.5831005092,1.14508924929
9GD100.jpg,Normal,9,GD,100,222,25,70,47.8440825539,71.119537203,28.6497334095,1.1463379401
9GD500.jpg,Normal,9,GD,500,204,26,68,44.2294608619,66.2804448941,24.5586705876,3.32612556343
9GF0.jpg,Normal,9,GF,0,218,24,67,46.9334092224,70.1350880587,29.1643125625,0.0
9GF10.jpg,Normal,9,GF,10,223,22,70,47.8912732357,71.8149897979,28.7526599536,1.10717633867
9GF50.jpg,Normal,9,GF,50,223,23,69,47.9249700924,71.6267778059,29.4002542764,1.041484515
9GF100.jpg,Normal,9,GF,100,223,24,69,47.9764609556,71.4784252456,29.4637443317,1.07436646159
9GF500.jpg,Normal,9,GF,500,217,26,67,46.8436255223,69.55857431,29.0084473293,0.164862191579
9VX0.jpg,Normal,9,VX,0,218,24,67,46.9334092224,70.1350880587,29.1643125625,0.0
9VX10.jpg,Normal,9,VX,10,223,23,70,47.9409071265,71.6718936718,28.8142376216,1.12059354213
9VX50.jpg,Normal,9,VX,50,223,22,69,47.8753114214,71.7699342732,29.3389997849,1.01467748168
9VX100.jpg,Normal,9,VX,100,223,24,69,47.9764609556,71.4784252456,29.4637443317,1.07436646159
9VX500.jpg,Normal,9,VX,500,217,27,66,46.8873070491,69.3430544362,29.6681347085,0.401519197939
10DMMP0.jpg,Normal,10,DMMP,0,196,82,6,49.2368264957,42.6220124435,57.6267461848,0.0
10DMMP10.jpg,Normal,10,DMMP,10,197,84,8,49.7764157928,42.0634245843,57.5898285065,0.60227750784
10DMMP50.jpg,Normal,10,DMMP,50,198,83,7,49.7513671603,42.9150731837,57.8804480051,0.524208176822
10DMMP100.jpg,Normal,10,DMMP,100,195,75,9,47.8256362572,45.5635916904,55.9588327805,2.42520764818
10DMMP500.jpg,Normal,10,DMMP,500,191,78,9,47.6857171276,42.6685487647,55.5371636652,1.76574394164
10GA0.jpg,Normal,10,GA,0,193,82,9,48.7541865189,41.5090501947,56.3881353482,0.0
10GA10.jpg,Normal,10,GA,10,196,83,8,49.4273529804,42.163727638,57.2877135662,0.722287258827
10GA50.jpg,Normal,10,GA,50,198,84,7,49.9363355454,42.434730825,57.9957468318,1.2656362055
10GA100.jpg,Normal,10,GA,100,195,75,7,47.8200402473,45.5410136956,56.4365140788,2.17441953934
10GA500.jpg,Normal,10,GA,500,192,80,10,48.2210983258,42.1036639618,55.7318462598,0.743409945618
10GB0.jpg,Normal,10,GB,0,197,83,6,49.5852442032,42.5230436578,57.9234327412,0.0
10GB10.jpg,Normal,10,GB,10,199,84,7,50.099161081,42.8161289982,58.1787265124,0.524016784421
10GB50.jpg,Normal,10,GB,50,200,86,9,50.6384777279,42.2561166696,58.1595744432,1.07404349493
10GB100.jpg,Normal,10,GB,100,197,76,6,48.3305407561,45.8086176709,57.1608168199,2.22256619793
10GB500.jpg,Normal,10,GB,500,192,80,8,48.2155710311,42.0802741863,56.1934627329,1.47576974256
10GD0.jpg,Normal,10,GD,0,198,83,6,49.748730777,42.9038910951,58.1063133556,0.0
10GD10.jpg,Normal,10,GD,10,198,84,7,49.9363355454,42.434730825,57.9957468318,0.277393350672
10GD50.jpg,Normal,10,GD,50,201,86,8,50.7974473743,42.6276180806,58.5577933806,1.08875907896
10GD100.jpg,Normal,10,GD,100,198,77,6,48.6736428544,45.7188380893,57.4534645393,1.90320517745
10GD500.jpg,Normal,10,GD,500,195,81,8,48.8938824734,42.7432606936,56.8684779961,0.962301489001
10GF0.jpg,Normal,10,GF,0,198,84,7,49.9363355454,42.434730825,57.9957468318,0.0
10GF10.jpg,Normal,10,GF,10,198,85,8,50.1255169732,41.9626155002,57.8916869333,0.281672338002
10GF50.jpg,Normal,10,GF,50,200,85,8,50.4495869202,42.7276831838,58.257595898,0.523360297205
10GF100.jpg,Normal,10,GF,100,197,76,7,48.3332946532,45.8197431444,56.9222052893,2.55069221034
10GF500.jpg,Normal,10,GF,500,192,80,10,48.2210983258,42.1036639618,55.7318462598,1.89075440544
10VX0.jpg,Normal,10,VX,0,198,83,6,49.748730777,42.9038910951,58.1063133556,0.0
10VX10.jpg,Normal,10,VX,10,198,84,7,49.9363355454,42.434730825,57.9957468318,0.277393350672
10VX50.jpg,Normal,10,VX,50,200,85,8,50.4495869202,42.7276831838,58.257595898,0.714112567242
10VX100.jpg,Normal,10,VX,100,196,75,7,47.9903845016,45.9087445971,56.6267840213,2.61150861005
10VX500.jpg,Normal,10,VX,500,191,78,8,47.682906937,42.6567960899,55.7732594805,2.22792768688
11DMMP0.jpg,Normal,11,DMMP,0,12,31,117,17.1880222707,28.6807439604,-50.6293798231,0.0
11DMMP10.jpg,Normal,11,DMMP,10,12,31,118,17.2993250732,29.0750670827,-51.0889496872,0.169682845963
11DMMP50.jpg,Normal,11,DMMP,50,11,28,109,15.5149559333,27.4791884164,-48.2091904487,1.37642671918
11DMMP100.jpg,Normal,11,DMMP,100,12,27,107,15.0783530126,27.4295750108,-47.6224217881,1.75773192175
11DMMP500.jpg,Normal,11,DMMP,500,11,27,109,15.2687102486,28.1564273687,-48.6156447168,1.50728165767
11GA0.jpg,Normal,11,GA,0,14,32,119,17.7262007351,28.9216442586,-51.0245312427,0.0
11GA10.jpg,Normal,11,GA,10,13,32,120,17.8008103223,29.2504667247,-51.5438666635,0.168714316439
11GA50.jpg,Normal,11,GA,50,14,30,110,16.2414858989,26.7166505255,-47.658499573,1.4620116159
11GA100.jpg,Normal,11,GA,100,13,29,110,15.9505011556,27.3291488465,-48.1394898842,1.5131458527
11GA500.jpg,Normal,11,GA,500,13,30,111,16.3119033849,27.0434213617,-48.1937179125,1.30553901291
11GB0.jpg,Normal,11,GB,0,13,32,120,17.8008103223,29.2504667247,-51.5438666635,0.0
11GB10.jpg,Normal,11,GB,10,14,33,122,18.3013177423,29.4267250091,-51.9965969339,0.373993315762
11GB50.jpg,Normal,11,GB,50,13,29,111,16.0617270214,27.7261073068,-48.6062189808,1.510229944
11GB100.jpg,Normal,11,GB,100,13,29,111,16.0617270214,27.7261073068,-48.6062189808,1.510229944
11GB500.jpg,Normal,11,GB,500,14,28,109,15.6309424572,27.6845108225,-48.0139186449,1.88970923584
11GD0.jpg,Normal,11,GD,0,14,32,120,17.8362909671,29.3139203726,-51.4841329091,0.0
11GD10.jpg,Normal,11,GD,10,13,32,120,17.8008103223,29.2504667247,-51.5438666635,0.0674433275458
11GD50.jpg,Normal,11,GD,50,12,30,109,16.0559403078,26.1702149891,-47.3159831571,1.79535486271
11GD100.jpg,Normal,11,GD,100,11,30,109,16.0203687842,26.1023396149,-47.3758286428,1.80549048849
11GD500.jpg,Normal,11,GD,500,11,31,110,16.3869880415,25.8113960526,-47.4226809285,1.68162389215
11GF0.jpg,Normal,11,GF,0,14,32,118,17.6165509683,28.5279728524,-50.5632728299,0.0
11GF10.jpg,Normal,11,GF,10,13,31,119,17.4455439438,29.5282520748,-51.4887944584,0.383043026925
11GF50.jpg,Normal,11,GF,50,12,29,107,15.5811644746,26.0566452316,-46.7932939358,1.81965254565
11GF100.jpg,Normal,11,GF,100,12,29,107,15.5811644746,26.0566452316,-46.7932939358,1.81965254565
11GF500.jpg,Normal,11,GF,500,11,30,107,15.8028613445,25.2891220753,-46.4293671993,1.82092884259
11VX0.jpg,Normal,11,VX,0,14,32,120,17.8362909671,29.3139203726,-51.4841329091,0.0
11VX10.jpg,Normal,11,VX,10,15,31,118,17.4087792119,29.2685640009,-50.9046616339,0.393843002787
11VX50.jpg,Normal,11,VX,50,13,27,107,15.1181939207,27.4992117273,-47.5553402994,2.25321761814
11VX100.jpg,Normal,11,VX,100,13,27,106,15.0053787078,27.1030290437,-47.0869050769,2.39065326505
11VX500.jpg,Normal,11,VX,500,14,26,102,14.3500638844,26.2727688941,-45.5373332056,3.05919781528
12DMMP0.jpg,Normal,12,DMMP,0,19,32,94,15.3780479865,19.2564615159,-38.5396718945,0.0
12DMMP10.jpg,Normal,12,DMMP,10,20,30,92,14.6775393717,20.0235007344,-38.348132832,0.745333833372
12DMMP50.jpg,Normal,12,DMMP,50,20,29,84,13.6342128419,17.4603366585,-34.6651262209,1.92801868498
12DMMP100.jpg,Normal,12,DMMP,100,16,28,89,13.6006719463,19.7346689721,-38.1069220548,1.27506586737
12DMMP500.jpg,Normal,12,DMMP,500,17,28,89,13.6541052275,19.8566256736,-38.0173214299,1.29959357308
12GA0.jpg,Normal,12,GA,0,18,33,100,16.1853537442,20.8937933853,-41.1962711961,0.0
12GA10.jpg,Normal,12,GA,10,19,30,93,14.7179572614,20.3029927654,-38.9524225082,1.38515793773
12GA50.jpg,Normal,12,GA,50,20,31,89,14.6775821087,18.0533663677,-36.3376749587,2.04725166018
12GA100.jpg,Normal,12,GA,100,19,31,95,15.1920750246,20.3995186622,-39.5092511314,0.977056841037
12GA500.jpg,Normal,12,GA,500,19,31,93,14.9989301433,19.5737285457,-38.4928255147,1.28450451834
12GB0.jpg,Normal,12,GB,0,18,33,101,16.2828844922,21.3067988872,-41.6953287317,0.0
12GB10.jpg,Normal,12,GB,10,19,29,91,14.2431696999,20.2080215983,-38.3916596628,1.92626604276
12GB50.jpg,Normal,12,GB,50,19,29,86,13.7610496794,18.1407684553,-35.8147524131,2.7597713303
12GB100.jpg,Normal,12,GB,100,18,30,94,14.7618894611,20.5909422154,-39.5497398792,1.34070850319
12GB500.jpg,Normal,12,GB,500,18,27,90,13.533509626,21.1213229419,-38.8851763046,2.32920341064
12GD0.jpg,Normal,12,GD,0,18,32,99,15.809681409,21.2044000046,-41.1515269195,0.0
12GD10.jpg,Normal,12,GD,10,19,29,91,14.2431696999,20.2080215983,-38.3916596628,1.53139695155
12GD50.jpg,Normal,12,GD,50,19,28,84,13.2834959182,18.050321234,-35.2399262495,2.79222466234
12GD100.jpg,Normal,12,GD,100,18,30,94,14.7618894611,20.5909422154,-39.5497398792,0.94254194809
12GD500.jpg,Normal,12,GD,500,17,29,92,14.2322749403,20.3713763615,-39.0834873887,1.32196380986
12GF0.jpg,Normal,12,GF,0,18,33,102,16.381013032,21.7187077318,-42.1923388487,0.0
12GF10.jpg,Normal,12,GF,10,18,29,92,14.2858652114,20.4926882109,-38.9936143605,1.8814122728
12GF50.jpg,Normal,12,GF,50,19,28,83,13.1888210477,17.6347758977,-34.7152269634,3.5097979591
12GF100.jpg,Normal,12,GF,100,17,29,94,14.4326337704,21.1988677261,-40.0912459067,1.58601371739
12GF500.jpg,Normal,12,GF,500,17,29,91,14.1330787891,19.9558953157,-38.5762333407,2.00791945354
12VX0.jpg,Normal,12,VX,0,19,32,98,15.7625607084,20.9092233518,-40.5655721279,0.0
12VX10.jpg,Normal,12,VX,10,21,27,85,13.2234700253,19.496166234,-36.0109067123,2.59044458096
12VX50.jpg,Normal,12,VX,50,22,26,72,11.8040820679,15.1231250147,-29.4025765576,5.20872147436
12VX100.jpg,Normal,12,VX,100,20,24,75,11.343746305,17.4699455983,-32.2373832494,4.51318673935
12VX500.jpg,Normal,12,VX,500,26,23,57,10.0131117523,12.467234049,-21.6909649446,9.30730838572
13DMMP0.jpg,Normal,13,DMMP,0,172,167,154,68.563647651,-0.525591175645,7.36291659361,0.0
13DMMP10.jpg,Normal,13,DMMP,10,163,158,143,65.1398258169,-0.864107802558,8.48834567955,2.90403584577
13DMMP50.jpg,Normal,13,DMMP,50,171,167,153,68.45733086,-1.0682059857,7.75324246386,0.787053700072
13DMMP100.jpg,Normal,13,DMMP,100,170,164,149,67.4771120633,-0.490175904696,8.55893713159,1.23476628701
13DMMP500.jpg,Normal,13,DMMP,500,168,163,146,66.9720388079,-1.20134114764,9.48219551474,2.14995036947
13GA0.jpg,Normal,13,GA,0,176,171,158,70.0530989343,-0.526710273268,7.33027581949,0.0
13GA10.jpg,Normal,13,GA,10,170,166,153,68.1080326438,-0.896931702596,7.24255936671,1.60748246594
13GA50.jpg,Normal,13,GA,50,176,172,160,70.3671600909,-0.723663473243,6.67878177134,0.628268305944
13GA100.jpg,Normal,13,GA,100,177,172,158,70.4003707173,-0.697121862667,7.83816247859,0.511593601463
13GA500.jpg,Normal,13,GA,500,169,164,153,67.491189488,-0.17976153848,6.34742433174,2.19609802476
13GB0.jpg,Normal,13,GB,0,176,171,159,70.0773790044,-0.355436286221,6.81398461261,0.0
13GB10.jpg,Normal,13,GB,10,170,165,151,67.7923063551,-0.695725015674,7.89954584684,2.01488508316
13GB50.jpg,Normal,13,GB,50,176,172,158,70.3187158226,-1.06673741457,7.71046355444,1.17456518734
13GB100.jpg,Normal,13,GB,100,176,171,155,69.9813576635,-1.03427762896,8.88025286771,1.74733862244
13GB500.jpg,Normal,13,GB,500,171,165,139,67.6005227473,-2.27449570599,14.2790070457,5.79304828098
13GD0.jpg,Normal,13,GD,0,177,172,160,70.4487235387,-0.355789560599,6.80652739724,0.0
13GD10.jpg,Normal,13,GD,10,168,163,152,67.1165872023,-0.179249904473,6.35469377761,2.64932779518
13GD50.jpg,Normal,13,GD,50,177,173,168,70.9133975665,0.508660179984,3.07141805673,3.3314141209
13GD100.jpg,Normal,13,GD,100,176,171,166,70.2524820722,0.872265073323,3.20609802532,3.47718573071
13GD500.jpg,Normal,13,GD,500,171,166,162,68.4161848478,1.05849607978,2.70666746641,4.31860309921
13GF0.jpg,Normal,13,GF,0,177,172,160,70.4487235387,-0.355789560599,6.80652739724,0.0
13GF10.jpg,Normal,13,GF,10,168,163,149,67.0434449352,-0.695255669051,7.91762234672,2.83450046774
13GF50.jpg,Normal,13,GF,50,180,175,163,71.5603845195,-0.356808925093,6.78444564244,0.849959744748
13GF100.jpg,Normal,13,GF,100,175,170,159,69.7301120522,-0.182667835508,6.30482876903,0.716359567133
13GF500.jpg,Normal,13,GF,500,171,166,161,68.3903224475,0.878313448446,3.22395103647,3.81835273683
13VX0.jpg,Normal,13,VX,0,176,170,156,69.7395448817,-0.325609105275,7.98409622213,0.0
13VX10.jpg,Normal,13,VX,10,167,161,128,65.9539920991,-3.33568323865,18.0097492608,7.61861187112
13VX50.jpg,Normal,13,VX,50,176,169,93,68.3125731185,-8.24052998727,39.8930949914,15.9800167132
13VX100.jpg,Normal,13,VX,100,173,167,85,67.4108736606,-9.20209374204,42.7563042025,16.9313052206
13VX500.jpg,Normal,13,VX,500,170,164,79,66.2613216289,-9.42262833319,44.2867219294,17.4670021552
14DMMP0.jpg,Normal,14,DMMP,0,144,50,32,34.6337076718,38.7322958482,32.0780705193,0.0
14DMMP10.jpg,Normal,14,DMMP,10,137,45,28,32.4373791236,38.2715213761,31.6386320453,1.7846054682
14DMMP50.jpg,Normal,14,DMMP,50,143,49,31,34.2665472992,38.7816338417,32.2000901523,0.304731585506
14DMMP100.jpg,Normal,14,DMMP,100,138,47,29,32.9770005886,37.7637731464,31.6934717824,1.39301970215
14DMMP500.jpg,Normal,14,DMMP,500,135,49,32,32.817478232,35.8124398057,29.636971028,1.89668437015
14GA0.jpg,Normal,14,GA,0,138,48,32,33.1852946588,37.4263774253,30.1957549246,0.0
14GA10.jpg,Normal,14,GA,10,143,47,29,33.9060782335,39.6122576493,32.9483329473,1.3026824541
14GA50.jpg,Normal,14,GA,50,153,51,29,36.4248378397,41.4659861952,36.0968122272,3.5935283903
14GA100.jpg,Normal,14,GA,100,153,48,26,35.9127703825,42.6754633139,37.1805989608,3.6075314965
14GA500.jpg,Normal,14,GA,500,159,55,30,38.1977927199,41.8912029062,37.6862837068,5.15984625471
14GB0.jpg,Normal,14,GB,0,138,47,30,32.9879017035,37.8057026606,31.1360180594,0.0
14GB10.jpg,Normal,14,GB,10,140,45,27,32.9909025602,39.3349925209,32.9466084985,0.765927721708
14GB50.jpg,Normal,14,GB,50,145,48,29,34.4455325208,39.8941319522,33.6203131099,1.57504670211
14GB100.jpg,Normal,14,GB,100,134,44,27,31.6936952471,37.5765060558,31.2573072797,1.04218578296
14GB500.jpg,Normal,14,GB,500,127,47,32,30.9980897103,33.7050643221,27.2124198388,2.44122650667
14GD0.jpg,Normal,14,GD,0,142,49,31,34.0828437589,38.4100664016,31.95015318,0.0
14GD10.jpg,Normal,14,GD,10,157,49,26,36.8208842196,43.6674468937,38.3047452837,3.39823372544
14GD50.jpg,Normal,14,GD,50,165,52,26,38.7814796757,45.2172073581,40.6599681209,5.19123573301
14GD100.jpg,Normal,14,GD,100,156,48,24,36.4612158048,43.6771380019,38.9139373561,3.37207886812
14GD500.jpg,Normal,14,GD,500,153,51,28,36.4156243936,41.4311157719,36.6185867288,2.68991317525
14GF0.jpg,Normal,14,GF,0,143,50,32,34.451045848,38.359832168,31.8286949047,0.0
14GF10.jpg,Normal,14,GF,10,157,49,25,36.8126921158,43.6373628368,38.8043129149,3.37757762959
14GF50.jpg,Normal,14,GF,50,166,53,26,39.1224819333,45.1469540358,41.0385767705,5.30548409728
14GF100.jpg,Normal,14,GF,100,158,51,27,37.3317464151,43.1978828222,38.3408023708,3.52010752036
14GF500.jpg,Normal,14,GF,500,152,50,28,36.0660138398,41.5124497701,36.2133504215,2.21392951505
14VX0.jpg,Normal,14,VX,0,140,47,29,33.3477675542,38.507719478,32.1952677315,0.0
14VX10.jpg,Normal,14,VX,10,126,42,28,29.8540608901,35.5505934327,28.2729210698,3.23695239851
14VX50.jpg,Normal,14,VX,50,117,42,30,28.2015132253,32.1847922438,24.7600551363,5.25182509184
14VX100.jpg,Normal,14,VX,100,105,42,33,26.0687603714,27.5389775668,19.8130697713,8.20703521023
14VX500.jpg,Normal,14,VX,500,65,35,36,17.7070349366,14.4546855839,5.53169507698,19.3006732042
15DMMP0.jpg,Normal,15,DMMP,0,188,183,98,73.1816438489,-10.0908620051,43.5453228359,0.0
15DMMP10.jpg,Normal,15,DMMP,10,192,188,98,74.8603002147,-11.0222821187,45.6454260452,1.46887592353
15DMMP50.jpg,Normal,15,DMMP,50,187,183,94,73.0504362254,-10.8746200509,45.3342398055,0.677438665666
15DMMP100.jpg,Normal,15,DMMP,100,184,179,92,71.6935642166,-10.2300993908,44.6337669626,1.17736538144
15DMMP500.jpg,Normal,15,DMMP,500,190,186,97,74.1445552899,-10.9085616691,45.2365110725,0.970713373214
15GA0.jpg,Normal,15,GA,0,188,183,97,73.1693654117,-10.1847877853,44.0245907309,0.0
15GA10.jpg,Normal,15,GA,10,194,190,101,75.5986554972,-10.95106489,45.1053770087,1.85985286858
15GA50.jpg,Normal,15,GA,50,189,184,96,73.5102589797,-10.3811699157,44.9458145822,0.399407283527
15GA100.jpg,Normal,15,GA,100,187,182,96,72.8039129575,-10.173610707,44.0577293236,0.273485630935
15GA500.jpg,Normal,15,GA,500,190,186,95,74.1209685337,-11.0901182011,46.1828421598,1.05909551244
15GB0.jpg,Normal,15,GB,0,189,184,98,73.5344732607,-10.1957675561,43.991413406,0.0
15GB10.jpg,Normal,15,GB,10,195,191,101,75.9492169091,-11.0544392209,45.5474114566,1.8807051534
15GB50.jpg,Normal,15,GB,50,190,185,97,73.8749167073,-10.3927300421,44.9129605204,0.398746169686
15GB100.jpg,Normal,15,GB,100,187,182,96,72.8039129575,-10.173610707,44.0577293236,0.545578512328
15GB500.jpg,Normal,15,GB,500,192,188,98,74.8603002147,-11.0222821187,45.6454260452,1.17260247914
15GD0.jpg,Normal,15,GD,0,190,185,101,73.9241562936,-10.0161134605,42.997713302,0.0
15GD10.jpg,Normal,15,GD,10,195,191,102,75.9613481734,-10.961221793,45.0724887312,1.6862374683
15GD50.jpg,Normal,15,GD,50,189,184,97,73.5222914241,-10.289004368,44.4693677958,0.579391976192
15GD100.jpg,Normal,15,GD,100,188,183,97,73.1693654117,-10.1847877853,44.0245907309,0.659561991706
15GD500.jpg,Normal,15,GD,500,193,189,100,75.2356315606,-10.9407237081,45.138229464,1.25249769357
15GF0.jpg,Normal,15,GF,0,191,186,100,74.2636622942,-10.2171490346,43.9249671016,0.0
15GF10.jpg,Normal,15,GF,10,197,192,102,76.3936391254,-10.6554627853,45.6330151689,1.65327451695
15GF50.jpg,Normal,15,GF,50,191,186,96,74.2153972739,-10.5867963394,45.8291569972,0.633471506858
15GF100.jpg,Normal,15,GF,100,188,183,96,73.1572375123,-10.2776355077,44.5023680302,0.842780013332
15GF500.jpg,Normal,15,GF,500,194,190,99,75.5746405741,-11.1357167693,46.0534235509,1.23984268352
15VX0.jpg,Normal,15,VX,0,189,185,99,73.8165159838,-10.6182948497,43.8387652252,0.0
15VX10.jpg,Normal,15,VX,10,194,190,100,75.5865758966,-11.043910301,45.5801341187,1.42250883326
15VX50.jpg,Normal,15,VX,50,190,185,96,73.8629785154,-10.4842211629,45.3880754249,0.579241223845
15VX100.jpg,Normal,15,VX,100,187,182,95,72.7918396418,-10.2660642541,44.5353152044,0.85432584627
15VX500.jpg,Normal,15,VX,500,193,188,99,74.9547596591,-10.5188718261,45.2897961204,0.993257554388
16DMMP0.jpg,Normal,16,DMMP,0,190,187,158,75.4245862802,-3.86569160732,15.0987730297,0.0
16DMMP10.jpg,Normal,16,DMMP,10,187,184,152,74.2622535344,-4.33174410572,16.6782085918,1.29086933943
16DMMP50.jpg,Normal,16,DMMP,50,189,186,155,75.0161536101,-4.17599737531,16.1341761607,0.708853646223
16DMMP100.jpg,Normal,16,DMMP,100,191,188,153,75.6644741722,-4.77891124025,18.1376606733,1.84266567208
16DMMP500.jpg,Normal,16,DMMP,500,181,177,141,71.6849712686,-4.55702981294,18.9842316917,3.55419090897
16GA0.jpg,Normal,16,GA,0,189,187,160,75.3878686738,-3.9247403764,13.9558978759,0.0
16GA10.jpg,Normal,16,GA,10,186,184,155,74.2455074439,-4.24492062935,15.0207863799,1.07781342524
16GA50.jpg,Normal,16,GA,50,189,186,153,74.974290642,-4.48082361768,17.154264763,1.92112486843
16GA100.jpg,Normal,16,GA,100,192,188,150,75.6844633478,-4.84274772794,19.7880993345,3.34210313732
16GA500.jpg,Normal,16,GA,500,180,175,127,70.7994451315,-5.8478812341,25.3222267156,6.97064072125
16GB0.jpg,Normal,16,GB,0,190,188,160,75.7317941908,-4.0804691509,14.4508125294,0.0
16GB10.jpg,Normal,16,GB,10,187,184,154,74.3044253783,-4.02496382649,15.656059068,1.28896817783
16GB50.jpg,Normal,16,GB,50,190,187,156,75.3820555177,-4.17455215916,16.1178426041,1.03285801585
16GB100.jpg,Normal,16,GB,100,191,187,151,75.3592434387,-4.55009788501,18.7894158521,2.51054547417
16GB500.jpg,Normal,16,GB,500,180,174,121,70.4252041123,-6.0971731089,28.0351237481,8.02188172875
16GD0.jpg,Normal,16,GD,0,191,188,162,75.8551676516,-3.39352184347,13.5567040784,0.0
16GD10.jpg,Normal,16,GD,10,186,183,156,74.0019225497,-3.55861840236,14.1374799172,1.4062778491
16GD50.jpg,Normal,16,GD,50,189,187,163,75.4540019071,-3.44579304488,12.4277386313,0.801558320308
16GD100.jpg,Normal,16,GD,100,191,189,168,76.2525195007,-2.95457793688,10.8784219727,1.7690243746
16GD500.jpg,Normal,16,GD,500,179,178,174,72.5485634418,-0.386934939614,2.16758631048,9.2269094752
16GF0.jpg,Normal,16,GF,0,189,187,161,75.4097479159,-3.76607866762,13.4464452764,0.0
16GF10.jpg,Normal,16,GF,10,187,184,157,74.3689366657,-3.55718480473,14.1229314055,0.931093020983
16GF50.jpg,Normal,16,GF,50,189,187,162,75.431792274,-3.60642858249,12.9370552014,0.341415534853
16GF100.jpg,Normal,16,GF,100,190,188,166,75.8645505998,-3.11981233512,11.3978624768,1.44534949725
16GF500.jpg,Normal,16,GF,500,179,179,177,72.8907512076,-0.373875763994,1.02179311161,10.082956755
16VX0.jpg,Normal,16,VX,0,189,188,160,75.652348305,-4.45209563442,14.3276785069,0.0
16VX10.jpg,Normal,16,VX,10,188,183,122,73.5225273857,-7.51258616148,31.7023584172,8.72116539156
16VX50.jpg,Normal,16,VX,50,180,170,63,68.6156705047,-9.45443152164,54.4751852952,16.696539027
16VX100.jpg,Normal,16,VX,100,65,70,97,30.3200212622,5.0972500594,-16.5335151623,51.494868829
16VX500.jpg,Normal,16,VX,500,38,30,117,18.4725760857,31.9331706925,-48.4605032639,70.4317269892
17DMMP0.jpg,Normal,17,DMMP,0,191,66,50,45.9156965008,49.2050405034,36.6556253322,0.0
17DMMP10.jpg,Normal,17,DMMP,10,192,68,50,46.411107826,48.6905309836,37.2541849572,0.670242543112
17DMMP50.jpg,Normal,17,DMMP,50,200,72,53,48.4796115525,49.8677365549,38.275898682,2.59387528021
17DMMP100.jpg,Normal,17,DMMP,100,203,73,53,49.1577881311,50.4740683331,39.1712246734,3.33475352887
17DMMP500.jpg,Normal,17,DMMP,500,201,76,56,49.3449347838,48.5928416715,37.6349546308,3.44239268273
17GA0.jpg,Normal,17,GA,0,193,69,53,46.7825925813,48.7396779763,36.0420659796,0.0
17GA10.jpg,Normal,17,GA,10,196,72,55,47.8158068863,48.5653299195,36.2304107193,1.02350021023
17GA50.jpg,Normal,17,GA,50,202,76,58,49.5381689305,49.0397725923,36.7885915612,2.74456492033
17GA100.jpg,Normal,17,GA,100,204,74,57,49.5375889783,50.5665756654,37.4355583492,2.79339093183
17GA500.jpg,Normal,17,GA,500,198,65,69,47.2613470345,52.9568836073,27.5384583623,5.55590399359
17GB0.jpg,Normal,17,GB,0,194,68,54,46.8079598902,49.5650431987,35.5538922058,0.0
17GB10.jpg,Normal,17,GB,10,195,69,53,47.1301146048,49.4335516507,36.5283576621,0.61525418657
17GB50.jpg,Normal,17,GB,50,202,74,56,49.1834331257,49.8271204981,37.4984845023,2.51761719099
17GB100.jpg,Normal,17,GB,100,206,76,56,50.1923848251,50.3431639482,38.8184454509,3.65735114978
17GB500.jpg,Normal,17,GB,500,203,81,52,50.4913752001,46.8569188607,41.166448306,5.17845186142
17GD0.jpg,Normal,17,GD,0,194,67,52,46.6249809589,49.9002785541,36.4733439436,0.0
17GD10.jpg,Normal,17,GD,10,194,67,56,46.6747893743,50.0876397182,34.2636741032,1.17155422412
17GD50.jpg,Normal,17,GD,50,201,65,70,47.8083621555,53.9952631816,27.7430176224,5.68328192655
17GD100.jpg,Normal,17,GD,100,202,62,73,47.6065779304,55.6695224856,25.7355392354,7.06417533893
17GD500.jpg,Normal,17,GD,500,196,60,80,46.3786893885,54.9964774893,19.6968945504,9.86260213773
17GF0.jpg,Normal,17,GF,0,194,68,51,46.7719142372,49.4283444658,37.1962064249,0.0
17GF10.jpg,Normal,17,GF,10,194,65,57,46.376911552,50.9771867211,33.3425105818,2.43232061047
17GF50.jpg,Normal,17,GF,50,200,64,72,47.5178309868,54.1883889795,26.1477456316,6.95945040161
17GF100.jpg,Normal,17,GF,100,202,62,74,47.6237640249,55.7300505529,25.1576694157,7.85293971794
17GF500.jpg,Normal,17,GF,500,198,62,79,46.9995413358,54.7837650783,21.191356473,9.56413531985
17VX0.jpg,Normal,17,VX,0,192,67,50,46.2504995962,49.1221610903,37.0763222515,0.0
17VX10.jpg,Normal,17,VX,10,195,105,38,53.8658293536,31.1882682799,50.8995990536,16.0159919575
17VX50.jpg,Normal,17,VX,50,197,169,37,69.7408478813,-2.69036597923,65.6032783437,43.1547449698
17VX100.jpg,Normal,17,VX,100,199,175,41,71.5308187803,-4.83835035609,66.0426675036,44.9529680546
17VX500.jpg,Normal,17,VX,500,196,173,45,70.7428588562,-4.95545633512,63.9401405543,44.4528703904
18DMMP0.jpg,Normal,18,DMMP,0,211,136,60,63.1664060503,22.1507819523,51.0580192165,0.0
18DMMP10.jpg,Normal,18,DMMP,10,215,140,61,64.5988252877,21.7314458584,52.250991199,1.35007295225
18DMMP50.jpg,Normal,18,DMMP,50,214,140,63,64.4953469286,21.4104045347,51.1850395519,1.21392769498
18DMMP100.jpg,Normal,18,DMMP,100,212,130,65,61.9529751446,26.0630842694,47.4207389653,3.60053587381
18DMMP500.jpg,Normal,18,DMMP,500,215,141,69,64.907028045,21.6168600966,48.8299087715,1.61322150454
18GA0.jpg,Normal,18,GA,0,214,139,59,64.226241684,21.7505566403,52.7326252251,0.0
18GA10.jpg,Normal,18,GA,10,217,142,61,65.3090177902,21.4986487751,53.0669664309,0.926672935423
18GA50.jpg,Normal,18,GA,50,216,138,63,64.2728760128,23.3289905365,51.0222199602,1.44091961139
18GA100.jpg,Normal,18,GA,100,215,127,68,61.6947266708,29.0692156488,45.7632733807,6.84081964926
18GA500.jpg,Normal,18,GA,500,222,125,86,62.4000995806,34.0590167165,37.4554272895,12.5824382237
18GB0.jpg,Normal,18,GB,0,213,138,61,63.8875744449,21.9656089418,51.4301469393,0.0
18GB10.jpg,Normal,18,GB,10,217,142,62,65.3175747201,21.5478781087,52.6221629375,1.33628128047
18GB50.jpg,Normal,18,GB,50,215,139,63,64.3828259971,22.3708358135,51.1021152318,0.532721878345
18GB100.jpg,Normal,18,GB,100,213,130,67,62.1005814544,26.5874920566,46.6385565008,4.50401561281
18GB500.jpg,Normal,18,GB,500,217,138,72,64.4837009017,24.2392376275,46.9668581157,2.84754834795
18GD0.jpg,Normal,18,GD,0,215,139,61,64.3651470134,22.2701336397,52.0063130106,0.0
18GD10.jpg,Normal,18,GD,10,219,139,65,64.8917019745,24.1498150957,50.856627779,1.5188633909
18GD50.jpg,Normal,18,GD,50,221,126,79,62.391330023,32.6767852088,41.1303644793,9.85204611474
18GD100.jpg,Normal,18,GD,100,221,113,86,59.7606651951,39.8598512071,34.1791816298,16.7658667613
18GD500.jpg,Normal,18,GD,500,186,180,169,73.5108858392,0.177019907786,6.36469133874,22.8120708005
18GF0.jpg,Normal,18,GF,0,214,138,61,64.0097230522,22.3874300259,51.5959186682,0.0
18GF10.jpg,Normal,18,GF,10,219,137,66,64.442182622,25.2727912771,49.9002663284,2.24727722421
18GF50.jpg,Normal,18,GF,50,221,123,83,61.7977691849,34.5063084866,38.3025410418,11.7824581417
18GF100.jpg,Normal,18,GF,100,221,112,91,59.6349146088,40.7201971429,31.2452598724,18.1927516002
18GF500.jpg,Normal,18,GF,500,188,180,169,73.6744566844,0.906562397445,6.62105158497,22.3682998471
18VX0.jpg,Normal,18,VX,0,214,138,62,64.0185601082,22.4376748153,51.1434414093,0.0
18VX10.jpg,Normal,18,VX,10,217,142,62,65.3175747201,21.5478781087,52.6221629375,1.44895978627
18VX50.jpg,Normal,18,VX,50,215,139,63,64.3828259971,22.3708358135,51.1021152318,0.304775311428
18VX100.jpg,Normal,18,VX,100,214,130,66,62.2182554975,26.9463775149,47.2957775721,4.15000751432
18VX500.jpg,Normal,18,VX,500,216,136,70,63.8790698333,24.7816860791,47.2413754873,2.65338055491
19DMMP0.jpg,Normal,19,DMMP,0,19,71,147,31.2317931947,13.5650139209,-46.4842577827,0.0
19DMMP10.jpg,Normal,19,DMMP,10,20,73,149,31.9941863194,13.1009307952,-46.4701728132,0.678932303859
19DMMP50.jpg,Normal,19,DMMP,50,20,71,146,31.1828364886,13.2337508672,-45.9512904242,0.132000549823
19DMMP100.jpg,Normal,19,DMMP,100,23,73,147,31.9266262125,12.5424980692,-45.3566885727,0.649375953225
19DMMP500.jpg,Normal,19,DMMP,500,24,76,150,33.0576571034,11.8216202709,-45.3566685114,1.64397593704
19GA0.jpg,Normal,19,GA,0,21,74,149,32.3154326504,12.5016718924,-45.9501011483,0.0
19GA10.jpg,Normal,19,GA,10,23,75,151,32.8046784118,12.81664735,-46.3733217235,0.404112141638
19GA50.jpg,Normal,19,GA,50,23,73,148,31.9979195184,12.9523189208,-45.8512781631,0.43654457019
19GA100.jpg,Normal,19,GA,100,25,75,149,32.717389673,12.1897349743,-45.2962422723,0.359413016401
19GA500.jpg,Normal,19,GA,500,23,76,151,33.1015211541,12.1371811328,-45.8942755328,0.669262550979
19GB0.jpg,Normal,19,GB,0,20,74,149,32.2915485706,12.4176104242,-45.9898531449,0.0
19GB10.jpg,Normal,19,GB,10,22,74,150,32.4115628679,12.9991867639,-46.4018816298,0.265273367931
19GB50.jpg,Normal,19,GB,50,22,74,150,32.4115628679,12.9991867639,-46.4018816298,0.265273367931
19GB100.jpg,Normal,19,GB,100,24,75,149,32.6899996373,12.0925187241,-45.3418032513,0.354029934871
19GB500.jpg,Normal,19,GB,500,24,77,153,33.5641808573,12.3666819967,-46.3586895467,1.0412418689
19GD0.jpg,Normal,19,GD,0,20,74,150,32.3629893067,12.8297155356,-46.4827436359,0.0
19GD10.jpg,Normal,19,GD,10,22,75,151,32.7793500969,12.7278344198,-46.415476525,0.335245436156
19GD50.jpg,Normal,19,GD,50,23,73,148,31.9979195184,12.9523189208,-45.8512781631,0.481023146251
19GD100.jpg,Normal,19,GD,100,27,77,150,33.4388565262,11.4441682407,-44.7381089447,0.975205497423
19GD500.jpg,Normal,19,GD,500,25,80,152,34.4159880162,10.0324830137,-44.3800879688,2.02434605837
19GF0.jpg,Normal,19,GF,0,20,73,148,31.9222621815,12.6884608658,-45.9772191665,0.0
19GF10.jpg,Normal,19,GF,10,21,73,150,32.0906211394,13.5960041333,-46.9216912311,0.342249277772
19GF50.jpg,Normal,19,GF,50,22,73,148,31.9717319033,12.8611366278,-45.8948691183,0.161276999817
19GF100.jpg,Normal,19,GF,100,23,74,148,32.2952359409,12.2699148185,-45.3713464726,0.328995931462
19GF500.jpg,Normal,19,GF,500,22,76,151,33.0764983919,12.0481128729,-45.9359042793,1.01505713055
19VX0.jpg,Normal,19,VX,0,19,72,147,31.5290265097,12.8783397807,-46.0037700142,0.0
19VX10.jpg,Normal,19,VX,10,22,74,150,32.4115628679,12.9991867639,-46.4018816298,0.710372582409
19VX50.jpg,Normal,19,VX,50,21,72,148,31.6496621323,13.457776761,-46.4164821429,0.26290263984
19VX100.jpg,Normal,19,VX,100,23,74,148,32.2952359409,12.2699148185,-45.3713464726,0.642468257725
19VX500.jpg,Normal,19,VX,500,22,76,151,33.0764983919,12.0481128729,-45.9359042793,1.34771716574
20DMMP0.jpg,Normal,20,DMMP,0,190,186,173,75.5026159762,-0.892449854224,7.08942414252,0.0
20DMMP10.jpg,Normal,20,DMMP,10,178,177,165,71.9778765539,-1.81627606253,6.26591709398,2.99374245072
20DMMP50.jpg,Normal,20,DMMP,50,186,183,171,74.347281126,-1.08458574731,6.47595799369,1.01332796542
20DMMP100.jpg,Normal,20,DMMP,100,172,169,150,69.0033165793,-2.28292426776,10.1994493473,5.61234350208
20DMMP500.jpg,Normal,20,DMMP,500,174,171,157,69.865936784,-1.43654300642,7.59173559097,4.30096678084
20GA0.jpg,Normal,20,GA,0,189,186,171,75.3749233208,-1.59454745146,7.98123213171,0.0
20GA10.jpg,Normal,20,GA,10,190,187,172,75.7407807771,-1.59368995141,7.97316562284,0.26563725222
20GA50.jpg,Normal,20,GA,50,185,182,168,73.9317012275,-1.42802086846,7.50335759952,1.13097161325
20GA100.jpg,Normal,20,GA,100,171,168,149,68.6304932125,-2.28406619,10.2108188427,5.38010431102
20GA500.jpg,Normal,20,GA,500,179,176,164,71.7682634428,-1.08862999261,6.52355011657,2.94998942847
20GB0.jpg,Normal,20,GB,0,190,186,173,75.5026159762,-0.892449854224,7.08942414252,0.0
20GB10.jpg,Normal,20,GB,10,188,185,171,75.0325516114,-1.42570682626,7.48029642853,0.831933496786
20GB50.jpg,Normal,20,GB,50,176,172,159,70.3428467577,-0.895718622389,7.19452664997,3.85865661009
20GB100.jpg,Normal,20,GB,100,168,165,144,67.4635170094,-2.61821932148,11.2874371586,7.05302409573
20GB500.jpg,Normal,20,GB,500,168,163,141,66.8568736201,-2.02247397841,12.0925696058,7.54841380005
20GD0.jpg,Normal,20,GD,0,189,186,174,75.446946407,-1.08285788403,6.45618651436,0.0
20GD10.jpg,Normal,20,GD,10,190,186,174,75.5267491188,-0.721740999983,6.58127762941,0.519094793932
20GD50.jpg,Normal,20,GD,50,182,179,170,72.9496917791,-0.56431503294,4.96847774957,2.28101295201
20GD100.jpg,Normal,20,GD,100,171,168,155,68.7730325299,-1.2666000495,7.09868873696,5.06490763786
20GD500.jpg,Normal,20,GD,500,173,170,162,69.6419461285,-0.389107441406,4.50058059048,4.7153091438
20GF0.jpg,Normal,20,GF,0,189,186,172,75.3987634531,-1.42493686599,7.47270307579,0.0
20GF10.jpg,Normal,20,GF,10,179,177,164,72.033303825,-1.62574243129,6.90393401056,2.55085131866
20GF50.jpg,Normal,20,GF,50,183,180,168,73.2442666773,-1.08631723358,6.49609885563,1.7938935132
20GF100.jpg,Normal,20,GF,100,174,170,156,69.5753734981,-1.06733577396,7.72740540161,4.40869477925
20GF500.jpg,Normal,20,GF,500,171,168,158,68.8468308582,-0.743393396673,5.54511655417,5.22704008992
20VX0.jpg,Normal,20,VX,0,183,179,151,72.5895855865,-3.34410266023,14.8357627358,0.0
20VX10.jpg,Normal,20,VX,10,191,185,121,74.289399634,-7.47695324665,33.2710871147,9.07812796919
20VX50.jpg,Normal,20,VX,50,179,175,93,70.2005142834,-10.1363257218,42.2470925948,12.3338410552
20VX100.jpg,Normal,20,VX,100,178,171,109,69.2524442654,-6.76661476159,32.8329212068,9.12680158179
20VX500.jpg,Normal,20,VX,500,190,186,173,75.5026159762,-0.892449854224,7.08942414252,6.09867504811
21DMMP0.jpg,Normal,21,DMMP,0,47,7,142,18.8370984087,50.3408862377,-63.6708186604,0.0
21DMMP10.jpg,Normal,21,DMMP,10,44,7,138,18.0168700185,49.0901349941,-62.5383358998,0.668243595537
21DMMP50.jpg,Normal,21,DMMP,50,47,4,147,19.2120453679,52.4841293982,-66.1603837514,0.731890643835
21DMMP100.jpg,Normal,21,DMMP,100,47,8,142,18.9299122484,50.0591123515,-63.5165817899,0.107001652802
21DMMP500.jpg,Normal,21,DMMP,500,49,6,146,19.4654084743,51.7898266185,-65.1123387782,0.608295987803
21GA0.jpg,Normal,21,GA,0,47,7,143,18.9659354721,50.6045162861,-64.0807516885,0.0
21GA10.jpg,Normal,21,GA,10,47,8,140,18.6742337282,49.527209875,-62.6910179703,0.430075511124
21GA50.jpg,Normal,21,GA,50,51,7,147,19.8897366518,51.9058033957,-65.0222210507,0.736211190819
21GA100.jpg,Normal,21,GA,100,48,8,142,19.0321659689,50.1250831881,-63.3437791277,0.206105672553
21GA500.jpg,Normal,21,GA,500,48,5,148,19.5333819163,52.5212032425,-66.2434587944,0.715073392302
21GB0.jpg,Normal,21,GB,0,48,6,144,19.1048606184,51.2085160937,-64.4702626865,0.0
21GB10.jpg,Normal,21,GB,10,45,6,140,18.280835051,49.9770819877,-63.3505777339,0.666599997385
21GB50.jpg,Normal,21,GB,50,50,5,149,19.8662711509,52.8938263971,-66.3037721199,0.734062916985
21GB100.jpg,Normal,21,GB,100,47,6,144,19.0030318004,51.1477051942,-64.6424024516,0.115208051336
21GB500.jpg,Normal,21,GB,500,50,4,151,20.0381713357,53.6709224919,-67.2547447563,0.998648782574
21GD0.jpg,Normal,21,GD,0,50,7,146,19.6581881781,51.5810888915,-64.7890301024,0.0
21GD10.jpg,Normal,21,GD,10,46,6,141,18.5120932998,50.3010560496,-63.5890150571,0.869586395234
21GD50.jpg,Normal,21,GD,50,50,5,150,19.9955102943,53.1499189595,-66.7076417344,0.565676863753
21GD100.jpg,Normal,21,GD,100,46,6,143,18.7724692232,50.8261387199,-64.4052016248,0.650765582906
21GD500.jpg,Normal,21,GD,500,30,8,145,17.8879331528,49.9962690617,-67.1604278143,1.97701515276
21GF0.jpg,Normal,21,GF,0,50,8,146,19.7467927208,51.3120192687,-64.6418207265,0.0
21GF10.jpg,Normal,21,GF,10,46,7,139,18.3484919344,49.4833570376,-62.6087540028,1.11869091336
21GF50.jpg,Normal,21,GF,50,50,6,149,19.9538543272,52.626770431,-66.1581624239,0.439665399041
21GF100.jpg,Normal,21,GF,100,48,7,143,19.0679795286,50.6678829754,-63.9082753876,0.50979581487
21GF500.jpg,Normal,21,GF,500,46,6,147,19.295400212,51.8736742738,-66.0244263421,0.515165457313
21VX0.jpg,Normal,21,VX,0,49,6,144,19.2084064895,51.2707954339,-64.2952405277,0.0
21VX10.jpg,Normal,21,VX,10,45,6,140,18.280835051,49.9770819877,-63.3505777339,0.73485255763
21VX50.jpg,Normal,21,VX,50,50,4,150,19.9081304532,53.4168430603,-66.8529527984,0.843850482407
21VX100.jpg,Normal,21,VX,100,48,6,143,18.9758979797,50.9479086195,-64.0613081476,0.184241363143
21VX500.jpg,Normal,21,VX,500,52,5,150,20.2030131809,53.2689164535,-66.3568563797,0.906887848445
22DMMP0.jpg,Normal,22,DMMP,0,189,189,187,76.5588565115,-0.370307639955,1.01167810834,0.0
22DMMP10.jpg,Normal,22,DMMP,10,191,191,190,77.3141279731,-0.186240914466,0.506601855572,0.773666496899
22DMMP50.jpg,Normal,22,DMMP,50,190,190,189,76.9497142204,-0.186411306399,0.507079874959,0.620291074101
22DMMP100.jpg,Normal,22,DMMP,100,186,186,184,75.4623022542,-0.371355720034,1.01464777077,0.792018801201
22DMMP500.jpg,Normal,22,DMMP,500,191,191,189,77.2880902021,-0.369619117494,1.0097278705,0.521483842471
22GA0.jpg,Normal,22,GA,0,189,189,188,76.5849429447,-0.186582728487,0.507560789963,0.0
22GA10.jpg,Normal,22,GA,10,192,192,191,77.6781862951,-0.186071541765,0.50612670071,0.780023325889
22GA50.jpg,Normal,22,GA,50,191,191,190,77.3141279731,-0.186240914466,0.506601855572,0.521298279764
22GA100.jpg,Normal,22,GA,100,187,187,185,75.8281836966,-0.371004291506,1.01365188949,0.778196349164
22GA500.jpg,Normal,22,GA,500,194,193,193,78.1455480725,0.345020003738,0.126235927042,1.41670614409
22GB0.jpg,Normal,22,GB,0,189,189,188,76.5849429447,-0.186582728487,0.507560789963,0.0
22GB10.jpg,Normal,22,GB,10,192,192,191,77.6781862951,-0.186071541765,0.50612670071,0.780023325889
22GB50.jpg,Normal,22,GB,50,190,190,190,76.9759418332,-0.00196767379196,0.00372979495296,0.632797429039
22GB100.jpg,Normal,22,GB,100,186,186,185,75.4884627143,-0.187103287471,0.509021227031,0.791733361214
22GB500.jpg,Normal,22,GB,500,194,193,193,78.1455480725,0.345020003738,0.126235927042,1.41670614409
22GD0.jpg,Normal,22,GD,0,189,189,189,76.6111959353,-0.00195995458063,0.00371516291611,0.0
22GD10.jpg,Normal,22,GD,10,193,193,192,78.0418912561,-0.185903177542,0.505654379766,1.16501893752
22GD50.jpg,Normal,22,GD,50,191,191,191,77.3403303545,-0.00197538544011,0.00374441265343,0.521112562162
22GD100.jpg,Normal,22,GD,100,188,188,186,76.1937010614,-0.37065493881,1.01266202387,1.16081751411
22GD500.jpg,Normal,22,GD,500,194,194,193,78.4052449042,-0.185735811208,0.505184862604,1.39437062148
22GF0.jpg,Normal,22,GF,0,189,189,188,76.5849429447,-0.186582728487,0.507560789963,0.0
22GF10.jpg,Normal,22,GF,10,190,190,189,76.9497142204,-0.186411306399,0.507079874959,0.261294134589
22GF50.jpg,Normal,22,GF,50,190,189,188,76.6627984141,0.162619409482,0.630506409335,0.537314905779
22GF100.jpg,Normal,22,GF,100,188,187,185,75.906240281,-0.0202624648554,1.13684147947,0.819520015517
22GF500.jpg,Normal,22,GF,500,192,192,191,77.6781862951,-0.186071541765,0.50612670071,0.780023325889
22VX0.jpg,Normal,22,VX,0,189,189,189,76.6111959353,-0.00195995458063,0.00371516291611,0.0
22VX10.jpg,Normal,22,VX,10,191,191,190,77.3141279731,-0.186240914466,0.506601855572,0.757160688382
22VX50.jpg,Normal,22,VX,50,191,191,189,77.2880902021,-0.369619117494,1.0097278705,1.21838191105
22VX100.jpg,Normal,22,VX,100,188,187,185,75.906240281,-0.0202624648554,1.13684147947,1.21617826525
22VX500.jpg,Normal,22,VX,500,193,193,191,78.0159016089,-0.368938554823,1.00780067184,1.49873371786
23DMMP0.jpg,Normal,23,DMMP,0,187,187,186,75.8543193413,-0.186928707668,0.508531433656,0.0
23DMMP10.jpg,Normal,23,DMMP,10,187,187,185,75.8281836966,-0.371004291506,1.01365188949,0.554330282544
23DMMP50.jpg,Normal,23,DMMP,50,184,184,183,74.7556488833,-0.187455685634,0.510009922469,0.799742913999
23DMMP100.jpg,Normal,23,DMMP,100,183,183,181,74.3624514737,-0.372422685685,1.01767217998,1.22318744853
23DMMP500.jpg,Normal,23,DMMP,500,188,188,187,76.219812031,-0.186755191821,0.508044632166,0.263909548645
23GA0.jpg,Normal,23,GA,0,190,190,188,76.9236521863,-0.369962373291,1.01070007839,0.0
23GA10.jpg,Normal,23,GA,10,189,188,187,76.2977456432,0.162797588653,0.631113253304,0.978296070139
23GA50.jpg,Normal,23,GA,50,186,186,184,75.4623022542,-0.371355720034,1.01464777077,1.05339303377
23GA100.jpg,Normal,23,GA,100,184,183,182,74.4670187613,0.163704780514,0.634203817608,1.98131926927
23GA500.jpg,Normal,23,GA,500,190,190,188,76.9236521863,-0.369962373291,1.01070007839,0.0
23GB0.jpg,Normal,23,GB,0,189,189,187,76.5588565115,-0.370307639955,1.01167810834,0.0
23GB10.jpg,Normal,23,GB,10,188,188,187,76.219812031,-0.186755191821,0.508044632166,0.603856784626
23GB50.jpg,Normal,23,GB,50,187,187,185,75.8281836966,-0.371004291506,1.01365188949,0.52669183223
23GB100.jpg,Normal,23,GB,100,185,184,183,74.8338998481,0.163521127575,0.633578052677,1.52309671136
23GB500.jpg,Normal,23,GB,500,191,191,189,77.2880902021,-0.369619117494,1.0097278705,0.521483842471
23GD0.jpg,Normal,23,GD,0,190,190,189,76.9497142204,-0.186411306399,0.507079874959,0.0
23GD10.jpg,Normal,23,GD,10,190,189,188,76.6627984141,0.162619409482,0.630506409335,0.572398371638
23GD50.jpg,Normal,23,GD,50,189,189,187,76.5588565115,-0.370307639955,1.01167810834,0.620291074101
23GD100.jpg,Normal,23,GD,100,186,186,185,75.4884627143,-0.187103287471,0.509021227031,1.05301436355
23GD500.jpg,Normal,23,GD,500,191,190,189,77.0274920148,0.162442288194,0.629903226344,0.536759259486
23GF0.jpg,Normal,23,GF,0,190,189,187,76.6367558168,-0.0202790520906,1.13462100553,0.0
23GF10.jpg,Normal,23,GF,10,189,189,187,76.5588565115,-0.370307639955,1.01167810834,0.534844518459
23GF50.jpg,Normal,23,GF,50,188,188,186,76.1937010614,-0.37065493881,1.01266202387,0.620262096074
23GF100.jpg,Normal,23,GF,100,184,184,183,74.7556488833,-0.187455685634,0.510009922469,1.51212904587
23GF500.jpg,Normal,23,GF,500,189,189,188,76.5849429447,-0.186582728487,0.507560789963,0.656766406121
23VX0.jpg,Normal,23,VX,0,188,188,186,76.1937010614,-0.37065493881,1.01266202387,0.0
23VX10.jpg,Normal,23,VX,10,188,188,186,76.1937010614,-0.37065493881,1.01266202387,0.0
23VX50.jpg,Normal,23,VX,50,186,185,184,75.2004108635,0.163338594659,0.632956156299,1.12984490699
23VX100.jpg,Normal,23,VX,100,184,184,183,74.7556488833,-0.187455685634,0.510009922469,1.18135074045
23VX500.jpg,Normal,23,VX,500,191,191,189,77.2880902021,-0.369619117494,1.0097278705,0.784166721481
24DMMP0.jpg,Normal,24,DMMP,0,183,183,181,74.3624514737,-0.372422685685,1.01767217998,0.0
24DMMP10.jpg,Normal,24,DMMP,10,188,188,186,76.1937010614,-0.37065493881,1.01266202387,1.33340662399
24DMMP50.jpg,Normal,24,DMMP,50,186,186,185,75.4884627143,-0.187103287471,0.509021227031,0.994298161304
24DMMP100.jpg,Normal,24,DMMP,100,184,184,182,74.7294383659,-0.372064894262,1.01665784778,0.26940451596
24DMMP500.jpg,Normal,24,DMMP,500,187,187,185,75.8281836966,-0.371004291506,1.01365188949,1.06942474405
24GA0.jpg,Normal,24,GA,0,183,183,181,74.3624514737,-0.372422685685,1.01767217998,0.0
24GA10.jpg,Normal,24,GA,10,188,188,186,76.1937010614,-0.37065493881,1.01266202387,1.33340662399
24GA50.jpg,Normal,24,GA,50,188,188,186,76.1937010614,-0.37065493881,1.01266202387,1.33340662399
24GA100.jpg,Normal,24,GA,100,184,184,182,74.7294383659,-0.372064894262,1.01665784778,0.26940451596
24GA500.jpg,Normal,24,GA,500,186,186,184,75.4623022542,-0.371355720034,1.01464777077,0.804104936055
24GB0.jpg,Normal,24,GB,0,182,181,180,73.7321373351,0.164075498934,0.635467128086,0.0
24GB10.jpg,Normal,24,GB,10,187,187,185,75.8281836966,-0.371004291506,1.01365188949,1.7649301166
24GB50.jpg,Normal,24,GB,50,188,188,186,76.1937010614,-0.37065493881,1.01266202387,1.99833710786
24GB100.jpg,Normal,24,GB,100,185,185,183,75.0960545476,-0.371709246725,1.0156497343,1.32973594485
24GB500.jpg,Normal,24,GB,500,187,186,185,75.5665540359,0.16315716892,0.632338085615,1.34508055164
24GD0.jpg,Normal,24,GD,0,183,183,181,74.3624514737,-0.372422685685,1.01767217998,0.0
24GD10.jpg,Normal,24,GD,10,188,188,187,76.219812031,-0.186755191821,0.508044632166,1.46315114976
24GD50.jpg,Normal,24,GD,50,188,188,186,76.1937010614,-0.37065493881,1.01266202387,1.33340662399
24GD100.jpg,Normal,24,GD,100,186,186,185,75.4884627143,-0.187103287471,0.509021227031,0.994298161304
24GD500.jpg,Normal,24,GD,500,188,188,186,76.1937010614,-0.37065493881,1.01266202387,1.33340662399
24GF0.jpg,Normal,24,GF,0,183,183,181,74.3624514737,-0.372422685685,1.01767217998,0.0
24GF10.jpg,Normal,24,GF,10,187,187,186,75.8543193413,-0.186928707668,0.508531433656,1.22318744853
24GF50.jpg,Normal,24,GF,50,188,188,186,76.1937010614,-0.37065493881,1.01266202387,1.33340662399
24GF100.jpg,Normal,24,GF,100,185,185,184,75.1222399648,-0.187278942856,0.509514045416,0.787559459042
24GF500.jpg,Normal,24,GF,500,187,187,185,75.8281836966,-0.371004291506,1.01365188949,1.06942474405
24VX0.jpg,Normal,24,VX,0,183,182,181,74.0997653499,0.163889566538,0.634833494651,0.0
24VX10.jpg,Normal,24,VX,10,186,186,184,75.4623022542,-0.371355720034,1.01464777077,1.32531820882
24VX50.jpg,Normal,24,VX,50,185,185,183,75.0960545476,-0.371709246725,1.0156497343,1.13887356523
24VX100.jpg,Normal,24,VX,100,182,182,181,74.0213527639,-0.187812481562,0.511010989964,0.541306352484
24VX500.jpg,Normal,24,VX,500,184,184,183,74.7556488833,-0.187455685634,0.510009922469,0.722344611444
25DMMP0.jpg,Normal,25,DMMP,0,182,182,181,74.0213527639,-0.187812481562,0.511010989964,0.0
25DMMP10.jpg,Normal,25,DMMP,10,187,187,185,75.8281836966,-0.371004291506,1.01365188949,1.43121517591
25DMMP50.jpg,Normal,25,DMMP,50,186,186,184,75.4623022542,-0.371355720034,1.01464777077,1.19126556562
25DMMP100.jpg,Normal,25,DMMP,100,183,183,182,74.388687236,-0.187633527805,0.510508892397,0.270690082529
25DMMP500.jpg,Normal,25,DMMP,500,186,186,184,75.4623022542,-0.371355720034,1.01464777077,1.19126556562
25GA0.jpg,Normal,25,GA,0,190,190,188,76.9236521863,-0.369962373291,1.01070007839,0.0
25GA10.jpg,Normal,25,GA,10,189,188,187,76.2977456432,0.162797588653,0.631113253304,0.978296070139
25GA50.jpg,Normal,25,GA,50,190,189,188,76.6627984141,0.162619409482,0.630506409335,0.888964456944
25GA100.jpg,Normal,25,GA,100,182,182,180,73.9950916105,-0.3727826444,1.01869280081,2.12812793666
25GA500.jpg,Normal,25,GA,500,190,190,188,76.9236521863,-0.369962373291,1.01070007839,0.0
25GB0.jpg,Normal,25,GB,0,189,189,187,76.5588565115,-0.370307639955,1.01167810834,0.0
25GB10.jpg,Normal,25,GB,10,185,185,184,75.1222399648,-0.187278942856,0.509514045416,1.17647366258
25GB50.jpg,Normal,25,GB,50,189,189,187,76.5588565115,-0.370307639955,1.01167810834,0.0
25GB100.jpg,Normal,25,GB,100,187,187,186,75.8543193413,-0.186928707668,0.508531433656,0.749942152902
25GB500.jpg,Normal,25,GB,500,186,186,185,75.4884627143,-0.187103287471,0.509021227031,0.94948348762
25GD0.jpg,Normal,25,GD,0,184,184,182,74.7294383659,-0.372064894262,1.01665784778,0.0
25GD10.jpg,Normal,25,GD,10,188,188,187,76.219812031,-0.186755191821,0.508044632166,1.21804965571
25GD50.jpg,Normal,25,GD,50,182,182,181,74.0213527639,-0.187812481562,0.511010989964,0.76072075395
25GD100.jpg,Normal,25,GD,100,187,187,185,75.8281836966,-0.371004291506,1.01365188949,0.800034240132
25GD500.jpg,Normal,25,GD,500,187,187,186,75.8543193413,-0.186928707668,0.508531433656,0.990543844837
25GF0.jpg,Normal,25,GF,0,185,184,183,74.8338998481,0.163521127575,0.633578052677,0.0
25GF10.jpg,Normal,25,GF,10,187,187,186,75.8543193413,-0.186928707668,0.508531433656,0.916109240495
25GF50.jpg,Normal,25,GF,50,191,191,189,77.2880902021,-0.369619117494,1.0097278705,1.97294697692
25GF100.jpg,Normal,25,GF,100,185,185,184,75.1222399648,-0.187278942856,0.509514045416,0.576796405999
25GF500.jpg,Normal,25,GF,500,186,186,184,75.4623022542,-0.371355720034,1.01464777077,0.985507339716
25VX0.jpg,Normal,25,VX,0,190,190,189,76.9497142204,-0.186411306399,0.507079874959,0.0
25VX10.jpg,Normal,25,VX,10,186,186,184,75.4623022542,-0.371355720034,1.01464777077,1.20793911496
25VX50.jpg,Normal,25,VX,50,183,183,182,74.388687236,-0.187633527805,0.510508892397,1.85672980264
25VX100.jpg,Normal,25,VX,100,182,182,180,73.9950916105,-0.3727826444,1.01869280081,2.21883919329
25VX500.jpg,Normal,25,VX,500,184,184,182,74.7294383659,-0.372064894262,1.01665784778,1.70108147636
26DMMP0.jpg,Normal,26,DMMP,0,182,177,146,71.8696870294,-3.42695010634,16.5376396537,0.0
26DMMP10.jpg,Normal,26,DMMP,10,183,178,147,72.2387423775,-3.42665821726,16.5201203981,0.278885456777
26DMMP50.jpg,Normal,26,DMMP,50,181,176,146,71.5212940162,-3.27504068061,16.0400784806,0.40661416769
26DMMP100.jpg,Normal,26,DMMP,100,184,179,148,72.6074173478,-3.4263475748,16.5027086332,0.556299950829
26DMMP500.jpg,Normal,26,DMMP,500,182,177,149,71.9333636291,-2.96714981522,14.9936661094,0.970921544417
26GA0.jpg,Normal,26,GA,0,181,176,144,71.4793783842,-3.5783399088,17.0704299923,0.0
26GA10.jpg,Normal,26,GA,10,185,181,149,73.2412312754,-3.95669218067,16.8550224851,1.40243946007
26GA50.jpg,Normal,26,GA,50,180,176,144,71.3973750429,-3.96074936325,16.9440426928,0.443656670292
26GA100.jpg,Normal,26,GA,100,183,178,146,72.2178563122,-3.57784890536,17.0342184374,0.559390072126
26GA500.jpg,Normal,26,GA,500,178,174,142,70.6571497743,-3.96225627518,16.9804258065,0.763020561092
26GB0.jpg,Normal,26,GB,0,182,177,145,71.8488085918,-3.57810476059,17.0522684427,0.0
26GB10.jpg,Normal,26,GB,10,186,181,149,73.3227277349,-3.57696193808,16.9807258552,1.10704002214
26GB50.jpg,Normal,26,GB,50,183,179,147,72.5048268389,-3.95836256998,16.890304329,0.665684505451
26GB100.jpg,Normal,26,GB,100,185,181,149,73.2412312754,-3.95669218067,16.8550224851,1.13938699286
26GB500.jpg,Normal,26,GB,500,180,175,144,71.1304258307,-3.427475778,16.5730053358,0.620568568951
26GD0.jpg,Normal,26,GD,0,183,177,145,71.9311420513,-3.19573753262,17.1791599109,0.0
26GD10.jpg,Normal,26,GD,10,187,183,151,73.9761396162,-3.95496227545,16.8201649369,1.77434906782
26GD50.jpg,Normal,26,GD,50,186,181,150,73.3436353695,-3.42567180717,16.4682029797,1.18378340181
26GD100.jpg,Normal,26,GD,100,187,182,151,73.7111829656,-3.42530754312,16.451106835,1.43642453952
26GD500.jpg,Normal,26,GD,500,181,176,145,71.5002489677,-3.4272227834,16.5552675703,0.584386932464
26GF0.jpg,Normal,26,GF,0,183,178,146,72.2178563122,-3.57784890536,17.0342184374,0.0
26GF10.jpg,Normal,26,GF,10,185,181,149,73.2412312754,-3.95669218067,16.8550224851,0.888332094127
26GF50.jpg,Normal,26,GF,50,185,180,149,72.9757142502,-3.42601862611,16.4854032059,0.657683660402
26GF100.jpg,Normal,26,GF,100,187,182,150,73.6902685649,-3.57662803547,16.9631102799,1.10125989254
26GF500.jpg,Normal,26,GF,500,186,181,150,73.3436353695,-3.42567180717,16.4682029797,0.908762524343
26VX0.jpg,Normal,26,VX,0,185,180,148,72.9548135907,-3.57727702216,16.9984483098,0.0
26VX10.jpg,Normal,26,VX,10,184,179,147,72.5865238767,-3.57757283325,17.0162787846,0.276032222111
26VX50.jpg,Normal,26,VX,50,183,178,147,72.2387423775,-3.42665821726,16.5201203981,0.612915913085
26VX100.jpg,Normal,26,VX,100,186,181,150,73.3436353695,-3.42567180717,16.4682029797,0.432590056392
26VX500.jpg,Normal,26,VX,500,190,185,154,74.8116068488,-3.42411417559,16.4004319345,1.41873915375
27DMMP0.jpg,Normal,27,DMMP,0,175,174,172,71.1216337392,-0.0201415315908,1.1519622653,0.0
27DMMP10.jpg,Normal,27,DMMP,10,177,176,174,71.8619274178,-0.0201617555819,1.14955452166,0.562702009077
27DMMP50.jpg,Normal,27,DMMP,50,174,173,171,70.7508972224,-0.0201311763507,1.15317785545,0.283631835037
27DMMP100.jpg,Normal,27,DMMP,100,181,181,178,73.6012445035,-0.557350510569,1.52820154158,2.05335690593
27DMMP500.jpg,Normal,27,DMMP,500,181,180,177,73.3117757128,-0.203713383775,1.65383430309,1.73752283387
27GA0.jpg,Normal,27,GA,0,173,173,171,70.6716832675,-0.376123853848,1.02817350064,0.0
27GA10.jpg,Normal,27,GA,10,176,175,173,71.4919763049,-0.0201517235173,1.15075451785,0.827285904518
27GA50.jpg,Normal,27,GA,50,174,174,172,71.0425059212,-0.375743272056,1.0270929382,0.283961074363
27GA100.jpg,Normal,27,GA,100,181,180,178,73.3378663045,-0.0202003513595,1.14483027451,2.08539989456
27GA500.jpg,Normal,27,GA,500,169,169,165,69.1317513319,-0.749449328043,2.06291195116,1.61575882718
27GB0.jpg,Normal,27,GB,0,173,173,171,70.6716832675,-0.376123853848,1.02817350064,0.0
27GB10.jpg,Normal,27,GB,10,178,177,174,72.2053251526,-0.204206297555,1.65896577036,1.3366532985
27GB50.jpg,Normal,27,GB,50,173,173,171,70.6716832675,-0.376123853848,1.02817350064,0.0
27GB100.jpg,Normal,27,GB,100,180,180,177,73.2331072071,-0.557892126778,1.52976155894,2.00931217191
27GB500.jpg,Normal,27,GB,500,180,179,176,72.9433415359,-0.203876860625,1.65553402517,1.83906335956
27GD0.jpg,Normal,27,GD,0,174,173,172,70.7773453948,0.165605899444,0.640684187927,0.0
27GD10.jpg,Normal,27,GD,10,177,176,174,71.8619274178,-0.0201617555819,1.14955452166,1.00017222452
27GD50.jpg,Normal,27,GD,50,172,171,170,70.0347337945,0.166000966054,0.642031349389,0.57168367081
27GD100.jpg,Normal,27,GD,100,181,181,178,73.6012445035,-0.557350510569,1.52820154158,2.52290616136
27GD500.jpg,Normal,27,GD,500,178,177,174,72.2053251526,-0.204206297555,1.65896577036,1.55459624008
27GF0.jpg,Normal,27,GF,0,177,176,174,71.8619274178,-0.0201617555819,1.14955452166,0.0
27GF10.jpg,Normal,27,GF,10,177,177,174,72.1264055573,-0.559536693538,1.53450082271,0.886038315193
27GF50.jpg,Normal,27,GF,50,175,174,171,71.0953942846,-0.204706764362,1.66419603078,0.803390490033
27GF100.jpg,Normal,27,GF,100,183,182,179,74.0475078364,-0.203388879554,1.65046655072,1.72077488292
27GF500.jpg,Normal,27,GF,500,183,182,179,74.0475078364,-0.203388879554,1.65046655072,1.72077488292
27VX0.jpg,Normal,27,VX,0,176,176,174,71.7829702041,-0.37498926852,1.02495264996,0.0
27VX10.jpg,Normal,27,VX,10,178,177,174,72.2053251526,-0.204206297555,1.65896577036,0.728521282109
27VX50.jpg,Normal,27,VX,50,174,171,159,69.9144974296,-1.09152419569,6.55886884255,5.00254368595
27VX100.jpg,Normal,27,VX,100,186,180,161,73.3213593777,-1.16028720183,10.4582917594,7.62578678482
27VX500.jpg,Normal,27,VX,500,188,181,160,73.7254389531,-1.11271109133,11.5985734347,8.39513945982
28DMMP0.jpg,Normal,28,DMMP,0,194,193,191,78.0934919603,-0.0203108127635,1.13025892123,0.0
28DMMP10.jpg,Normal,28,DMMP,10,192,192,190,77.6521726525,-0.369277851565,1.00876142217,0.615273457835
28DMMP50.jpg,Normal,28,DMMP,50,191,191,189,77.2880902021,-0.369619117494,1.0097278705,0.779441557787
28DMMP100.jpg,Normal,28,DMMP,100,188,188,186,76.1937010614,-0.37065493881,1.01266202387,1.45568820865
28DMMP500.jpg,Normal,28,DMMP,500,194,194,192,78.3792791204,-0.368601206896,1.00684555893,0.566589395242
28GA0.jpg,Normal,28,GA,0,185,185,184,75.1222399648,-0.187278942856,0.509514045416,0.0
28GA10.jpg,Normal,28,GA,10,183,183,181,74.3624514737,-0.372422685685,1.01767217998,0.787559459042
28GA50.jpg,Normal,28,GA,50,193,193,191,78.0159016089,-0.368938554823,1.00780067184,2.14799442306
28GA100.jpg,Normal,28,GA,100,189,189,187,76.5588565115,-0.370307639955,1.01167810834,1.17647366258
28GA500.jpg,Normal,28,GA,500,187,186,184,75.540438197,-0.0202539859321,1.13796182761,0.724338425762
28GB0.jpg,Normal,28,GB,0,184,184,183,74.7556488833,-0.187455685634,0.510009922469,0.0
28GB10.jpg,Normal,28,GB,10,189,188,186,76.2716787684,-0.0202708194005,1.1357278967,1.28109458637
28GB50.jpg,Normal,28,GB,50,195,194,192,78.4567933714,-0.0203184720443,1.1291844211,2.73406181569
28GB100.jpg,Normal,28,GB,100,189,189,187,76.5588565115,-0.370307639955,1.01167810834,1.41855319149
28GB500.jpg,Normal,28,GB,500,190,190,188,76.9236521863,-0.369962373291,1.01070007839,1.662188884
28GD0.jpg,Normal,28,GD,0,182,182,181,74.0213527639,-0.187812481562,0.511010989964,0.0
28GD10.jpg,Normal,28,GD,10,192,191,189,77.36583411,-0.0202951617102,1.1324270086,2.51006134447
28GD50.jpg,Normal,28,GD,50,192,191,190,77.3918285549,0.162266212964,0.629303664764,2.50039781332
28GD100.jpg,Normal,28,GD,100,190,189,188,76.6627984141,0.162619409482,0.630506409335,1.99515400268
28GD500.jpg,Normal,28,GD,500,193,192,190,77.7298395545,-0.0203030434012,1.13133976099,2.76024352261
28GF0.jpg,Normal,28,GF,0,184,184,182,74.7294383659,-0.372064894262,1.01665784778,0.0
28GF10.jpg,Normal,28,GF,10,193,192,190,77.7298395545,-0.0203030434012,1.13133976099,2.22654507589
28GF50.jpg,Normal,28,GF,50,195,194,192,78.4567933714,-0.0203184720443,1.1291844211,2.72746906555
28GF100.jpg,Normal,28,GF,100,183,183,181,74.3624514737,-0.372422685685,1.01767217998,0.26940451596
28GF500.jpg,Normal,28,GF,500,190,189,188,76.6627984141,0.162619409482,0.630506409335,1.65161750279
28VX0.jpg,Normal,28,VX,0,187,186,184,75.540438197,-0.0202539859321,1.13796182761,0.0
28VX10.jpg,Normal,28,VX,10,189,188,186,76.2716787684,-0.0202708194005,1.1357278967,0.528767227249
28VX50.jpg,Normal,28,VX,50,184,184,182,74.7294383659,-0.372064894262,1.01665784778,0.796910136699
28VX100.jpg,Normal,28,VX,100,192,192,190,77.6521726525,-0.369277851565,1.00876142217,1.6061428071
28VX500.jpg,Normal,28,VX,500,189,189,187,76.5588565115,-0.370307639955,1.01167810834,0.907958415605
29DMMP0.jpg,Normal,29,DMMP,0,219,144,6,65.7670692651,19.8072515921,69.9993469947,0.0
29DMMP10.jpg,Normal,29,DMMP,10,224,147,5,67.0738254558,20.3427616096,71.3109911195,1.10945370254
29DMMP50.jpg,Normal,29,DMMP,50,221,147,25,66.7589311782,19.3163134172,67.438220328,1.02201682462
29DMMP100.jpg,Normal,29,DMMP,100,222,146,7,66.6013969784,20.0373817648,70.6046544202,0.693511832111
29DMMP500.jpg,Normal,29,DMMP,500,224,147,6,67.075476899,20.3524071432,71.1775326644,1.10527041242
29GA0.jpg,Normal,29,GA,0,219,143,6,65.5317007379,20.344124619,69.83873171,0.0
29GA10.jpg,Normal,29,GA,10,225,147,6,67.1961585143,20.7815347565,71.3169241193,1.39256753474
29GA50.jpg,Normal,29,GA,50,213,134,10,62.6945970256,22.6412529408,66.9629772887,3.05544820432
29GA100.jpg,Normal,29,GA,100,223,147,6,66.9551544659,19.9225539465,71.0384877378,1.2603485624
29GA500.jpg,Normal,29,GA,500,223,146,7,66.722036339,20.4673539151,70.7443148036,0.991399894568
29GB0.jpg,Normal,29,GB,0,219,143,7,65.5334152422,20.3541029835,69.700784089,0.0
29GB10.jpg,Normal,29,GB,10,225,146,8,66.9660504996,21.3346778559,70.8915934281,1.26077837546
29GB50.jpg,Normal,29,GB,50,214,135,12,63.05623636,22.5545589871,66.9652680307,2.76892513994
29GB100.jpg,Normal,29,GB,100,223,145,9,66.4913342053,21.0217127703,70.3156356666,0.848168353341
29GB500.jpg,Normal,29,GB,500,225,147,9,67.2010980898,20.8102747723,70.9203527291,1.38303378479
29GD0.jpg,Normal,29,GD,0,219,143,7,65.5334152422,20.3541029835,69.700784089,0.0
29GD10.jpg,Normal,29,GD,10,223,140,9,65.3323926923,23.6929120368,69.5170776935,1.9938002156
29GD50.jpg,Normal,29,GD,50,216,137,12,63.7708888113,22.3378992653,67.5843207485,2.15369919781
29GD100.jpg,Normal,29,GD,100,223,145,8,66.4896592899,21.012003418,70.4496064058,0.844490259681
29GD500.jpg,Normal,29,GD,500,225,147,8,67.1994516298,20.8006959521,71.0520399137,1.38738997991
29GF0.jpg,Normal,29,GF,0,220,145,6,66.1234042335,19.7019324148,70.2998083608,0.0
29GF10.jpg,Normal,29,GF,10,225,148,6,67.4302969249,20.2473933155,71.4763433844,1.09954239634
29GF50.jpg,Normal,29,GF,50,219,140,10,64.8370613517,21.993524963,68.8017532894,1.9297507469
29GF100.jpg,Normal,29,GF,100,220,146,11,66.3679732669,19.2151177717,69.788781763,0.319241940299
29GF500.jpg,Normal,29,GF,500,225,148,5,67.428659499,20.2378128551,71.6086463819,1.10363138226
29VX0.jpg,Normal,29,VX,0,220,144,7,65.8896999249,20.2483016225,70.0024019791,0.0
29VX10.jpg,Normal,29,VX,10,225,147,8,67.1994516298,20.8006959521,71.0520399137,1.10010026826
29VX50.jpg,Normal,29,VX,50,217,139,15,64.3671126294,21.7295491244,67.556668243,1.86571602013
29VX100.jpg,Normal,29,VX,100,221,145,11,66.2524756285,20.1823332354,69.7634318077,0.30006837881
29VX500.jpg,Normal,29,VX,500,225,145,11,66.7384164466,21.8974486051,70.3296820317,1.15186732384
B1DMMP0.jpg,UV,1,DMMP,0,35,113,251,50.8378854174,27.9491203267,-74.9752465389,0.0
B1DMMP10.jpg,UV,1,DMMP,10,19,79,247,41.9111812794,47.0114909703,-87.3805970413,10.983930128
B1DMMP50.jpg,UV,1,DMMP,50,22,75,248,41.1793887286,49.8522882375,-89.1470825999,12.0719231908
B1DMMP100.jpg,UV,1,DMMP,100,15,62,241,37.6529480036,54.7479663444,-91.0464947176,15.5792085743
B1DMMP500.jpg,UV,1,DMMP,500,12,60,251,38.3258349559,59.0729120867,-95.5576643072,15.6635446643
B1GA0.jpg,UV,1,GA,0,36,109,250,49.7510629358,30.1599248012,-76.1889752821,0.0
B1GA10.jpg,UV,1,GA,10,24,80,248,42.3163536269,46.927407784,-87.2699209604,9.24931520717
B1GA50.jpg,UV,1,GA,50,20,78,251,42.0915572799,49.0577046375,-89.3218132758,9.73872166676
B1GA100.jpg,UV,1,GA,100,15,55,249,37.2443201351,61.0704464865,-96.2297606901,15.367600061
B1GA500.jpg,UV,1,GA,500,13,49,251,36.4501628691,64.5697545685,-98.6739741636,16.4561948204
B1GB0.jpg,UV,1,GB,0,39,124,252,53.8901136539,21.6818239219,-70.570736827,0.0
B1GB10.jpg,UV,1,GB,10,25,94,250,45.785671518,39.0473693558,-82.6817392198,10.3353329105
B1GB50.jpg,UV,1,GB,50,23,99,252,47.1454431284,36.5655399526,-81.5682298396,8.63408414482
B1GB100.jpg,UV,1,GB,100,20,84,250,43.3424812062,45.0706067016,-86.7005308734,13.4590623945
B1GB500.jpg,UV,1,GB,500,18,80,252,42.5983956634,48.1545431696,-89.0453865846,14.5804258383
B1GD0.jpg,UV,1,GD,0,36,126,252,54.3662886878,20.2336603102,-69.8029141982,0.0
B1GD10.jpg,UV,1,GD,10,27,104,251,48.3797758993,33.2059115951,-78.9900249166,7.7160068164
B1GD50.jpg,UV,1,GD,50,23,101,252,47.6421524365,35.3042449327,-80.7550050911,8.71966605412
B1GD100.jpg,UV,1,GD,100,16,76,249,41.3989543259,49.437629609,-89.348001882,16.5762456015
B1GD500.jpg,UV,1,GD,500,16,77,252,41.9115671271,49.8956498925,-90.1798948036,16.2190123938
B1GF0.jpg,UV,1,GF,0,35,127,251,54.5508078338,19.1702954247,-68.9529022926,0.0
B1GF10.jpg,UV,1,GF,10,23,99,249,46.8983248006,35.4464383031,-80.3020210177,9.82352018855
B1GF50.jpg,UV,1,GF,50,24,100,251,47.3269177409,35.6021790921,-80.7139478469,9.46982188072
B1GF100.jpg,UV,1,GF,100,18,82,248,42.6686067838,45.5143406753,-86.692838033,15.286652512
B1GF500.jpg,UV,1,GF,500,17,80,252,42.5841023898,48.1274723427,-89.0694489829,15.7787996739
B1VX0.jpg,UV,1,VX,0,36,123,250,53.4271637497,21.3524570536,-70.2169304042,0.0
B1VX10.jpg,UV,1,VX,10,21,90,248,44.5833994685,40.661735055,-83.5410976947,11.3352024123
B1VX50.jpg,UV,1,VX,50,25,91,250,45.0641786843,40.9224055831,-83.8660185028,11.006952839
B1VX100.jpg,UV,1,VX,100,17,72,245,40.1529648873,50.4319812583,-89.1615636236,16.6542038563
B1VX500.jpg,UV,1,VX,500,14,62,251,38.7261076956,58.0405748524,-94.8928224442,18.9341049198
B2DMMP0.jpg,UV,2,DMMP,0,18,19,58,8.12644337689,13.8938375645,-25.491831122,0.0
B2DMMP10.jpg,UV,2,DMMP,10,20,23,72,10.7711205258,16.9902207252,-31.0893183087,3.08626143638
B2DMMP50.jpg,UV,2,DMMP,50,20,21,68,9.8157379315,16.8588318536,-29.8483375889,2.32548411079
B2DMMP100.jpg,UV,2,DMMP,100,21,22,66,10.0032946582,15.5012565454,-28.1314442324,1.72557571639
B2DMMP500.jpg,UV,2,DMMP,500,21,25,84,12.5732031439,20.5428711258,-36.3957612574,5.54600213403
B2GA0.jpg,UV,2,GA,0,19,22,64,9.65894156058,14.2718103894,-27.2845798059,0.0
B2GA10.jpg,UV,2,GA,10,21,24,77,11.6092198544,18.4534192239,-33.1816839397,2.90840763306
B2GA50.jpg,UV,2,GA,50,22,24,76,11.5896450171,18.2258713481,-32.5208554586,2.68018552725
B2GA100.jpg,UV,2,GA,100,23,24,75,11.5745456255,18.0103159809,-31.8512694898,2.46634312275
B2GA500.jpg,UV,2,GA,500,23,26,97,14.3083513366,25.2309882998,-42.2788774942,6.82075730185
B2GB0.jpg,UV,2,GB,0,21,24,68,10.7760646447,14.8011905319,-28.2831275229,0.0
B2GB10.jpg,UV,2,GB,10,21,25,80,12.1798317463,18.9319664828,-34.3102764673,2.76420576316
B2GB50.jpg,UV,2,GB,50,22,25,78,12.0616045669,18.2941594685,-33.1283803292,2.29532616453
B2GB100.jpg,UV,2,GB,100,23,26,76,12.238036727,16.934914592,-31.4613386985,1.6966772313
B2GB500.jpg,UV,2,GB,500,21,26,86,13.0452622254,20.6253055762,-36.9797262082,3.94097625885
B2GD0.jpg,UV,2,GD,0,20,23,69,10.4909349866,15.765121788,-29.4506934068,0.0
B2GD10.jpg,UV,2,GD,10,25,31,103,16.3329167556,24.3740030431,-42.9131454944,6.51845736162
B2GD50.jpg,UV,2,GD,50,27,33,103,16.9869143796,23.2536314663,-41.8367418997,6.49273413022
B2GD100.jpg,UV,2,GD,100,27,32,98,16.2431133385,22.003083264,-39.7602040371,5.60301493114
B2GD500.jpg,UV,2,GD,500,25,35,116,18.6669565667,26.6808680288,-47.5307979756,8.69154912339
B2GF0.jpg,UV,2,GF,0,20,22,68,10.105133669,16.1099464143,-29.3770427476,0.0
B2GF10.jpg,UV,2,GF,10,20,24,81,11.9298613662,19.9081946443,-35.4061220165,2.81567117226
B2GF50.jpg,UV,2,GF,50,23,25,85,12.8165663167,21.2458209237,-36.6707762092,3.53863028507
B2GF100.jpg,UV,2,GF,100,25,26,89,13.6293405594,22.413125407,-38.037429379,4.27778865598
B2GF500.jpg,UV,2,GF,500,25,37,120,19.5785046639,26.8699306877,-48.5992898762,9.5837138054
B2VX0.jpg,UV,2,VX,0,20,22,65,9.82978199997,14.8882992504,-27.7110642189,0.0
B2VX10.jpg,UV,2,VX,10,21,25,79,12.0833994532,18.5273149879,-33.7824468677,3.0247571499
B2VX50.jpg,UV,2,VX,50,21,24,74,11.3237522105,17.2398550626,-31.5745127886,1.97645717807
B2VX100.jpg,UV,2,VX,100,22,24,72,11.2161873471,16.6202312563,-30.3577875393,1.49183733834
B2VX500.jpg,UV,2,VX,500,20,25,84,12.504782357,20.395471176,-36.5104780351,4.12353008016
B3DMMP0.jpg,UV,3,DMMP,0,16,7,21,2.85679507533,5.09539732998,-5.77232468274,0.0
B3DMMP10.jpg,UV,3,DMMP,10,21,8,22,3.53224687403,6.93157368716,-5.43600256499,2.09342420157
B3DMMP50.jpg,UV,3,DMMP,50,19,7,19,3.04806531292,5.78962267711,-4.13794301886,1.64742674294
B3DMMP100.jpg,UV,3,DMMP,100,18,7,19,2.95907163633,5.39050960385,-4.27856934842,1.31690724348
B3DMMP500.jpg,UV,3,DMMP,500,16,8,17,2.92942717913,3.82737191806,-3.12510248692,2.4553502951
B3GA0.jpg,UV,3,GA,0,14,6,17,2.38549483065,3.94781551983,-3.93757325428,0.0
B3GA10.jpg,UV,3,GA,10,20,7,20,3.172420345,6.42742515769,-4.59380728379,2.7903618369
B3GA50.jpg,UV,3,GA,50,19,7,18,3.01786568699,5.57740717976,-3.56037444157,1.96630325341
B3GA100.jpg,UV,3,GA,100,18,6,19,2.76299371891,5.79107014077,-4.56488736916,2.09951421025
B3GA500.jpg,UV,3,GA,500,11,6,15,2.13075852461,2.66808918719,-3.22190580606,1.63099505852
B3GB0.jpg,UV,3,GB,0,17,7,19,2.87388476415,5.00846904028,-4.41318022888,0.0
B3GB10.jpg,UV,3,GB,10,23,9,21,3.8995320731,7.21196049281,-4.17165109372,2.46608693494
B3GB50.jpg,UV,3,GB,50,22,8,20,3.56593946236,6.91233611849,-3.9954959584,2.16250865362
B3GB100.jpg,UV,3,GB,100,20,7,20,3.172420345,6.42742515769,-4.59380728379,1.54286102724
B3GB500.jpg,UV,3,GB,500,19,9,18,3.41002152182,4.77628610592,-2.98773840007,1.22536614662
B3GD0.jpg,UV,3,GD,0,18,7,19,2.95907163633,5.39050960385,-4.27856934842,0.0
B3GD10.jpg,UV,3,GD,10,18,7,19,2.95907163633,5.39050960385,-4.27856934842,0.0
B3GD50.jpg,UV,3,GD,50,9,5,15,1.81657642168,2.53898372704,-3.69485009904,3.44944801668
B3GD100.jpg,UV,3,GD,100,8,4,15,1.56218975269,2.67804495379,-4.07330664051,3.32753539139
B3GD500.jpg,UV,3,GD,500,7,5,14,1.67482755078,1.83938471698,-3.39848912345,4.37482237422
B3GF0.jpg,UV,3,GF,0,17,7,20,2.90539220099,5.22987464299,-5.01576072162,0.0
B3GF10.jpg,UV,3,GF,10,22,8,20,3.56593946236,6.91233611849,-3.9954959584,2.12700975829
B3GF50.jpg,UV,3,GF,50,17,7,18,2.84368513822,4.79625354294,-3.8356116516,1.02079449197
B3GF100.jpg,UV,3,GF,100,13,6,17,2.31504548287,3.63186885061,-4.04889614347,1.94361754648
B3GF500.jpg,UV,3,GF,500,8,5,13,1.70922961559,1.93288958139,-2.84913463946,4.24799142073
B3VX0.jpg,UV,3,VX,0,17,7,20,2.90539220099,5.22987464299,-5.01576072162,0.0
B3VX10.jpg,UV,3,VX,10,23,9,21,3.8995320731,7.21196049281,-4.17165109372,2.38501082929
B3VX50.jpg,UV,3,VX,50,21,8,20,3.46524604195,6.46075279237,-4.15461002881,1.63191771855
B3VX100.jpg,UV,3,VX,100,20,7,20,3.172420345,6.42742515769,-4.59380728379,1.40671830766
B3VX500.jpg,UV,3,VX,500,18,9,19,3.35122747116,4.58938853,-3.70593330692,1.23797463279
B4DMMP0.jpg,UV,4,DMMP,0,10,9,22,2.87081815856,2.68532297642,-6.50470228232,0.0
B4DMMP10.jpg,UV,4,DMMP,10,10,8,26,2.82510871641,4.14253636194,-9.65387720222,2.67476719312
B4DMMP50.jpg,UV,4,DMMP,50,9,7,24,2.49277055315,3.73382540218,-8.55445335987,1.85546949769
B4DMMP100.jpg,UV,4,DMMP,100,10,8,27,2.86619587993,4.43125956866,-10.3944314727,3.2268300581
B4DMMP500.jpg,UV,4,DMMP,500,4,3,31,1.7147031725,6.12115448402,-15.3463785243,6.51718642956
B4GA0.jpg,UV,4,GA,0,11,9,23,2.96613757664,3.20311990639,-7.08961158778,0.0
B4GA10.jpg,UV,4,GA,10,10,8,25,2.78543390476,3.86373787924,-8.90803930057,1.45432869822
B4GA50.jpg,UV,4,GA,50,9,7,24,2.49277055315,3.73382540218,-8.55445335987,1.20759779654
B4GA100.jpg,UV,4,GA,100,10,9,28,3.10478732387,4.32944542007,-10.8378176905,2.81396249714
B4GA500.jpg,UV,4,GA,500,4,2,30,1.47175056946,6.19232237397,-14.9127921341,5.74633584558
B4GB0.jpg,UV,4,GB,0,11,10,24,3.19910849091,3.06180978848,-7.50887302539,0.0
B4GB10.jpg,UV,4,GB,10,10,8,26,2.82510871641,4.14253636194,-9.65387720222,1.85663068181
B4GB50.jpg,UV,4,GB,50,10,8,25,2.78543390476,3.86373787924,-8.90803930057,1.31064886156
B4GB100.jpg,UV,4,GB,100,11,9,28,3.1645827578,4.59761210697,-10.7424114991,2.66507762695
B4GB500.jpg,UV,4,GB,500,4,5,40,2.59688509709,8.76349097478,-21.0273808362,9.01624752115
B4GD0.jpg,UV,4,GD,0,11,10,23,3.16221549405,2.80255936947,-6.80329356703,0.0
B4GD10.jpg,UV,4,GD,10,10,9,29,3.14874102106,4.63831201773,-11.5659458194,3.70309049315
B4GD50.jpg,UV,4,GD,50,10,9,29,3.14874102106,4.63831201773,-11.5659458194,3.70309049315
B4GD100.jpg,UV,4,GD,100,12,11,35,3.9637957002,6.45041724531,-15.0127240707,6.21990395318
B4GD500.jpg,UV,4,GD,500,2,100,246,46.6814868457,33.0939366671,-78.9917156736,40.5714135965
B4GF0.jpg,UV,4,GF,0,11,10,23,3.16221549405,2.80255936947,-6.80329356703,0.0
B4GF10.jpg,UV,4,GF,10,10,9,28,3.10478732387,4.32944542007,-10.8378176905,3.16608683426
B4GF50.jpg,UV,4,GF,50,10,9,28,3.10478732387,4.32944542007,-10.8378176905,3.16608683426
B4GF100.jpg,UV,4,GF,100,12,11,34,3.91092149863,6.07886545823,-14.3190495946,5.73880741539
B4GF500.jpg,UV,4,GF,500,2,240,253,86.7108208048,-42.0587988303,-19.7019859389,84.1741655197
B4VX0.jpg,UV,4,VX,0,11,9,23,2.96613757664,3.20311990639,-7.08961158778,0.0
B4VX10.jpg,UV,4,VX,10,10,8,26,2.82510871641,4.14253636194,-9.65387720222,2.02315769848
B4VX50.jpg,UV,4,VX,50,9,8,24,2.68884847056,3.33326486525,-8.26813533912,0.912414282177
B4VX100.jpg,UV,4,VX,100,10,9,27,3.06227379734,4.03069903174,-10.1044061679,2.27050830091
B4VX500.jpg,UV,4,VX,500,4,9,55,4.48846703524,14.9421369508,-29.2517023425,13.5011245741
B5DMMP0.jpg,UV,5,DMMP,0,242,73,2,55.7384317362,62.3790367415,66.3275255103,0.0
B5DMMP10.jpg,UV,5,DMMP,10,239,68,2,54.5485726594,63.2140780814,65.438479977,1.29182210012
B5DMMP50.jpg,UV,5,DMMP,50,238,70,2,54.6242006269,62.1923126966,65.3739345993,1.09888122124
B5DMMP100.jpg,UV,5,DMMP,100,237,67,2,54.0577645532,62.9368158401,64.9942897678,1.74167553145
B5DMMP500.jpg,UV,5,DMMP,500,233,70,2,53.7220984399,60.5982055003,64.4228139761,1.98608168297
B5GA0.jpg,UV,5,GA,0,245,75,2,56.5407116219,62.6047590251,67.0253477961,0.0
B5GA10.jpg,UV,5,GA,10,244,66,2,55.2163660339,65.4404753148,66.2766634264,1.83590532341
B5GA50.jpg,UV,5,GA,50,245,69,2,55.7653097586,64.7355769335,66.644069127,1.20478134246
B5GA100.jpg,UV,5,GA,100,244,66,2,55.2163660339,65.4404753148,66.2766634264,1.83590532341
B5GA500.jpg,UV,5,GA,500,235,65,2,53.4415672083,63.0032103126,64.4887886587,3.13782454744
B5GB0.jpg,UV,5,GB,0,247,83,2,58.0098062891,60.2115639836,67.9648738011,0.0
B5GB10.jpg,UV,5,GB,10,248,73,2,56.8136782556,64.2758774691,67.4599364958,2.10495816837
B5GB50.jpg,UV,5,GB,50,246,74,2,56.5859934342,63.2871724237,67.1472843983,1.98926692202
B5GB100.jpg,UV,5,GB,100,249,75,2,57.2530167324,63.8758331303,67.7766268632,1.69256236581
B5GB500.jpg,UV,5,GB,500,237,73,2,54.8447338216,60.7763106066,65.3836481558,3.15977487956
B5GD0.jpg,UV,5,GD,0,245,85,2,57.9610147312,58.7487461331,67.7512109097,0.0
B5GD10.jpg,UV,5,GD,10,245,75,2,56.5407116219,62.6047590251,67.0253477961,2.22735447273
B5GD50.jpg,UV,5,GD,50,244,77,2,56.6356505361,61.5400602844,66.9745350137,1.84791416004
B5GD100.jpg,UV,5,GD,100,247,74,2,56.7646771193,63.6037317681,67.3355585097,2.38090879573
B5GD500.jpg,UV,5,GD,500,222,70,2,51.7457743235,57.0160363046,62.3299691569,6.12047932777
B5GF0.jpg,UV,5,GF,0,245,85,2,57.9610147312,58.7487461331,67.7512109097,0.0
B5GF10.jpg,UV,5,GF,10,244,76,2,56.4984477401,61.9144473716,66.9054586319,2.06203310084
B5GF50.jpg,UV,5,GF,50,242,77,2,56.2828922428,60.8915991369,66.6007826007,1.98626176207
B5GF100.jpg,UV,5,GF,100,245,75,2,56.5407116219,62.6047590251,67.0253477961,2.22735447273
B5GF500.jpg,UV,5,GF,500,235,76,2,54.9082257804,58.9846125445,65.2195670311,3.01611869144
B5VX0.jpg,UV,5,VX,0,246,81,2,57.5481114165,60.6632801462,67.6321573198,0.0
B5VX10.jpg,UV,5,VX,10,244,75,2,56.3628528684,62.2850063135,66.8375190105,1.42218541535
B5VX50.jpg,UV,5,VX,50,197,66,3,46.6806345282,50.1560790363,56.976465766,11.1818557156
B5VX100.jpg,UV,5,VX,100,89,33,2,20.8912353548,24.1845138726,29.838818407,34.6484018949
B5VX500.jpg,UV,5,VX,500,43,23,2,10.037521069,7.76293535548,14.3521795914,44.666462135
B6DMMP0.jpg,UV,6,DMMP,0,45,23,51,12.0223790204,16.929454969,-14.0329501482,0.0
B6DMMP10.jpg,UV,6,DMMP,10,45,22,52,11.8217846198,17.8587130264,-15.0695993397,0.732488262434
B6DMMP50.jpg,UV,6,DMMP,50,39,18,47,9.55522371968,17.0769369362,-15.0597381445,1.67708027719
B6DMMP100.jpg,UV,6,DMMP,100,43,21,50,11.1366796463,17.2867618217,-14.7194166715,0.700230274222
B6DMMP500.jpg,UV,6,DMMP,500,39,19,46,9.7540783686,16.1283582136,-14.0113544308,1.53238709669
B6GA0.jpg,UV,6,GA,0,43,23,50,11.6664736217,15.9265744852,-13.8883636303,0.0
B6GA10.jpg,UV,6,GA,10,43,21,50,11.1366796463,17.2867618217,-14.7194166715,0.951906378702
B6GA50.jpg,UV,6,GA,50,37,17,47,8.98701899745,17.0512564757,-15.9780748982,2.10842693471
B6GA100.jpg,UV,6,GA,100,34,19,47,9.0832510058,14.6079218305,-15.8540195593,2.46148941485
B6GA500.jpg,UV,6,GA,500,38,19,48,9.72945697997,16.3148468569,-15.528608711,1.56833007377
B6GB0.jpg,UV,6,GB,0,51,26,56,13.9908371224,18.3944466837,-14.4710362682,0.0
B6GB10.jpg,UV,6,GB,10,50,23,55,13.0266482424,19.7418352164,-15.2789406567,1.02047402297
B6GB50.jpg,UV,6,GB,50,44,20,51,11.0984368226,18.5671842168,-15.4947281718,1.95384737258
B6GB100.jpg,UV,6,GB,100,43,21,53,11.3243137596,18.084618604,-16.5956500198,2.22221282795
B6GB500.jpg,UV,6,GB,500,44,21,51,11.351265509,17.9068441254,-15.0967736966,1.79346968246
B6GD0.jpg,UV,6,GD,0,54,26,58,14.5609686374,19.967318274,-14.9650687475,0.0
B6GD10.jpg,UV,6,GD,10,53,24,58,13.9185521659,20.8872065084,-15.982980926,0.784077927176
B6GD50.jpg,UV,6,GD,50,47,19,53,11.4643256409,20.7450804295,-16.3330554067,2.14942552535
B6GD100.jpg,UV,6,GD,100,47,20,53,11.7007105081,20.1165035606,-15.9602631218,1.93710558808
B6GD500.jpg,UV,6,GD,500,45,14,41,9.25652703647,20.3233022958,-11.0108621046,4.21126378843
B6GF0.jpg,UV,6,GF,0,55,26,58,14.7159664989,20.3254516199,-14.711430623,0.0
B6GF10.jpg,UV,6,GF,10,54,24,58,14.0769481504,21.2346400954,-15.7232423801,0.77802127096
B6GF50.jpg,UV,6,GF,50,48,20,54,11.9249907629,20.706189024,-16.3163873916,2.02840406598
B6GF100.jpg,UV,6,GF,100,51,23,56,13.2435695927,20.3379282218,-15.6417987105,1.1141809789
B6GF500.jpg,UV,6,GF,500,47,19,49,11.2188132872,19.7766275555,-13.8182507344,2.31727130028
B6VX0.jpg,UV,6,VX,0,52,26,56,14.1420113008,18.7599279143,-14.223741049,0.0
B6VX10.jpg,UV,6,VX,10,51,24,56,13.4877657079,19.6981730852,-15.2586043536,0.816397735714
B6VX50.jpg,UV,6,VX,50,46,20,52,11.4778222867,19.5207339983,-15.5999395319,1.89878683071
B6VX100.jpg,UV,6,VX,100,50,24,55,13.2744616177,19.0952232979,-14.8903672175,0.68750587662
B6VX500.jpg,UV,6,VX,500,45,23,53,12.1412545111,17.4504437234,-15.288177146,1.79436375008
B7DMMP0.jpg,UV,7,DMMP,0,18,23,37,7.90302317482,2.34300880206,-10.4049780748,0.0
B7DMMP10.jpg,UV,7,DMMP,10,18,25,39,8.74140257096,1.55465720364,-10.5955016011,1.2169965921
B7DMMP50.jpg,UV,7,DMMP,50,15,22,35,7.1963084691,1.22676826936,-10.0127507358,1.55113767904
B7DMMP100.jpg,UV,7,DMMP,100,11,20,32,6.10349563248,0.268044428007,-9.43059066301,3.02086477093
B7DMMP500.jpg,UV,7,DMMP,500,6,23,45,7.59550401774,2.28007307527,-16.9046265834,4.29373671421
B7GA0.jpg,UV,7,GA,0,17,22,37,7.46581074465,2.71450194524,-11.0911173266,0.0
B7GA10.jpg,UV,7,GA,10,14,19,36,6.20048663698,3.27113327804,-12.3157856556,1.22344150915
B7GA50.jpg,UV,7,GA,50,13,16,34,5.16320855737,3.95726049409,-12.3921285647,2.11207673945
B7GA100.jpg,UV,7,GA,100,8,12,30,3.6878472469,3.1876027053,-11.5572209368,2.35364653804
B7GA500.jpg,UV,7,GA,500,5,29,58,10.6771739948,3.51405478407,-21.4192793207,6.6012639121
B7GB0.jpg,UV,7,GB,0,18,25,39,8.74140257096,1.55465720364,-10.5955016011,0.0
B7GB10.jpg,UV,7,GB,10,17,23,37,7.81783630264,1.98308335545,-10.5439698197,0.818544022604
B7GB50.jpg,UV,7,GB,50,15,22,37,7.30666445281,2.00224972815,-11.3507413295,1.13533236105
B7GB100.jpg,UV,7,GB,100,9,18,36,5.58238802837,2.45259843735,-13.2977975271,2.7358971238
B7GB500.jpg,UV,7,GB,500,5,44,76,17.2502977156,0.610097623261,-23.4379194884,9.67077959812
B7GD0.jpg,UV,7,GD,0,18,25,39,8.74140257096,1.55465720364,-10.5955016011,0.0
B7GD10.jpg,UV,7,GD,10,15,20,38,6.70022498419,3.76270427966,-13.0480722978,3.19361036329
B7GD50.jpg,UV,7,GD,50,23,85,136,34.9143946838,0.062739423223,-33.8529454827,22.6451104732
B7GD100.jpg,UV,7,GD,100,2,151,215,59.019728428,-10.2037306126,-41.8288737526,45.3316232967
B7GD500.jpg,UV,7,GD,500,166,252,251,93.7487888237,-25.9918905705,-7.74685932747,87.3821635458
B7GF0.jpg,UV,7,GF,0,19,26,39,9.18701905558,1.14315856169,-9.89748734561,0.0
B7GF10.jpg,UV,7,GF,10,15,20,38,6.70022498419,3.76270427966,-13.0480722978,3.91470734496
B7GF50.jpg,UV,7,GF,50,13,20,38,6.55571734113,3.11462576732,-13.2841412575,3.47153258566
B7GF100.jpg,UV,7,GF,100,9,19,39,6.05418332976,3.05363819088,-14.8400878822,4.12220369488
B7GF500.jpg,UV,7,GF,500,1,242,248,87.1347766068,-44.4509632944,-16.4451863396,81.109097709
B7VX0.jpg,UV,7,VX,0,19,25,40,8.88142412835,2.27886986631,-11.1144625795,0.0
B7VX10.jpg,UV,7,VX,10,19,27,41,9.6593806936,1.12942571338,-10.6446708617,1.59653135598
B7VX50.jpg,UV,7,VX,50,17,25,38,8.60490473863,0.830013453493,-10.0689347915,1.97594829218
B7VX100.jpg,UV,7,VX,100,12,22,34,6.93203414482,-0.0928570876124,-9.68037417538,3.44521569768
B7VX500.jpg,UV,7,VX,500,6,33,58,12.1673544687,0.636341914471,-19.040315983,6.16382238826
B8DMMP0.jpg,UV,8,DMMP,0,3,3,3,0.822520488071,-5.22213821075e-05,9.89856513089e-05,0.0
B8DMMP10.jpg,UV,8,DMMP,10,1,0,5,0.157242886746,0.956718408261,-1.79997921057,2.2219588549
B8DMMP50.jpg,UV,8,DMMP,50,1,1,4,0.333533977127,0.417114051722,-1.13523764356,1.29065563082
B8DMMP100.jpg,UV,8,DMMP,100,2,1,4,0.3918427287,0.6786133619,-1.04309912283,1.43291402
B8DMMP500.jpg,UV,8,DMMP,500,2,2,5,0.607707473151,0.417096644595,-1.13520464834,1.26565047494
B8GA0.jpg,UV,8,GA,0,3,3,3,0.822520488071,-5.22213821075e-05,9.89856513089e-05,0.0
B8GA10.jpg,UV,8,GA,10,2,1,5,0.411629555735,0.817657181517,-1.42152266909,1.81698040384
B8GA50.jpg,UV,8,GA,50,1,1,3,0.313747150093,0.278070232106,-0.7568140973,0.896879071124
B8GA100.jpg,UV,8,GA,100,2,1,4,0.3918427287,0.6786133619,-1.04309912283,1.43291402
B8GA500.jpg,UV,8,GA,500,2,1,3,0.372055901666,0.539569542284,-0.664675576574,1.05563279267
B8GB0.jpg,UV,8,GB,0,3,3,4,0.842307315106,0.138991598234,-0.378324560607,0.0
B8GB10.jpg,UV,8,GB,10,2,1,5,0.411629555735,0.817657181517,-1.42152266909,1.40854883723
B8GB50.jpg,UV,8,GB,50,1,1,3,0.313747150093,0.278070232106,-0.7568140973,0.51845559292
B8GB100.jpg,UV,8,GB,100,2,1,4,0.3918427287,0.6786133619,-1.04309912283,1.03899833632
B8GB500.jpg,UV,8,GB,500,2,1,5,0.411629555735,0.817657181517,-1.42152266909,1.40854883723
B8GD0.jpg,UV,8,GD,0,4,3,4,0.900616066679,0.400490908413,-0.286186039881,0.0
B8GD10.jpg,UV,8,GD,10,2,1,5,0.411629555735,0.817657181517,-1.42152266909,1.26358084275
B8GD50.jpg,UV,8,GD,50,1,1,4,0.333533977127,0.417114051722,-1.13523764356,0.886956382492
B8GD100.jpg,UV,8,GD,100,2,1,4,0.3918427287,0.6786133619,-1.04309912283,0.879002249188
B8GD500.jpg,UV,8,GD,500,3,1,5,0.469938307308,1.0791564917,-1.32938414836,1.39650370963
B8GF0.jpg,UV,8,GF,0,4,3,4,0.900616066679,0.400490908413,-0.286186039881,0.0
B8GF10.jpg,UV,8,GF,10,2,1,5,0.411629555735,0.817657181517,-1.42152266909,1.26358084275
B8GF50.jpg,UV,8,GF,50,1,1,4,0.333533977127,0.417114051722,-1.13523764356,0.886956382492
B8GF100.jpg,UV,8,GF,100,2,1,5,0.411629555735,0.817657181517,-1.42152266909,1.26358084275
B8GF500.jpg,UV,8,GF,500,3,2,5,0.666016224724,0.678595954773,-1.04306612762,0.839699302789
B8VX0.jpg,UV,8,VX,0,3,3,4,0.842307315106,0.138991598234,-0.378324560607,0.0
B8VX10.jpg,UV,8,VX,10,1,1,5,0.353320804162,0.556157871339,-1.51366118982,1.26787887884
B8VX50.jpg,UV,8,VX,50,1,1,3,0.313747150093,0.278070232106,-0.7568140973,0.51845559292
B8VX100.jpg,UV,8,VX,100,2,1,5,0.411629555735,0.817657181517,-1.42152266909,1.40854883723
B8VX500.jpg,UV,8,VX,500,2,1,5,0.411629555735,0.817657181517,-1.42152266909,1.40854883723
B9DMMP0.jpg,UV,9,DMMP,0,243,1,10,50.8094316522,77.2178011707,62.2007733318,0.0
B9DMMP10.jpg,UV,9,DMMP,10,229,1,10,47.8889547638,73.8337828302,59.1392550614,3.04053638002
B9DMMP50.jpg,UV,9,DMMP,50,231,1,10,48.3081445232,74.3195559722,59.5803511956,2.60526238204
B9DMMP100.jpg,UV,9,DMMP,100,241,1,5,50.3812394657,76.7012478143,63.0481424645,0.640121349778
B9DMMP500.jpg,UV,9,DMMP,500,246,1,8,51.4261246137,77.9243539896,63.3404253944,0.689692237047
B9GA0.jpg,UV,9,GA,0,242,0,8,50.5712660117,77.0371481546,62.4744196303,0.0
B9GA10.jpg,UV,9,GA,10,237,1,8,49.5564163407,75.7576158953,61.411801467,1.06015704385
B9GA50.jpg,UV,9,GA,50,246,1,8,51.4261246137,77.9243539896,63.3404253944,0.882927308248
B9GA100.jpg,UV,9,GA,100,240,1,4,50.1706845589,76.4530452367,63.1038048267,0.576774347046
B9GA500.jpg,UV,9,GA,500,248,1,6,51.8349201736,78.3902172756,64.2614618955,1.34279584161
B9GB0.jpg,UV,9,GB,0,245,1,12,51.2293876357,77.7127726544,62.1217506506,0.0
B9GB10.jpg,UV,9,GB,10,238,1,12,49.7756405042,76.0288122091,60.5835082886,1.51365402293
B9GB50.jpg,UV,9,GB,50,247,2,11,51.6652908706,78.1132497931,62.8297146993,0.476935432313
B9GB100.jpg,UV,9,GB,100,243,0,6,50.7738956757,77.2632599862,63.198410831,0.70796501727
B9GB500.jpg,UV,9,GB,500,250,1,9,52.2554475153,78.8891897788,63.9491178064,1.13167516797
B9GD0.jpg,UV,9,GD,0,245,1,13,51.2322803614,77.7206958784,61.8481193813,0.0
B9GD10.jpg,UV,9,GD,10,242,2,13,50.6356999579,76.926479143,61.1996491317,0.623979086563
B9GD50.jpg,UV,9,GD,50,245,6,12,51.3540971441,77.351299843,62.1840893484,0.267269169909
B9GD100.jpg,UV,9,GD,100,242,1,6,50.5916010238,76.9491692177,62.9980570551,0.923066594996
B9GD500.jpg,UV,9,GD,500,248,1,8,51.8398734476,78.4037883118,63.7660687865,0.851582142002
B9GF0.jpg,UV,9,GF,0,247,2,13,51.670852238,78.1285039507,62.3001442135,0.0
B9GF10.jpg,UV,9,GF,10,241,2,13,50.4282009907,76.6855039318,60.9785939862,1.2905564282
B9GF50.jpg,UV,9,GF,50,243,6,12,50.9410831505,76.8666229029,61.7472501135,0.784625269232
B9GF100.jpg,UV,9,GF,100,245,1,6,51.2139702951,77.6705357259,63.6308443603,0.786236724183
B9GF500.jpg,UV,9,GF,500,251,1,10,52.4641969077,79.1348864753,63.9242419263,0.901131301413
B9VX0.jpg,UV,9,VX,0,246,1,13,51.439308132,77.960467745,62.068012389,0.0
B9VX10.jpg,UV,9,VX,10,236,2,12,49.385267522,75.4693354572,60.1546325395,2.13344446014
B9VX50.jpg,UV,9,VX,50,239,5,12,50.0873974582,75.9696300681,60.8567684335,1.4220466607
B9VX100.jpg,UV,9,VX,100,243,1,7,50.8017704626,77.1968117583,62.9533240681,0.848734627305
B9VX500.jpg,UV,9,VX,500,250,1,10,52.2578938197,78.8958911745,63.7097849873,0.931910646451
B10DMMP0.jpg,UV,10,DMMP,0,243,180,2,77.104779815,11.0002520798,79.5347421084,0.0
B10DMMP10.jpg,UV,10,DMMP,10,230,167,3,72.5422430998,12.2530525767,75.6226886949,3.60214253942
B10DMMP50.jpg,UV,10,DMMP,50,236,172,4,74.4137161044,12.2109314155,77.1065804961,2.2091071496
B10DMMP100.jpg,UV,10,DMMP,100,230,169,3,73.0296480878,11.1926330798,75.9584389593,3.10104417179
B10DMMP500.jpg,UV,10,DMMP,500,230,166,3,72.299353845,12.7837141104,75.4557688525,3.88475012261
B10GA0.jpg,UV,10,GA,0,229,165,4,71.9476124484,12.8906703406,75.0430464496,0.0
B10GA10.jpg,UV,10,GA,10,237,174,3,75.0059154694,11.5787356762,77.67792829,2.54853820566
B10GA50.jpg,UV,10,GA,50,234,168,4,73.2269219548,13.4622188517,76.1849017784,1.02264109732
B10GA100.jpg,UV,10,GA,100,229,164,5,71.7067161193,13.4313917166,74.7575442895,0.397178148171
B10GA500.jpg,UV,10,GA,500,229,165,3,71.9461389154,12.8813960694,75.1611106563,0.0312938579227
B10GB0.jpg,UV,10,GB,0,240,180,2,76.7858140779,9.70936354534,79.1649636751,0.0
B10GB10.jpg,UV,10,GB,10,241,182,2,77.3796491405,9.09232973223,79.6245272517,0.583109980188
B10GB50.jpg,UV,10,GB,50,242,180,3,76.9994366941,10.5788954679,79.3057060254,0.522491746583
B10GB100.jpg,UV,10,GB,100,238,177,3,75.8430175572,10.4309536235,78.3061910037,0.851291580276
B10GB500.jpg,UV,10,GB,500,237,177,2,75.7350292249,9.99057523165,78.2906237291,0.811334665745
B10GD0.jpg,UV,10,GD,0,243,185,2,78.3224089302,8.38495080643,80.3748179346,0.0
B10GD10.jpg,UV,10,GD,10,242,185,2,78.2184886217,7.95456947226,80.2541048312,0.256071725616
B10GD50.jpg,UV,10,GD,50,241,182,2,77.3796491405,9.09232973223,79.6245272517,0.822925058731
B10GD100.jpg,UV,10,GD,100,240,181,2,77.0300585922,9.18517179401,79.3335864524,1.0797767198
B10GD500.jpg,UV,10,GD,500,240,180,2,76.7858140779,9.70936354534,79.1649636751,1.40260839244
B10GF0.jpg,UV,10,GF,0,244,187,2,78.9158553161,7.77184937345,80.8346843965,0.0
B10GF10.jpg,UV,10,GF,10,241,183,2,77.6242783498,8.56905422358,79.7937063066,1.07062373513
B10GF50.jpg,UV,10,GF,50,241,182,2,77.3796491405,9.09232973223,79.6245272517,1.39129838403
B10GF100.jpg,UV,10,GF,100,239,181,2,76.9249729858,8.75391310929,79.2116068253,1.59316842406
B10GF500.jpg,UV,10,GF,500,237,178,2,75.9795149044,9.46485611587,78.4592747552,2.42376259569
B10VX0.jpg,UV,10,VX,0,245,186,2,78.7750916516,8.72285588879,80.7858396325,0.0
B10VX10.jpg,UV,10,VX,10,239,178,2,76.1920039069,10.3279916528,78.7057146697,2.1680291176
B10VX50.jpg,UV,10,VX,50,241,180,3,76.893117235,10.1486455062,79.1822912821,1.65910835033
B10VX100.jpg,UV,10,VX,100,237,177,2,75.7350292249,9.99057523165,78.2906237291,2.40341248446
B10VX500.jpg,UV,10,VX,500,233,170,2,73.598482663,11.9537841753,76.6189819422,4.41211283782
B11DMMP0.jpg,UV,11,DMMP,0,61,10,60,12.8326502745,31.0303403591,-19.0251028082,0.0
B11DMMP10.jpg,UV,11,DMMP,10,78,22,76,18.866925719,33.6644779016,-20.4239124398,4.15259827779
B11DMMP50.jpg,UV,11,DMMP,50,76,21,75,18.2814617436,33.3641115335,-20.6884204792,3.75788880113
B11DMMP100.jpg,UV,11,DMMP,100,71,21,72,17.197986877,31.346289477,-20.3987408362,2.95562670344
B11DMMP500.jpg,UV,11,DMMP,500,71,22,72,17.3740207546,30.8571226789,-20.1206116335,3.05528593942
B11GA0.jpg,UV,11,GA,0,61,11,61,13.0373143045,30.8323671952,-19.4119170794,0.0
B11GA10.jpg,UV,11,GA,10,70,20,73,16.9104654947,31.7477719923,-21.5543323564,2.75862694667
B11GA50.jpg,UV,11,GA,50,71,21,74,17.3227237981,31.7586392428,-21.5773964353,3.01995916029
B11GA100.jpg,UV,11,GA,100,71,22,74,17.4974525408,31.2721919985,-21.3006306979,3.09400616235
B11GA500.jpg,UV,11,GA,500,67,21,68,16.2413533684,29.3496527365,-19.188102915,2.19598610187
B11GB0.jpg,UV,11,GB,0,65,12,65,14.2228553563,32.2732218207,-20.3093775202,0.0
B11GB10.jpg,UV,11,GB,10,81,23,81,19.8688307743,35.0194842554,-22.2023307926,3.97514589756
B11GB50.jpg,UV,11,GB,50,81,23,81,19.8688307743,35.0194842554,-22.2023307926,3.97514589756
B11GB100.jpg,UV,11,GB,100,79,23,79,19.3907460666,34.0726886097,-21.6267159986,3.55435954909
B11GB500.jpg,UV,11,GB,500,77,24,77,19.0860552402,32.6347663095,-20.7717801153,3.25979641523
B11GD0.jpg,UV,11,GD,0,65,10,64,13.8926304034,32.8352523235,-20.1292042491,0.0
B11GD10.jpg,UV,11,GD,10,88,20,85,20.9473093016,38.8764186388,-23.1083898744,5.30288669564
B11GD50.jpg,UV,11,GD,50,85,17,74,19.3373541702,37.2860878277,-18.2262009689,4.3530373597
B11GD100.jpg,UV,11,GD,100,81,16,67,18.0337619728,35.4054481182,-15.4954520862,4.06628375378
B11GD500.jpg,UV,11,GD,500,77,13,56,16.2632278658,33.661051863,-10.5773104392,5.47540407989
B11GF0.jpg,UV,11,GF,0,65,11,63,13.9564346841,32.2735033759,-19.3219987182,0.0
B11GF10.jpg,UV,11,GF,10,90,20,85,21.3207958985,39.3875442379,-22.4936822928,5.68029384735
B11GF50.jpg,UV,11,GF,50,89,21,83,21.1513984212,38.3869824945,-21.4297521711,5.39140487365
B11GF100.jpg,UV,11,GF,100,85,21,80,20.2318610825,36.7800108382,-20.9046025773,4.56511862485
B11GF500.jpg,UV,11,GF,500,81,16,65,17.9274942366,35.080720281,-14.2698225662,4.20441385573
B11VX0.jpg,UV,11,VX,0,65,11,64,14.0216885959,32.4654017493,-19.9243761623,0.0
B11VX10.jpg,UV,11,VX,10,87,21,82,20.7205499292,37.6783706958,-21.4604187455,4.93744049592
B11VX50.jpg,UV,11,VX,50,85,22,82,20.4973715817,36.7330096608,-21.8370750293,4.66893637628
B11VX100.jpg,UV,11,VX,100,80,23,79,19.5693948197,34.3519091742,-21.3327882627,3.81228877039
B11VX500.jpg,UV,11,VX,500,78,25,79,19.5556691518,32.8399576426,-21.3777533095,3.77503592596
B12DMMP0.jpg,UV,12,DMMP,0,131,21,94,29.8398775847,50.7768402847,-14.5754028436,0.0
B12DMMP10.jpg,UV,12,DMMP,10,117,19,86,26.5070215356,46.7587251181,-14.6777785772,2.84094745237
B12DMMP50.jpg,UV,12,DMMP,50,109,17,79,24.3776482651,44.3353308827,-13.4182764481,4.56815535347
B12DMMP100.jpg,UV,12,DMMP,100,117,19,85,26.4608931326,46.6254999056,-14.0853469558,2.86869613215
B12DMMP500.jpg,UV,12,DMMP,500,113,17,81,25.2800756211,45.6287108395,-13.3033320537,3.79607966971
B12GA0.jpg,UV,12,GA,0,122,21,94,28.068918775,48.5413056266,-17.4536544984,0.0
B12GA10.jpg,UV,12,GA,10,112,19,82,25.3226686222,44.9371346101,-13.9234113823,2.70388886705
B12GA50.jpg,UV,12,GA,50,105,17,78,23.521972781,43.1621410426,-14.1307436972,3.93099379251
B12GA100.jpg,UV,12,GA,100,113,19,79,25.3875417318,44.8011871168,-11.7991168493,3.3180872875
B12GA500.jpg,UV,12,GA,500,104,16,71,22.8937356711,42.2545145526,-10.3657899312,5.19784909776
B12GB0.jpg,UV,12,GB,0,138,21,105,31.7176440901,53.8987891108,-18.6830369405,0.0
B12GB10.jpg,UV,12,GB,10,129,18,93,29.1364185505,50.9091708189,-15.0375750144,2.58680806887
B12GB50.jpg,UV,12,GB,50,121,15,88,27.0520935631,49.0300336125,-15.0948924319,4.04902595713
B12GB100.jpg,UV,12,GB,100,131,15,92,29.2628924158,51.9355043717,-14.15440193,2.7199928476
B12GB500.jpg,UV,12,GB,500,126,15,87,28.0246464024,50.1185318293,-12.8529791337,3.84124763412
B12GD0.jpg,UV,12,GD,0,153,12,113,34.4558112842,60.0222310406,-19.3133095618,0.0
B12GD10.jpg,UV,12,GD,10,142,11,100,31.6051321056,56.1687480648,-15.5699395197,2.83135630057
B12GD50.jpg,UV,12,GD,50,136,7,95,29.945595954,54.8322845523,-14.9790902391,4.12450202483
B12GD100.jpg,UV,12,GD,100,138,10,96,30.5597084272,54.9400965796,-14.6519375879,3.76831108631
B12GD500.jpg,UV,12,GD,500,139,9,92,30.541039874,54.8589150738,-12.0542486705,4.39508221104
B12GF0.jpg,UV,12,GF,0,158,10,114,35.4060244696,61.4923591208,-18.3974813773,0.0
B12GF10.jpg,UV,12,GF,10,144,10,101,32.0053359543,56.8843752895,-15.5659600857,3.14172315039
B12GF50.jpg,UV,12,GF,50,137,7,95,30.1520789819,55.0562257923,-14.6441971907,4.69717060097
B12GF100.jpg,UV,12,GF,100,137,10,96,30.3549512423,54.7127788777,-14.9839762942,4.55660155626
B12GF500.jpg,UV,12,GF,500,137,9,93,30.1704399092,54.5139426945,-13.3106615676,4.90597039039
B12VX0.jpg,UV,12,VX,0,150,12,110,33.7199909201,59.0016875875,-18.5924116156,0.0
B12VX10.jpg,UV,12,VX,10,136,12,96,30.2620406682,54.1604083099,-15.1441471427,3.25350394811
B12VX50.jpg,UV,12,VX,50,132,11,91,29.162608688,52.805876005,-13.6350894827,4.33436856823
B12VX100.jpg,UV,12,VX,100,135,19,93,30.4200732474,52.1373194132,-12.9648041896,3.79981654778
B12VX500.jpg,UV,12,VX,500,143,25,84,32.2056777955,51.6445964054,-4.23723784396,6.44743029066
B13DMMP0.jpg,UV,13,DMMP,0,16,21,21,6.32861165537,-1.99705209892,-0.702688771146,0.0
B13DMMP10.jpg,UV,13,DMMP,10,19,23,25,7.41971646457,-1.24361450823,-2.03482030204,1.78281528436
B13DMMP50.jpg,UV,13,DMMP,50,19,23,23,7.3445467851,-1.77183863105,-0.623197641292,0.689990150568
B13DMMP100.jpg,UV,13,DMMP,100,17,21,19,6.34570134419,-2.08398038861,0.656455682712,1.30495290825
B13DMMP500.jpg,UV,13,DMMP,500,18,23,22,7.22002912437,-2.42058194738,-0.0844269138858,0.980714666642
B13GA0.jpg,UV,13,GA,0,17,22,24,6.85523367519,-1.57460147662,-2.11761650314,0.0
B13GA10.jpg,UV,13,GA,10,18,21,26,6.67976496056,0.0469395210448,-3.90391793958,2.79259783046
B13GA50.jpg,UV,13,GA,50,19,23,26,7.45939127622,-0.964816025521,-2.73957338454,1.09375904807
B13GA100.jpg,UV,13,GA,100,16,20,22,6.03744267347,-1.09231415006,-1.83125681983,0.855328051814
B13GA500.jpg,UV,13,GA,500,18,22,26,7.01837204165,-0.644788726539,-3.40268086684,1.7569397314
B13GB0.jpg,UV,13,GB,0,19,25,25,8.16353375016,-2.76068778507,-0.938673736212,0.0
B13GB10.jpg,UV,13,GB,10,20,25,27,8.33360238904,-1.76150658185,-2.19009392798,1.80739865329
B13GB50.jpg,UV,13,GB,50,22,27,27,9.26786168636,-2.33288672017,-0.788859682312,0.8837265793
B13GB100.jpg,UV,13,GB,100,19,25,22,8.05383554326,-3.54283291264,1.14377236391,2.16943206397
B13GB500.jpg,UV,13,GB,500,19,23,21,7.27485291669,-2.26158373521,0.709699279912,1.76940201991
B13GD0.jpg,UV,13,GD,0,19,26,25,8.54532601197,-3.51486531094,-0.378085916839,0.0
B13GD10.jpg,UV,13,GD,10,21,26,28,8.84087754091,-1.75738755426,-2.18062688102,2.88846075921
B13GD50.jpg,UV,13,GD,50,18,22,28,7.10197273168,-0.057319131486,-4.80944912686,6.17540629316
B13GD100.jpg,UV,13,GD,100,13,17,24,4.98968415498,0.254331443637,-4.87860011891,6.80937618944
B13GD500.jpg,UV,13,GD,500,15,18,29,5.62616007222,1.76131459924,-7.8170905715,9.45300961566
B13GF0.jpg,UV,13,GF,0,20,26,25,8.63377514052,-3.07950952489,-0.238137015384,0.0
B13GF10.jpg,UV,13,GF,10,21,27,27,9.17669070798,-2.78085163245,-0.933431287432,0.833945764026
B13GF50.jpg,UV,13,GF,50,21,27,26,9.13929871733,-3.06743014009,-0.238979344179,0.313749703902
B13GF100.jpg,UV,13,GF,100,19,25,24,8.12571406915,-3.03163132343,-0.237202048039,0.31907911519
B13GF500.jpg,UV,13,GF,500,14,18,26,5.4245473897,0.532846563406,-5.79504501669,7.16848116539
B13VX0.jpg,UV,13,VX,0,18,24,23,7.62114492259,-2.91780609399,-0.229977396037,0.0
B13VX10.jpg,UV,13,VX,10,17,22,19,6.68430842528,-2.7757086362,1.150898456,1.42667505832
B13VX50.jpg,UV,13,VX,50,9,11,8,2.84492981729,-0.950534540561,0.958656717334,4.04990458948
B13VX100.jpg,UV,13,VX,100,8,9,7,2.36967905857,-0.539743613557,0.665005528745,4.56910242246
B13VX500.jpg,UV,13,VX,500,9,11,8,2.84492981729,-0.950534540561,0.958656717334,4.04990458948
B14DMMP0.jpg,UV,14,DMMP,0,12,5,8,1.84495601388,2.27698991607,-0.479759282517,0.0
B14DMMP10.jpg,UV,14,DMMP,10,14,4,9,1.80600675092,3.43253599937,-0.927475575084,1.49887722058
B14DMMP50.jpg,UV,14,DMMP,50,15,5,9,2.07614296362,3.36410730557,-0.524131866233,1.37635189593
B14DMMP100.jpg,UV,14,DMMP,100,14,5,9,2.00208466834,3.03197546245,-0.641157554334,0.972846225126
B14DMMP500.jpg,UV,14,DMMP,500,13,6,9,2.12771323798,2.3154682563,-0.466162422776,0.172625915665
B14GA0.jpg,UV,14,GA,0,13,5,8,1.91184849353,2.57698497361,-0.374056897267,0.0
B14GA10.jpg,UV,14,GA,10,15,5,8,2.05635613659,3.22506348596,-0.145708319974,0.845886757389
B14GA50.jpg,UV,14,GA,50,14,5,8,1.9822978413,2.89293164283,-0.262734008076,0.416358378674
B14GA100.jpg,UV,14,GA,100,14,5,9,2.00208466834,3.03197546245,-0.641157554334,0.621417857417
B14GA500.jpg,UV,14,GA,500,14,6,9,2.19816258575,2.63141492552,-0.354839533585,0.181692129868
B14GB0.jpg,UV,14,GB,0,15,6,9,2.27222088104,2.96354676865,-0.237813845484,0.0
B14GB10.jpg,UV,14,GB,10,16,5,9,2.15386118199,3.71265293452,-0.401322828477,0.929404667973
B14GB50.jpg,UV,14,GB,50,16,6,9,2.3499390994,3.3120923976,-0.115004807728,0.448816465414
B14GB100.jpg,UV,14,GB,100,15,5,9,2.07614296362,3.36410730557,-0.524131866233,0.567360374733
B14GB500.jpg,UV,14,GB,500,14,7,10,2.4140273302,2.36989820822,-0.446945059094,0.78600425778
B14GD0.jpg,UV,14,GD,0,16,6,9,2.3499390994,3.3120923976,-0.115004807728,0.0
B14GD10.jpg,UV,14,GD,10,20,7,10,2.91426006134,4.61330954171,0.343514393771,1.62522059484
B14GD50.jpg,UV,14,GD,50,21,7,10,3.01100784087,5.04719771331,0.496393628003,2.13221210128
B14GD100.jpg,UV,14,GD,100,20,7,10,2.91426006134,4.61330954171,0.343514393771,1.62522059484
B14GD500.jpg,UV,14,GD,500,19,8,11,3.03778170989,3.93894110893,0.0950440783271,0.876837259299
B14GF0.jpg,UV,14,GF,0,16,6,9,2.3499390994,3.3120923976,-0.115004807728,0.0
B14GF10.jpg,UV,14,GF,10,21,7,10,3.01100784087,5.04719771331,0.496393628003,2.13221210128
B14GF50.jpg,UV,14,GF,50,21,7,10,3.01100784087,5.04719771331,0.496393628003,2.13221210128
B14GF100.jpg,UV,14,GF,100,20,7,10,2.91426006134,4.61330954171,0.343514393771,1.62522059484
B14GF500.jpg,UV,14,GF,500,18,8,11,2.9487880333,3.53982803568,-0.0455822512318,0.451749569699
B14VX0.jpg,UV,14,VX,0,14,6,8,2.17837575872,2.49237110591,0.0235840126736,0.0
B14VX10.jpg,UV,14,VX,10,15,5,9,2.07614296362,3.36410730557,-0.524131866233,1.19838686577
B14VX50.jpg,UV,14,VX,50,13,5,9,1.93163532056,2.71602879323,-0.752480443525,0.78066666122
B14VX100.jpg,UV,14,VX,100,13,6,10,2.14750006501,2.45451207592,-0.844585969034,0.806363571346
B14VX500.jpg,UV,14,VX,500,11,9,14,2.6938609091,1.28980718673,-1.88231372677,2.45091571947
B15DMMP0.jpg,UV,15,DMMP,0,35,43,40,16.690884435,-4.26731127333,0.784365720495,0.0
B15DMMP10.jpg,UV,15,DMMP,10,32,40,38,15.3001394374,-4.04741572526,0.138810602924,1.12197915785
B15DMMP50.jpg,UV,15,DMMP,50,31,38,36,14.4280075952,-3.64138682474,0.279994171645,1.72710299149
B15DMMP100.jpg,UV,15,DMMP,100,29,37,35,13.8599134871,-4.08855113598,0.146634174294,1.9647372873
B15DMMP500.jpg,UV,15,DMMP,500,29,37,35,13.8599134871,-4.08855113598,0.146634174294,1.9647372873
B15GA0.jpg,UV,15,GA,0,42,50,47,19.9581069622,-4.17587391745,0.755703568926,0.0
B15GA10.jpg,UV,15,GA,10,34,44,41,16.9959548939,-5.10081513105,0.517505183932,2.29067811543
B15GA50.jpg,UV,15,GA,50,35,43,41,16.7244003546,-4.00846464714,0.131888932811,2.2794423785
B15GA100.jpg,UV,15,GA,100,34,44,42,17.0297018093,-4.83548904386,-0.132677488501,2.28542150667
B15GA500.jpg,UV,15,GA,500,32,42,39,16.0513796108,-5.13212122146,0.526658688922,2.87406045687
B15GB0.jpg,UV,15,GB,0,49,59,55,23.8578710993,-5.13927041021,1.08567452616,0.0
B15GB10.jpg,UV,15,GB,10,37,47,45,18.4341745714,-4.79436708708,-0.138638462773,3.97097711918
B15GB50.jpg,UV,15,GB,50,37,47,44,18.4007523354,-5.05569794833,0.504875107054,3.85714601801
B15GB100.jpg,UV,15,GB,100,37,47,44,18.4007523354,-5.05569794833,0.504875107054,3.85714601801
B15GB500.jpg,UV,15,GB,500,35,45,42,17.465797829,-5.08553603066,0.513156093901,4.48348336662
B15GD0.jpg,UV,15,GD,0,48,58,53,23.3765533086,-5.39460338191,1.71413214043,0.0
B15GD10.jpg,UV,15,GD,10,38,48,45,18.8659239533,-5.04112802291,0.500929476411,3.35226383416
B15GD50.jpg,UV,15,GD,50,37,47,44,18.4007523354,-5.05569794833,0.504875107054,3.65008704583
B15GD100.jpg,UV,15,GD,100,38,49,45,19.2164188943,-5.69747002177,1.01037240562,3.00517000191
B15GD500.jpg,UV,15,GD,500,36,47,43,18.2874722012,-5.73020208105,1.02254161536,3.62607574784
B15GF0.jpg,UV,15,GF,0,50,59,55,23.9400710203,-4.72729451457,1.2151595427,0.0
B15GF10.jpg,UV,15,GF,10,37,48,45,18.7854418285,-5.4542804294,0.373923633679,3.78966255581
B15GF50.jpg,UV,15,GF,50,35,44,42,17.1117630553,-4.41823051317,-0.00297762163233,4.88741340257
B15GF100.jpg,UV,15,GF,100,37,47,44,18.4007523354,-5.05569794833,0.504875107054,3.95223217926
B15GF500.jpg,UV,15,GF,500,35,46,42,17.8207309878,-5.74694843859,1.02889700503,4.42638408496
B15VX0.jpg,UV,15,VX,0,45,54,50,21.6766981309,-4.79146951616,1.23967918947,0.0
B15VX10.jpg,UV,15,VX,10,36,46,43,17.9340534653,-5.07049880513,0.508948435836,2.68721422612
B15VX50.jpg,UV,15,VX,50,35,43,41,16.7244003546,-4.00846464714,0.131888932811,3.64886486076
B15VX100.jpg,UV,15,VX,100,35,45,42,17.465797829,-5.08553603066,0.513156093901,2.99376945352
B15VX500.jpg,UV,15,VX,500,33,44,41,16.9156945956,-5.51663343418,0.390866145642,3.45893578661
B16DMMP0.jpg,UV,16,DMMP,0,7,6,9,1.76271020882,0.678526326264,-1.04293414675,0.0
B16DMMP10.jpg,UV,16,DMMP,10,12,12,15,3.39269738695,0.503896680562,-1.37158622617,1.03985936439
B16DMMP50.jpg,UV,16,DMMP,50,5,5,7,1.41044113419,0.278000603596,-0.756682116432,0.669876208386
B16DMMP100.jpg,UV,16,DMMP,100,11,11,15,3.11614745697,0.65507351963,-1.78301552969,1.05907033184
B16DMMP500.jpg,UV,16,DMMP,500,5,6,7,1.6065190516,-0.122559933326,-0.470364095682,1.30151473671
B16GA0.jpg,UV,16,GA,0,7,7,11,1.99886627965,0.559598590988,-1.52311178064,0.0
B16GA10.jpg,UV,16,GA,10,14,14,18,4.07479924941,0.758988634652,-2.06588182156,1.34568983629
B16GA50.jpg,UV,16,GA,50,7,7,9,1.95878812624,0.277965789342,-0.756616125997,0.827107754638
B16GA100.jpg,UV,16,GA,100,13,13,17,3.73853835735,0.723866370685,-1.97027521695,1.12340544192
B16GA500.jpg,UV,16,GA,500,6,6,7,1.66482780318,0.138939376852,-0.378225574956,1.26142146796
B16GB0.jpg,UV,16,GB,0,8,8,12,2.27476368917,0.571695279601,-1.55604867278,0.0
B16GB10.jpg,UV,16,GB,10,16,16,19,4.76716228471,0.609230541248,-1.65833559389,1.47527419875
B16GB50.jpg,UV,16,GB,50,7,8,10,2.17465287069,0.0164490720361,-0.848721651507,1.04834661825
B16GB100.jpg,UV,16,GB,100,15,15,18,4.39789728428,0.582366136052,-1.5852018971,1.25166344126
B16GB500.jpg,UV,16,GB,500,7,7,8,1.9390012992,0.138921969725,-0.378192579739,1.29609853894
B16GD0.jpg,UV,16,GD,0,9,9,13,2.55185003683,0.592146743879,-1.61172403574,0.0
B16GD10.jpg,UV,16,GD,10,17,17,21,5.18675122462,0.867143408464,-2.36029483513,1.74240155496
B16GD50.jpg,UV,16,GD,50,8,9,11,2.44933086605,0.0199768273218,-0.85833721842,1.09333365684
B16GD100.jpg,UV,16,GD,100,16,16,22,4.86567055363,1.30145703874,-3.54230862281,2.3792841725
B16GD500.jpg,UV,16,GD,500,9,9,15,2.60088809135,0.936741579356,-2.54957801604,0.967849410836
B16GF0.jpg,UV,16,GF,0,9,9,12,2.52915035816,0.432634052857,-1.1775921313,0.0
B16GF10.jpg,UV,16,GF,10,16,17,20,5.07249220334,0.271254028055,-1.86107345237,1.65716485837
B16GF50.jpg,UV,16,GF,50,8,8,10,2.23296162226,0.277948382214,-0.75658313078,0.48957775847
B16GF100.jpg,UV,16,GF,100,16,16,21,4.83150066936,1.06134217765,-2.88880875857,2.23204092139
B16GF500.jpg,UV,16,GF,500,8,8,14,2.3213700546,0.899202416397,-2.44739654048,1.33191168233
B16VX0.jpg,UV,16,VX,0,8,8,12,2.27476368917,0.571695279601,-1.55604867278,0.0
B16VX10.jpg,UV,16,VX,10,14,14,15,3.99188582861,0.176348542602,-0.480160640755,1.54380961586
B16VX50.jpg,UV,16,VX,50,4,5,4,1.29277190151,-0.400630165431,0.286450001618,2.343650435
B16VX100.jpg,UV,16,VX,100,4,4,7,1.1560544652,0.41706183034,-1.13513865791,0.790262026497
B16VX500.jpg,UV,16,VX,500,2,2,5,0.607707473151,0.417096644595,-1.13520464834,1.06564426661
B17DMMP0.jpg,UV,17,DMMP,0,227,127,7,62.9521628423,32.2160510522,68.458992371,0.0
B17DMMP10.jpg,UV,17,DMMP,10,226,122,4,61.7414434029,34.3745539017,68.0789082771,1.6260456096
B17DMMP50.jpg,UV,17,DMMP,50,219,119,5,60.1309573847,33.0794341844,66.4064040175,2.64740617029
B17DMMP100.jpg,UV,17,DMMP,100,223,125,12,61.9859897183,31.6616002367,66.7731587371,0.924552995395
B17DMMP500.jpg,UV,17,DMMP,500,217,118,11,59.6503263884,32.8397293914,64.9646703764,3.18458874221
B17GA0.jpg,UV,17,GA,0,237,135,8,66.0241542983,32.1701014944,70.9861058118,0.0
B17GA10.jpg,UV,17,GA,10,231,133,11,64.7978262754,30.769663099,69.3551019224,1.1624886862
B17GA50.jpg,UV,17,GA,50,231,132,12,64.5819567017,31.3021183669,69.0533765165,1.27374012602
B17GA100.jpg,UV,17,GA,100,229,130,19,63.8968408944,31.6088066531,67.1287353668,2.05255095711
B17GA500.jpg,UV,17,GA,500,186,79,32,47.1556496971,40.7430597718,46.8251584705,21.6093943441
B17GB0.jpg,UV,17,GB,0,242,136,5,66.9015964945,33.6687155628,72.3041519551,0.0
B17GB10.jpg,UV,17,GB,10,239,136,6,66.5025979535,32.453266148,71.7098259534,0.637625578284
B17GB50.jpg,UV,17,GB,50,239,138,5,66.9333110835,31.4067046903,72.1293969211,1.1890908872
B17GB100.jpg,UV,17,GB,100,241,143,12,68.2978317294,29.6895175109,72.2066443856,2.41800980544
B17GB500.jpg,UV,17,GB,500,247,159,5,72.6188499503,23.7575858291,76.368074716,7.68723053258
B17GD0.jpg,UV,17,GD,0,242,139,4,67.5436503398,32.1102966362,72.8559865809,0.0
B17GD10.jpg,UV,17,GD,10,234,126,6,63.6985651676,35.5770165551,69.5647680692,4.12497815979
B17GD50.jpg,UV,17,GD,50,198,80,20,49.2492794007,44.5155045444,54.085616069,20.4964571445
B17GD100.jpg,UV,17,GD,100,182,62,25,43.4536583251,46.9230476469,46.4117802113,27.9294239405
B17GD500.jpg,UV,17,GD,500,144,22,10,30.7048229984,48.4323556991,39.7335032875,41.7865335414
B17GF0.jpg,UV,17,GF,0,242,140,5,67.761579144,31.6005997754,72.8599330942,0.0
B17GF10.jpg,UV,17,GF,10,228,116,13,60.7980571029,38.3366854979,66.124043258,7.87304085442
B17GF50.jpg,UV,17,GF,50,185,66,24,44.6316433602,46.2231398758,48.0334618384,26.5719444746
B17GF100.jpg,UV,17,GF,100,174,53,26,40.6093989154,47.9222779945,42.9295801175,31.9372200614
B17GF500.jpg,UV,17,GF,500,151,27,12,32.6828428945,49.2361118447,40.9863890079,40.3292165928
B17VX0.jpg,UV,17,VX,0,240,139,6,67.2836318888,31.306875659,72.2838045636,0.0
B17VX10.jpg,UV,17,VX,10,253,217,1,87.2487099232,-3.77698446976,87.186856274,25.9112125698
B17VX50.jpg,UV,17,VX,50,252,249,74,95.5570678491,-18.2795795537,79.2594620401,35.0390103562
B17VX100.jpg,UV,17,VX,100,252,251,140,96.6506125951,-14.7064791192,53.0439452466,34.4303235047
B17VX500.jpg,UV,17,VX,500,253,252,128,96.8466133318,-15.8690864665,58.858761418,34.8151282859
B18DMMP0.jpg,UV,18,DMMP,0,210,220,3,84.430282286,-23.4530080744,83.3339049864,0.0
B18DMMP10.jpg,UV,18,DMMP,10,218,225,2,86.3861576363,-22.5232139794,85.1410225976,1.47702943509
B18DMMP50.jpg,UV,18,DMMP,50,206,214,3,82.4985917851,-22.2353615727,81.76259833,1.39462049332
B18DMMP100.jpg,UV,18,DMMP,100,205,211,2,81.6059668138,-21.2093682176,81.1574213382,2.12604362047
B18DMMP500.jpg,UV,18,DMMP,500,222,229,2,87.7634499803,-22.7761929971,86.2961283634,2.34051648011
B18GA0.jpg,UV,18,GA,0,228,237,2,90.3532974492,-24.1068406364,88.4149976064,0.0
B18GA10.jpg,UV,18,GA,10,241,245,1,93.4550046465,-22.5541185325,91.2204282576,2.22514012497
B18GA50.jpg,UV,18,GA,50,234,234,2,90.0192784794,-20.1813644423,88.3753727307,1.85838719967
B18GA100.jpg,UV,18,GA,100,243,237,2,91.5187778792,-17.878870855,89.7960401429,3.18584763377
B18GA500.jpg,UV,18,GA,500,246,214,2,85.853308616,-5.23474270101,85.813532002,9.83277640712
B18GB0.jpg,UV,18,GB,0,233,241,2,91.7928323143,-23.9432790724,89.6481602722,0.0
B18GB10.jpg,UV,18,GB,10,244,248,2,94.4724343952,-22.7363682791,91.9995517473,1.8693351843
B18GB50.jpg,UV,18,GB,50,233,238,2,90.99824403,-22.5154546785,89.0614236778,0.788148122361
B18GB100.jpg,UV,18,GB,100,238,242,3,92.4380829047,-22.3479310026,90.2201494695,0.897487780463
B18GB500.jpg,UV,18,GB,500,240,237,2,91.2798889917,-19.1288188279,89.5134070635,2.283666511
B18GD0.jpg,UV,18,GD,0,234,243,2,92.3981358881,-24.4792083942,90.1293756988,0.0
B18GD10.jpg,UV,18,GD,10,248,247,2,94.5194653951,-20.6126624422,92.1727240088,2.40659526655
B18GD50.jpg,UV,18,GD,50,244,228,2,89.2652449727,-13.0648873903,88.1914456582,5.73373140361
B18GD100.jpg,UV,18,GD,100,245,230,2,89.8657502975,-13.6276869353,88.6653175276,5.36910388994
B18GD500.jpg,UV,18,GD,500,36,25,3,9.61699545896,2.39428215954,13.1981958733,86.4114159215
B18GF0.jpg,UV,18,GF,0,232,241,2,91.7176009762,-24.3552408884,89.5588586708,0.0
B18GF10.jpg,UV,18,GF,10,247,243,2,93.3995477282,-19.1098544237,91.3162083361,2.84544375242
B18GF50.jpg,UV,18,GF,50,244,224,2,88.2337207642,-11.0879623879,87.4443706833,6.72687831429
B18GF100.jpg,UV,18,GF,100,241,223,2,87.7195279501,-11.8615169288,86.9557580424,6.44183518967
B18GF500.jpg,UV,18,GF,500,36,26,3,9.95754081873,1.67111609507,13.6815837855,85.3038496965
B18VX0.jpg,UV,18,VX,0,226,236,2,89.9363960777,-24.4578330934,88.0392051436,0.0
B18VX10.jpg,UV,18,VX,10,238,243,2,92.7005864962,-22.8319608762,90.4882417904,2.04065372316
B18VX50.jpg,UV,18,VX,50,228,233,2,89.2891090571,-22.1978249592,87.6286702713,1.0945029834
B18VX100.jpg,UV,18,VX,100,227,231,2,88.6805856658,-21.6540018395,87.1452801048,1.46761882708
B18VX500.jpg,UV,18,VX,500,240,234,2,90.4953937632,-17.677305668,88.9389129116,3.33703231914
B19DMMP0.jpg,UV,19,DMMP,0,9,13,42,4.63409968326,7.64854084708,-19.3341340613,0.0
B19DMMP10.jpg,UV,19,DMMP,10,12,16,47,5.90660725533,9.35038462816,-21.0514599901,1.53899684265
B19DMMP50.jpg,UV,19,DMMP,50,12,16,51,6.21161197723,11.364040394,-23.5177658279,2.92800928051
B19DMMP100.jpg,UV,19,DMMP,100,12,17,53,6.64818364493,11.7351414456,-24.2805533692,3.29628653013
B19DMMP500.jpg,UV,19,DMMP,500,15,19,51,7.2825607092,10.1889319543,-21.7863807125,2.50375033987
B19GA0.jpg,UV,19,GA,0,11,16,44,5.6320572937,7.58312431142,-19.255145863,0.0
B19GA10.jpg,UV,19,GA,10,12,16,44,5.69544615455,7.86740656649,-19.1507398584,0.32175643115
B19GA50.jpg,UV,19,GA,50,10,14,40,4.80321213967,6.53996167251,-17.5495835127,1.20078038066
B19GA100.jpg,UV,19,GA,100,10,14,39,4.74255657634,6.11372955396,-16.8842514415,1.64219439156
B19GA500.jpg,UV,19,GA,500,13,17,41,5.83974624966,6.22779451322,-16.6664725804,1.60666013111
B19GB0.jpg,UV,19,GB,0,13,19,57,7.64721252313,12.4265816396,-25.5664979059,0.0
B19GB10.jpg,UV,19,GB,10,15,20,56,8.01473058262,11.6285045846,-24.2418791925,0.696904861371
B19GB50.jpg,UV,19,GB,50,14,19,57,7.7176618709,12.6277506082,-25.4489792323,0.213625416371
B19GB100.jpg,UV,19,GB,100,14,20,61,8.398118206,13.5831499948,-27.2159642589,0.925444363084
B19GB500.jpg,UV,19,GB,500,13,17,41,5.83974624966,6.22779451322,-16.6664725804,5.34423841931
B19GD0.jpg,UV,19,GD,0,11,16,46,5.77117415839,8.56071107693,-20.5273995971,0.0
B19GD10.jpg,UV,19,GD,10,12,16,43,5.62835116376,7.39592400989,-18.5074580928,1.20649969328
B19GD50.jpg,UV,19,GD,50,11,16,46,5.77117415839,8.56071107693,-20.5273995971,0.0
B19GD100.jpg,UV,19,GD,100,11,16,48,5.91693455472,9.58162890134,-21.7802088228,0.806268283979
B19GD500.jpg,UV,19,GD,500,12,17,40,5.71060581197,5.49037743575,-16.1196071026,3.01508757161
B19GF0.jpg,UV,19,GF,0,14,20,63,8.5884851185,14.4446622141,-28.3320599428,0.0
B19GF10.jpg,UV,19,GF,10,10,15,40,5.05225187925,6.03120733078,-17.1596153571,6.59450222636
B19GF50.jpg,UV,19,GF,50,11,16,46,5.77117415839,8.56071107693,-20.5273995971,4.44678622804
B19GF100.jpg,UV,19,GF,100,11,16,47,5.84321839447,9.06697242688,-21.1562349787,4.08433493733
B19GF500.jpg,UV,19,GF,500,12,17,41,5.77285377002,5.92779945568,-16.7762161758,6.67472992197
B19VX0.jpg,UV,19,VX,0,15,21,66,9.24764685242,15.1276067939,-29.381295452,0.0
B19VX10.jpg,UV,19,VX,10,18,24,71,10.8247394616,15.4668169459,-30.3115947297,1.0836269929
B19VX50.jpg,UV,19,VX,50,17,23,74,10.7490309154,17.3094815781,-32.5242235414,1.66003451516
B19VX100.jpg,UV,19,VX,100,17,23,77,11.0466953928,18.5575470239,-34.1124801436,2.33022612421
B19VX500.jpg,UV,19,VX,500,21,26,70,11.5540335921,14.1037336737,-28.4198763643,1.54384504549
B20DMMP0.jpg,UV,20,DMMP,0,30,32,40,12.3657880691,1.30627001847,-5.67843592539,0.0
B20DMMP10.jpg,UV,20,DMMP,10,24,26,33,9.34270106298,1.06940187972,-5.14903131223,1.97759158333
B20DMMP50.jpg,UV,20,DMMP,50,25,27,35,9.8905652226,1.36719288844,-5.80019299234,1.57207967381
B20DMMP100.jpg,UV,20,DMMP,100,24,26,32,9.29791531478,0.76310844342,-4.46862423186,2.27765549615
B20DMMP500.jpg,UV,20,DMMP,500,28,32,36,12.0057937235,-0.720558625723,-3.32421217405,3.46078722001
B20GA0.jpg,UV,20,GA,0,22,24,32,8.37753349081,1.41046729306,-5.8811454501,0.0
B20GA10.jpg,UV,20,GA,10,19,21,28,6.85235932719,1.03352218936,-5.17394422557,1.18996056532
B20GA50.jpg,UV,20,GA,50,26,29,37,10.790499114,0.923556557393,-5.9055979285,1.65886365377
B20GA100.jpg,UV,20,GA,100,21,22,29,7.42451548024,1.50094558891,-5.06051725348,0.913690380274
B20GA500.jpg,UV,20,GA,500,19,21,32,7.03695032282,2.33065977767,-7.95219668985,2.05293398078
B20GB0.jpg,UV,20,GB,0,27,29,37,10.8873175649,1.34132943592,-5.74966355581,0.0
B20GB10.jpg,UV,20,GB,10,25,26,34,9.48907213487,1.80611174135,-5.66465736705,1.10330017284
B20GB50.jpg,UV,20,GB,50,30,33,40,12.7150921802,0.580685817893,-5.15100315073,1.63576631755
B20GB100.jpg,UV,20,GB,100,25,27,33,9.80069007945,0.75477251044,-4.44800979427,1.45886023405
B20GB500.jpg,UV,20,GB,500,23,25,27,8.62402161662,-0.406682520086,-1.72755237237,4.42224642996
B20GD0.jpg,UV,20,GD,0,35,37,47,14.875355989,1.83996626744,-6.86363971635,0.0
B20GD10.jpg,UV,20,GD,10,30,33,42,12.8029118502,1.18377607951,-6.46659873632,1.6368588738
B20GD50.jpg,UV,20,GD,50,34,38,51,15.3038539758,1.95124778705,-9.05511425159,1.66494342617
B20GD100.jpg,UV,20,GD,100,30,34,45,13.2878002977,1.3921972873,-7.89235923759,1.49918061846
B20GD500.jpg,UV,20,GD,500,28,33,44,12.7118289091,1.01996797904,-8.06779343823,2.11071784011
B20GF0.jpg,UV,20,GF,0,37,39,47,15.7451622441,1.23812516976,-5.53025303189,0.0
B20GF10.jpg,UV,20,GF,10,30,32,39,12.3222998645,1.00989095397,-5.01677469648,2.28514575558
B20GF50.jpg,UV,20,GF,50,33,37,47,14.6886420187,1.03766257309,-7.16459090895,1.52023814072
B20GF100.jpg,UV,20,GF,100,32,35,45,13.8184144259,1.46313539582,-7.0671085459,1.75444127946
B20GF500.jpg,UV,20,GF,500,30,36,44,13.9408514874,-0.359899943393,-6.18175390174,2.63968961624
B20VX0.jpg,UV,20,VX,0,34,36,44,14.3082615382,1.26529979325,-5.5909592269,0.0
B20VX10.jpg,UV,20,VX,10,27,28,29,10.2001189954,-0.213242920677,-0.85417043569,5.28155383562
B20VX50.jpg,UV,20,VX,50,29,32,25,11.7187802489,-3.0953706881,4.29951302555,10.7383524157
B20VX100.jpg,UV,20,VX,100,28,31,25,11.2547232556,-2.88088939714,3.63116821483,10.1792512027
B20VX500.jpg,UV,20,VX,500,30,33,28,12.2707704916,-2.62589967168,2.91670491005,9.38506119586
B21DMMP0.jpg,UV,21,DMMP,0,13,7,20,2.60173826609,3.86806715498,-5.49558962585,0.0
B21DMMP10.jpg,UV,21,DMMP,10,10,5,22,2.0865064889,4.28756512411,-7.64997436532,1.72301630957
B21DMMP50.jpg,UV,21,DMMP,50,11,4,23,1.98574798955,5.205922591,-8.52120169153,2.57416015062
B21DMMP100.jpg,UV,21,DMMP,100,11,4,23,1.98574798955,5.205922591,-8.52120169153,2.57416015062
B21DMMP500.jpg,UV,21,DMMP,500,8,3,18,1.44902525607,3.66124558276,-5.94534584207,0.833128751196
B21GA0.jpg,UV,21,GA,0,15,11,23,3.63808174031,3.62414167455,-6.07545838608,0.0
B21GA10.jpg,UV,21,GA,10,11,5,23,2.18182590697,4.80536205408,-8.23488367078,2.13047879674
B21GA50.jpg,UV,21,GA,50,11,5,25,2.25699558645,5.3335861769,-9.67250561132,3.12577577454
B21GA100.jpg,UV,21,GA,100,10,4,22,1.89042857148,4.68812566103,-7.93629238607,2.00300445796
B21GA500.jpg,UV,21,GA,500,11,4,25,2.06091766903,5.73414671382,-9.95882363207,3.50417522034
B21GB0.jpg,UV,21,GB,0,22,15,32,5.56878097585,7.22481915094,-10.1631979461,0.0
B21GB10.jpg,UV,21,GB,10,12,5,24,2.28210776468,5.34889472816,-8.8402971041,2.79514380349
B21GB50.jpg,UV,21,GB,50,13,5,26,2.4269517386,6.19666197221,-10.2165157396,2.17751838049
B21GB100.jpg,UV,21,GB,100,11,4,22,1.95022400542,4.95629234793,-7.84180463456,3.38214610196
B21GB500.jpg,UV,21,GB,500,11,4,24,2.02264098641,5.46517301001,-9.22678114989,2.79559786454
B21GD0.jpg,UV,21,GD,0,22,15,32,5.56878097585,7.22481915094,-10.1631979461,0.0
B21GD10.jpg,UV,21,GD,10,13,5,25,2.38727692695,5.91786348951,-9.46663720103,2.32172697206
B21GD50.jpg,UV,21,GD,50,13,5,26,2.4269517386,6.19666197221,-10.2165157396,2.17751838049
B21GD100.jpg,UV,21,GD,100,11,4,24,2.02264098641,5.46517301001,-9.22678114989,2.79559786454
B21GD500.jpg,UV,21,GD,500,8,3,20,1.51073231884,4.09486668281,-7.12549491209,4.36892472355
B21GF0.jpg,UV,21,GF,0,23,15,33,5.72331336814,8.0445889689,-10.6886546663,0.0
B21GF10.jpg,UV,21,GF,10,12,5,25,2.32038444731,5.61786843196,-9.57233958628,3.19408687925
B21GF50.jpg,UV,21,GF,50,13,5,26,2.4269517386,6.19666197221,-10.2165157396,2.71083612346
B21GF100.jpg,UV,21,GF,100,12,4,24,2.08602984727,5.74945526508,-9.12661512485,3.19963246506
B21GF500.jpg,UV,21,GF,500,11,4,22,1.95022400542,4.95629234793,-7.84180463456,4.07269902517
B21VX0.jpg,UV,21,VX,0,21,14,31,5.17069268279,6.94219428171,-10.0033407066,0.0
B21VX10.jpg,UV,21,VX,10,12,5,25,2.32038444731,5.61786843196,-9.57233958628,2.19135163359
B21VX50.jpg,UV,21,VX,50,13,5,26,2.4269517386,6.19666197221,-10.2165157396,1.84588596821
B21VX100.jpg,UV,21,VX,100,12,4,24,2.08602984727,5.74945526508,-9.12661512485,2.22458270503
B21VX500.jpg,UV,21,VX,500,11,4,22,1.95022400542,4.95629234793,-7.84180463456,3.02202828688
B22DMMP0.jpg,UV,22,DMMP,0,21,22,36,7.77363660547,3.87255219195,-9.83224861707,0.0
B22DMMP10.jpg,UV,22,DMMP,10,20,20,37,7.0688929414,5.25508679516,-11.6871709257,1.84814963737
B22DMMP50.jpg,UV,22,DMMP,50,19,20,34,6.81281516087,3.70645043012,-9.81740246099,0.622979431064
B22DMMP100.jpg,UV,22,DMMP,100,20,21,35,7.28387582386,3.82466721142,-9.84258405221,0.306488855558
B22DMMP500.jpg,UV,22,DMMP,500,20,21,35,7.28387582386,3.82466721142,-9.84258405221,0.306488855558
B22GA0.jpg,UV,22,GA,0,20,21,35,7.28387582386,3.82466721142,-9.84258405221,0.0
B22GA10.jpg,UV,22,GA,10,17,17,31,5.59112613676,3.70872241669,-9.40053261676,1.07494103901
B22GA50.jpg,UV,22,GA,50,19,19,34,6.50059165031,4.34428062884,-10.2972444067,0.795728761738
B22GA100.jpg,UV,22,GA,100,20,21,35,7.28387582386,3.82466721142,-9.84258405221,0.0
B22GA500.jpg,UV,22,GA,500,18,18,32,6.01113053467,3.84535512912,-9.52410336077,0.8114946798
B22GB0.jpg,UV,22,GB,0,27,28,45,10.9422405454,4.68020006016,-11.5301232922,0.0
B22GB10.jpg,UV,22,GB,10,23,24,39,8.83949766225,4.15155533318,-10.4079905354,1.5752750348
B22GB50.jpg,UV,22,GB,50,24,25,41,9.39721252864,4.45789104405,-11.0177309287,1.04168658178
B22GB100.jpg,UV,22,GB,100,26,26,42,9.99621731321,4.79799110139,-10.8093829921,0.838399577323
B22GB500.jpg,UV,22,GB,500,22,23,38,8.3351497818,4.19159591331,-10.4532900655,1.82259780598
B22GD0.jpg,UV,22,GD,0,29,30,47,11.9239299741,4.60368395427,-11.4427910351,0.0
B22GD10.jpg,UV,22,GD,10,25,26,42,9.89618301214,4.4176177483,-10.9725424018,1.32638543006
B22GD50.jpg,UV,22,GD,50,26,28,43,10.7368184894,3.62468679562,-10.3951990587,1.43568676166
B22GD100.jpg,UV,22,GD,100,28,29,45,11.3801228823,4.30581167722,-10.8428044178,0.582934824326
B22GD500.jpg,UV,22,GD,500,25,27,42,10.2412768071,3.65929318926,-10.4369608715,1.58700450595
B22GF0.jpg,UV,22,GF,0,29,30,46,11.870608731,4.27125557281,-10.8013901336,0.0
B22GF10.jpg,UV,22,GF,10,25,26,43,9.95229299135,4.76269615341,-11.6212157725,1.39674621803
B22GF50.jpg,UV,22,GF,50,26,27,43,10.3929580952,4.37890877519,-10.9283479601,0.945518289911
B22GF100.jpg,UV,22,GF,100,27,28,43,10.8340239936,4.00679804498,-10.2369529836,0.793017294612
B22GF500.jpg,UV,22,GF,500,25,26,39,9.73477077291,3.4055652376,-9.0064762544,1.98550253626
B22VX0.jpg,UV,22,VX,0,27,28,44,10.8875884147,4.34166921508,-10.8851130463,0.0
B22VX10.jpg,UV,22,VX,10,25,25,42,9.55398942277,5.17970139951,-11.5050450052,1.27741457458
B22VX50.jpg,UV,22,VX,50,25,26,42,9.89618301214,4.4176177483,-10.9725424018,0.630575707871
B22VX100.jpg,UV,22,VX,100,26,27,42,10.3387119273,4.04086958832,-10.2782629497,0.595251351161
B22VX500.jpg,UV,22,VX,500,24,26,41,9.7435589873,3.69533772731,-10.479665966,1.05724662181
B23DMMP0.jpg,UV,23,DMMP,0,11,19,36,5.9997559487,2.37090929621,-12.6425354899,0.0
B23DMMP10.jpg,UV,23,DMMP,10,12,21,37,6.75665724902,1.74590440584,-12.2216798412,0.923680745208
B23DMMP50.jpg,UV,23,DMMP,50,12,22,39,7.21184583395,1.87340490894,-13.0173996161,1.05115241395
B23DMMP100.jpg,UV,23,DMMP,100,10,21,38,6.69097943286,1.59755868004,-13.0877021683,1.19266417086
B23DMMP500.jpg,UV,23,DMMP,500,13,19,33,5.97140210919,1.84044287976,-10.3863075178,1.54821488109
B23GA0.jpg,UV,23,GA,0,13,23,42,7.81751947134,2.7300404748,-14.3018625407,0.0
B23GA10.jpg,UV,23,GA,10,14,24,44,8.3801113325,3.07528721139,-14.8908971724,0.586499691938
B23GA50.jpg,UV,23,GA,50,15,26,46,9.30010511174,2.63447853273,-14.905207857,1.01840566237
B23GA100.jpg,UV,23,GA,100,13,23,43,7.88298726849,3.15817164869,-14.9411353112,0.558946722363
B23GA500.jpg,UV,23,GA,500,16,24,39,8.2166588735,1.64754166719,-11.4252047016,2.08166676052
B23GB0.jpg,UV,23,GB,0,13,22,41,7.40164183497,3.0352066139,-14.211692608,0.0
B23GB10.jpg,UV,23,GB,10,13,23,42,7.81751947134,2.7300404748,-14.3018625407,0.479902352809
B23GB50.jpg,UV,23,GB,50,14,25,45,8.80677810484,2.71544610537,-14.9540964705,1.12698549448
B23GB100.jpg,UV,23,GB,100,12,24,44,8.24628483943,2.53569316443,-15.1111838196,1.11277402119
B23GB500.jpg,UV,23,GB,500,14,21,36,6.83804901372,1.96867999154,-11.3288492739,2.08013183202
B23GD0.jpg,UV,23,GD,0,17,31,57,11.9203868571,3.92683993589,-18.689276622,0.0
B23GD10.jpg,UV,23,GD,10,19,36,62,14.103992647,2.73580809385,-18.7498514533,1.94552232045
B23GD50.jpg,UV,23,GD,50,19,36,63,14.1674490399,3.15019601066,-19.3488130154,1.82535876939
B23GD100.jpg,UV,23,GD,100,17,33,59,12.7503525036,3.25415214903,-18.7907718139,0.94159235512
B23GD500.jpg,UV,23,GD,500,18,26,48,9.6463777839,4.31242833104,-15.8062368635,2.54293322646
B23GF0.jpg,UV,23,GF,0,15,27,51,9.98696978861,3.96622099747,-17.4603357441,0.0
B23GF10.jpg,UV,23,GF,10,17,32,55,12.1421058335,2.33245293941,-16.9140446136,2.25222768608
B23GF50.jpg,UV,23,GF,50,17,32,57,12.2700495003,3.16804737451,-18.1348599103,1.85542929441
B23GF100.jpg,UV,23,GF,100,14,28,53,10.4148622332,3.80703551441,-18.2288400908,0.65116332508
B23GF500.jpg,UV,23,GF,500,16,23,42,8.03971780632,3.62269435344,-13.9366249251,2.4987413775
B23VX0.jpg,UV,23,VX,0,15,26,47,9.36477015756,3.05214375845,-15.535141701,0.0
B23VX10.jpg,UV,23,VX,10,16,29,51,10.760816984,2.68367667328,-16.2307522054,1.1419315693
B23VX50.jpg,UV,23,VX,50,17,31,54,11.7251112643,2.67162726553,-16.858612914,1.84450742171
B23VX100.jpg,UV,23,VX,100,15,30,52,11.1201321745,2.08705090576,-16.3877453094,1.82004722916
B23VX500.jpg,UV,23,VX,500,17,25,42,8.83660889804,2.38071858717,-12.6787104782,1.83215906554
B24DMMP0.jpg,UV,24,DMMP,0,11,19,36,5.9997559487,2.37090929621,-12.6425354899,0.0
B24DMMP10.jpg,UV,24,DMMP,10,12,21,36,6.7007071863,1.35273826478,-11.5524747482,1.44813582182
B24DMMP50.jpg,UV,24,DMMP,50,12,22,39,7.21184583395,1.87340490894,-13.0173996161,1.05115241395
B24DMMP100.jpg,UV,24,DMMP,100,10,21,37,6.63347295423,1.19345546388,-12.4225968537,1.56814164665
B24DMMP500.jpg,UV,24,DMMP,500,14,20,34,6.40543002498,1.87943597451,-10.4781878311,1.49789836666
B24GA0.jpg,UV,24,GA,0,13,23,42,7.81751947134,2.7300404748,-14.3018625407,0.0
B24GA10.jpg,UV,24,GA,10,14,25,46,8.87248391857,3.13804938237,-15.5852328539,1.04260370751
B24GA50.jpg,UV,24,GA,50,14,26,45,9.16945285332,1.94013546698,-14.3820643348,1.31406296271
B24GA100.jpg,UV,24,GA,100,13,24,43,8.24608641889,2.37533429294,-14.3675110395,0.532097759469
B24GA500.jpg,UV,24,GA,500,16,24,39,8.2166588735,1.64754166719,-11.4252047016,2.08166676052
B24GB0.jpg,UV,24,GB,0,13,22,41,7.40164183497,3.0352066139,-14.211692608,0.0
B24GB10.jpg,UV,24,GB,10,14,25,44,8.74227475231,2.29532127606,-14.3193216366,1.2635932982
B24GB50.jpg,UV,24,GB,50,14,25,45,8.80677810484,2.71544610537,-14.9540964705,1.12698549448
B24GB100.jpg,UV,24,GB,100,12,24,44,8.24628483943,2.53569316443,-15.1111838196,1.11277402119
B24GB500.jpg,UV,24,GB,500,14,21,36,6.83804901372,1.96867999154,-11.3288492739,2.08013183202
B24GD0.jpg,UV,24,GD,0,18,32,58,12.3964795467,3.830870837,-18.6402322377,0.0
B24GD10.jpg,UV,24,GD,10,20,37,64,14.6343488058,3.05796477123,-19.3036127925,1.82467577304
B24GD50.jpg,UV,24,GD,50,19,36,63,14.1674490399,3.15019601066,-19.3488130154,1.54232068321
B24GD100.jpg,UV,24,GD,100,17,33,58,12.6855353143,2.83352703297,-18.1860841331,1.03896096617
B24GD500.jpg,UV,24,GD,500,18,26,48,9.6463777839,4.31242833104,-15.8062368635,2.75366616939
B24GF0.jpg,UV,24,GF,0,16,28,51,10.4058009596,3.45034089648,-16.7922108806,0.0
B24GF10.jpg,UV,24,GF,10,18,33,56,12.6188284028,2.24907391553,-16.8692130323,2.01323139217
B24GF50.jpg,UV,24,GF,50,17,32,56,12.2055832711,2.74931703478,-17.5259514759,1.57911703947
B24GF100.jpg,UV,24,GF,100,14,28,52,10.346798421,3.37527244512,-17.6159737853,0.564848679291
B24GF500.jpg,UV,24,GF,500,16,23,42,8.03971780632,3.62269435344,-13.9366249251,2.45347282171
B24VX0.jpg,UV,24,VX,0,15,26,48,9.43059636074,3.47214292976,-16.1615534412,0.0
B24VX10.jpg,UV,24,VX,10,17,30,52,11.2441980164,2.60106355602,-16.1836747857,1.55079105853
B24VX50.jpg,UV,24,VX,50,17,31,54,11.7251112643,2.67162726553,-16.858612914,1.87548414754
B24VX100.jpg,UV,24,VX,100,15,30,52,11.1201321745,2.08705090576,-16.3877453094,2.02243093514
B24VX500.jpg,UV,24,VX,500,17,24,42,8.47725227293,3.15566906414,-13.2425905363,1.92010135041
B25DMMP0.jpg,UV,25,DMMP,0,5,4,11,1.29401502425,1.2382815814,-2.56634288435,0.0
B25DMMP10.jpg,UV,25,DMMP,10,5,4,11,1.29401502425,1.2382815814,-2.56634288435,0.0
B25DMMP50.jpg,UV,25,DMMP,50,5,4,11,1.29401502425,1.2382815814,-2.56634288435,0.0
B25DMMP100.jpg,UV,25,DMMP,100,4,4,13,1.27991669188,1.2874528776,-3.50400674312,0.834104348253
B25DMMP500.jpg,UV,25,DMMP,500,4,3,11,1.03962835526,1.37734280814,-2.94479942582,0.403438913423
B25GA0.jpg,UV,25,GA,0,6,5,13,1.59261211245,1.40989096103,-3.03341168091,0.0
B25GA10.jpg,UV,25,GA,10,6,5,14,1.6165187992,1.57788540681,-3.49062764418,0.443990896171
B25GA50.jpg,UV,25,GA,50,5,5,13,1.53430336087,1.14839165085,-3.12555020164,0.389324624225
B25GA100.jpg,UV,25,GA,100,5,4,15,1.38726349797,1.89354702325,-4.34972220269,1.25967762412
B25GA500.jpg,UV,25,GA,500,5,5,14,1.55821004763,1.31638609663,-3.5827661649,0.519803617048
B25GB0.jpg,UV,25,GB,0,6,6,14,1.81259671662,1.17732486988,-3.20430962343,0.0
B25GB10.jpg,UV,25,GB,10,6,6,14,1.81259671662,1.17732486988,-3.20430962343,0.0
B25GB50.jpg,UV,25,GB,50,6,6,14,1.81259671662,1.17732486988,-3.20430962343,0.0
B25GB100.jpg,UV,25,GB,100,5,5,16,1.60971476249,1.67831437697,-4.56779508396,1.30292712187
B25GB500.jpg,UV,25,GB,500,5,5,15,1.58334141539,1.49298648633,-4.06340418194,0.837181268309
B25GD0.jpg,UV,25,GD,0,7,6,14,1.87090546819,1.43882418006,-3.1121711027,0.0
B25GD10.jpg,UV,25,GD,10,6,6,14,1.81259671662,1.17732486988,-3.20430962343,0.389046123535
B25GD50.jpg,UV,25,GD,50,6,6,14,1.81259671662,1.17732486988,-3.20430962343,0.389046123535
B25GD100.jpg,UV,25,GD,100,6,6,16,1.86410143148,1.53925315023,-4.18933854249,0.936559819711
B25GD500.jpg,UV,25,GD,500,5,5,15,1.58334141539,1.49298648633,-4.06340418194,0.84599860793
B25GF0.jpg,UV,25,GF,0,7,6,14,1.87090546819,1.43882418006,-3.1121711027,0.0
B25GF10.jpg,UV,25,GF,10,6,6,14,1.81259671662,1.17732486988,-3.20430962343,0.389046123535
B25GF50.jpg,UV,25,GF,50,6,6,14,1.81259671662,1.17732486988,-3.20430962343,0.389046123535
B25GF100.jpg,UV,25,GF,100,6,6,16,1.86410143148,1.53925315023,-4.18933854249,0.936559819711
B25GF500.jpg,UV,25,GF,500,5,5,14,1.55821004763,1.31638609663,-3.5827661649,0.503593032369
B25VX0.jpg,UV,25,VX,0,6,6,14,1.81259671662,1.17732486988,-3.20430962343,0.0
B25VX10.jpg,UV,25,VX,10,6,6,13,1.78869002986,1.00933042411,-2.74709366016,0.453015485502
B25VX50.jpg,UV,25,VX,50,7,6,15,1.89603683595,1.61542456977,-3.59280911974,0.670368286028
B25VX100.jpg,UV,25,VX,100,6,6,16,1.86410143148,1.53925315023,-4.18933854249,0.945569182482
B25VX500.jpg,UV,25,VX,500,6,6,16,1.86410143148,1.53925315023,-4.18933854249,0.945569182482
B26DMMP0.jpg,UV,26,DMMP,0,3,2,7,0.705589878793,0.956683594006,-1.79991322013,0.0
B26DMMP10.jpg,UV,26,DMMP,10,4,3,8,0.979763374817,0.956666186879,-1.79988022492,0.158086374031
B26DMMP50.jpg,UV,26,DMMP,50,3,2,7,0.705589878793,0.956683594006,-1.79991322013,0.0
B26DMMP100.jpg,UV,26,DMMP,100,3,2,7,0.705589878793,0.956683594006,-1.79991322013,0.0
B26DMMP500.jpg,UV,26,DMMP,500,3,3,8,0.921454623244,0.695166876701,-1.89201874564,0.411617502802
B26GA0.jpg,UV,26,GA,0,4,3,9,0.999550201852,1.0957100065,-2.17830377117,0.0
B26GA10.jpg,UV,26,GA,10,5,4,10,1.27372369788,1.09569259937,-2.17827077596,0.158490972493
B26GA50.jpg,UV,26,GA,50,4,4,9,1.19562811927,0.695149469573,-1.89198575042,0.624900179704
B26GA100.jpg,UV,26,GA,100,4,4,10,1.2154149463,0.83419328919,-2.27040929668,0.410401225502
B26GA500.jpg,UV,26,GA,500,5,4,10,1.27372369788,1.09569259937,-2.17827077596,0.158490972493
B26GB0.jpg,UV,26,GB,0,4,4,10,1.2154149463,0.83419328919,-2.27040929668,0.0
B26GB10.jpg,UV,26,GB,10,5,5,11,1.49009294167,0.837721044476,-2.2800248636,0.159385147483
B26GB50.jpg,UV,26,GB,50,5,4,10,1.27372369788,1.09569259937,-2.17827077596,0.392418477571
B26GB100.jpg,UV,26,GB,100,5,4,10,1.27372369788,1.09569259937,-2.17827077596,0.392418477571
B26GB500.jpg,UV,26,GB,500,5,4,11,1.29401502425,1.2382815814,-2.56634288435,0.616505458473
B26GD0.jpg,UV,26,GD,0,4,4,9,1.19562811927,0.695149469573,-1.89198575042,0.0
B26GD10.jpg,UV,26,GD,10,5,5,11,1.49009294167,0.837721044476,-2.2800248636,0.434989360794
B26GD50.jpg,UV,26,GD,50,5,5,10,1.46980161529,0.695132062446,-1.89195275521,0.158762013094
B26GD100.jpg,UV,26,GD,100,5,4,10,1.27372369788,1.09569259937,-2.17827077596,0.616167508262
B26GD500.jpg,UV,26,GD,500,5,5,11,1.49009294167,0.837721044476,-2.2800248636,0.434989360794
B26GF0.jpg,UV,26,GF,0,4,4,9,1.19562811927,0.695149469573,-1.89198575042,0.0
B26GF10.jpg,UV,26,GF,10,5,5,11,1.49009294167,0.837721044476,-2.2800248636,0.434989360794
B26GF50.jpg,UV,26,GF,50,4,4,10,1.2154149463,0.83419328919,-2.27040929668,0.390512400261
B26GF100.jpg,UV,26,GF,100,4,4,10,1.2154149463,0.83419328919,-2.27040929668,0.390512400261
B26GF500.jpg,UV,26,GF,500,5,4,10,1.27372369788,1.09569259937,-2.17827077596,0.616167508262
B26VX0.jpg,UV,26,VX,0,4,4,9,1.19562811927,0.695149469573,-1.89198575042,0.0
B26VX10.jpg,UV,26,VX,10,5,4,10,1.27372369788,1.09569259937,-2.17827077596,0.616167508262
B26VX50.jpg,UV,26,VX,50,4,4,9,1.19562811927,0.695149469573,-1.89198575042,0.0
B26VX100.jpg,UV,26,VX,100,4,4,9,1.19562811927,0.695149469573,-1.89198575042,0.0
B26VX500.jpg,UV,26,VX,500,5,5,10,1.46980161529,0.695132062446,-1.89195275521,0.158762013094
B27DMMP0.jpg,UV,27,DMMP,0,4,5,12,1.45329493063,0.727379649654,-2.78355681793,0.0
B27DMMP10.jpg,UV,27,DMMP,10,5,5,14,1.55821004763,1.31638609663,-3.5827661649,1.0505464597
B27DMMP50.jpg,UV,27,DMMP,50,6,6,12,1.76599035119,0.849817733089,-2.31296175573,0.508044623392
B27DMMP100.jpg,UV,27,DMMP,100,6,6,12,1.76599035119,0.849817733089,-2.31296175573,0.508044623392
B27DMMP500.jpg,UV,27,DMMP,500,5,6,14,1.75428796505,0.915825559707,-3.29644814415,0.540238146574
B27GA0.jpg,UV,27,GA,0,5,6,15,1.77941933281,1.09242594941,-3.77708616119,0.0
B27GA10.jpg,UV,27,GA,10,6,7,16,2.0601793489,1.13869261331,-3.90302052174,0.203416329218
B27GA50.jpg,UV,27,GA,50,7,7,15,2.09211475337,1.21486403284,-3.30649109899,0.499587379244
B27GA100.jpg,UV,27,GA,100,7,8,15,2.28819267078,0.814303495922,-3.02017307824,0.799402631544
B27GA500.jpg,UV,27,GA,500,7,7,18,2.17502817416,1.79750412489,-4.89221227979,1.30266311905
B27GB0.jpg,UV,27,GB,0,6,7,16,2.0601793489,1.13869261331,-3.90302052174,0.0
B27GB10.jpg,UV,27,GB,10,6,8,17,2.28388953698,0.932306536549,-4.14517034667,0.401436236888
B27GB50.jpg,UV,27,GB,50,7,8,16,2.31456601788,0.999631386563,-3.52456398026,0.395013317553
B27GB100.jpg,UV,27,GB,100,7,9,16,2.5106439353,0.599070849641,-3.23824595951,0.966381585889
B27GB500.jpg,UV,27,GB,500,7,8,19,2.40130571751,1.60915908532,-5.18346283633,1.21152785387
B27GD0.jpg,UV,27,GD,0,6,7,16,2.0601793489,1.13869261331,-3.90302052174,0.0
B27GD10.jpg,UV,27,GD,10,7,8,17,2.34219828855,1.19380584673,-4.05303182594,0.218291077126
B27GD50.jpg,UV,27,GD,50,7,8,16,2.31456601788,0.999631386563,-3.52456398026,0.395013317553
B27GD100.jpg,UV,27,GD,100,8,9,16,2.56895268687,0.860570159819,-3.14610743879,0.795836983998
B27GD500.jpg,UV,27,GD,500,7,9,19,2.59738363492,1.20859854839,-4.89714481558,0.893424077695
B27GF0.jpg,UV,27,GF,0,6,7,16,2.0601793489,1.13869261331,-3.90302052174,0.0
B27GF10.jpg,UV,27,GF,10,6,7,17,2.08781161956,1.33286707347,-4.43148836742,0.50146219375
B27GF50.jpg,UV,27,GF,50,7,8,15,2.28819267078,0.814303495922,-3.02017307824,0.873700725869
B27GF100.jpg,UV,27,GF,100,7,9,16,2.5106439353,0.599070849641,-3.23824595951,0.966381585889
B27GF500.jpg,UV,27,GF,500,7,8,18,2.37110609158,1.39694358797,-4.60589425904,0.688457746368
B27VX0.jpg,UV,27,VX,0,6,7,15,2.0338060018,0.953364722666,-3.39862961972,0.0
B27VX10.jpg,UV,27,VX,10,6,7,16,2.0601793489,1.13869261331,-3.90302052174,0.489475811579
B27VX50.jpg,UV,27,VX,50,6,7,14,2.00867463404,0.776764332963,-2.91799160268,0.476741531849
B27VX100.jpg,UV,27,VX,100,6,8,13,2.1808458647,0.208209350267,-2.17445761867,1.49922767803
B27VX500.jpg,UV,27,VX,500,6,8,16,2.25625726631,0.738132076385,-3.61670250099,0.400689990545
B28DMMP0.jpg,UV,28,DMMP,0,24,48,133,23.6739860876,24.3064625557,-50.1137212449,0.0
B28DMMP10.jpg,UV,28,DMMP,10,22,47,132,23.2327842324,24.4104635868,-50.2121402925,0.31910777497
B28DMMP50.jpg,UV,28,DMMP,50,18,42,129,21.4641051066,26.3394091618,-51.2303702349,1.79548402919
B28DMMP100.jpg,UV,28,DMMP,100,22,48,136,23.8728314212,25.3204660342,-51.6669552332,0.480752992414
B28DMMP500.jpg,UV,28,DMMP,500,20,45,134,22.8130618708,26.4259269703,-52.1566948638,0.988337157614
B28GA0.jpg,UV,28,GA,0,25,55,148,26.9506691501,25.5439694695,-54.0531623924,0.0
B28GA10.jpg,UV,28,GA,10,22,48,139,24.1538301461,26.5170044302,-53.0756447948,2.29916394674
B28GA50.jpg,UV,28,GA,50,18,41,132,21.5043962166,28.2221167108,-53.0538270979,4.44451349193
B28GA100.jpg,UV,28,GA,100,21,45,134,22.8500188347,26.5089674889,-52.0946577902,3.34314251339
B28GA500.jpg,UV,28,GA,500,19,40,129,20.981624025,27.7948997653,-52.0217630203,4.86824514952
B28GB0.jpg,UV,28,GB,0,23,57,154,27.9543305531,26.3898178338,-56.0854823782,0.0
B28GB10.jpg,UV,28,GB,10,18,54,154,27.0147465842,28.0819011462,-57.6309721274,0.920071230221
B28GB50.jpg,UV,28,GB,50,15,43,140,22.7298376575,29.8247055455,-56.0458387392,4.36036658148
B28GB100.jpg,UV,28,GB,100,18,47,144,24.2395283144,28.8810016258,-56.0417831134,3.14225293218
B28GB500.jpg,UV,28,GB,500,16,43,141,22.8619891008,30.2773162821,-56.4492903121,4.33256042386
B28GD0.jpg,UV,28,GD,0,18,56,156,27.7261116781,27.515349012,-57.6838092052,0.0
B28GD10.jpg,UV,28,GD,10,12,47,152,24.8809662464,31.6938387727,-59.9200683439,2.72124434495
B28GD50.jpg,UV,28,GD,50,8,40,146,22.4562642606,33.8227739485,-60.2263037752,4.76368029702
B28GD100.jpg,UV,28,GD,100,11,44,150,23.9129481254,32.8633171939,-60.2877401429,3.60498710182
B28GD500.jpg,UV,28,GD,500,12,41,136,21.7291684208,29.4303210313,-55.1998682442,4.90447076346
B28GF0.jpg,UV,28,GF,0,17,55,158,27.6249112822,28.9287274196,-59.067550287,0.0
B28GF10.jpg,UV,28,GF,10,12,47,152,24.8809662464,31.6938387727,-59.9200683439,2.42347590892
B28GF50.jpg,UV,28,GF,50,8,40,148,22.6758392967,34.5885819708,-61.0995666869,4.43434371034
B28GF100.jpg,UV,28,GF,100,11,45,152,24.3662255968,32.9779884667,-60.7691170666,2.98992223861
B28GF500.jpg,UV,28,GF,500,11,42,139,22.2678780412,29.8914811155,-56.187361176,4.33349522996
B28VX0.jpg,UV,28,VX,0,22,53,149,26.4065789383,27.0599245447,-55.5622313532,0.0
B28VX10.jpg,UV,28,VX,10,18,51,148,25.6635940074,27.741616756,-56.1708709861,0.599414153709
B28VX50.jpg,UV,28,VX,50,12,42,139,22.2927944813,29.9411184132,-56.145448682,3.34079831509
B28VX100.jpg,UV,28,VX,100,15,46,147,24.1972057197,30.5553037129,-57.967897395,2.0914060495
B28VX500.jpg,UV,28,VX,500,13,43,145,23.1919514099,31.6753225298,-58.3897306026,2.96217188923
B29DMMP0.jpg,UV,29,DMMP,0,245,248,2,94.5488822423,-22.3250994041,92.0901721499,0.0
B29DMMP10.jpg,UV,29,DMMP,10,249,251,1,95.6385431141,-22.1125145172,93.1003437659,0.706797235641
B29DMMP50.jpg,UV,29,DMMP,50,247,249,1,94.9629091882,-21.9849895923,92.5352069956,0.330051896087
B29DMMP100.jpg,UV,29,DMMP,100,239,242,2,92.5138909414,-21.9427205085,90.385031904,1.27826699168
B29DMMP500.jpg,UV,29,DMMP,500,251,252,1,96.0528147789,-21.7656370281,93.4735597231,1.01334164324
B29GA0.jpg,UV,29,GA,0,249,251,1,95.6385431141,-22.1125145172,93.1003437659,0.0
B29GA10.jpg,UV,29,GA,10,252,253,1,96.3899386041,-21.8295905183,93.7555182457,0.500797716359
B29GA50.jpg,UV,29,GA,50,250,252,1,95.9759768323,-22.1762076237,93.3825855414,0.207667270358
B29GA100.jpg,UV,29,GA,100,249,251,2,95.6394575828,-22.1050658522,93.0304504166,0.0138189685882
B29GA500.jpg,UV,29,GA,500,252,253,1,96.3899386041,-21.8295905183,93.7555182457,0.500797716359
B29GB0.jpg,UV,29,GB,0,247,249,2,94.9638348267,-21.9774496302,92.4644633539,0.0
B29GB10.jpg,UV,29,GB,10,251,252,1,96.0528147789,-21.7656370281,93.4735597231,0.703482676437
B29GB50.jpg,UV,29,GB,50,250,252,1,95.9759768323,-22.1762076237,93.3825855414,0.628492118247
B29GB100.jpg,UV,29,GB,100,248,250,2,95.3017743126,-22.0412811536,92.7475681827,0.209255963663
B29GB500.jpg,UV,29,GB,500,252,253,1,96.3899386041,-21.8295905183,93.7555182457,0.903234715552
B29GD0.jpg,UV,29,GD,0,248,250,2,95.3017743126,-22.0412811536,92.7475681827,0.0
B29GD10.jpg,UV,29,GD,10,251,252,1,96.0528147789,-21.7656370281,93.4735597231,0.50680476848
B29GD50.jpg,UV,29,GD,50,250,251,2,95.7163504513,-21.6942188497,93.1215492414,0.323242599112
B29GD100.jpg,UV,29,GD,100,245,247,2,94.2871825172,-21.8496452616,91.8975815229,0.630143058294
B29GD500.jpg,UV,29,GD,500,251,252,1,96.0528147789,-21.7656370281,93.4735597231,0.50680476848
B29GF0.jpg,UV,29,GF,0,246,248,2,94.6256379549,-21.9135710706,92.1811348356,0.0
B29GF10.jpg,UV,29,GF,10,251,252,1,96.0528147789,-21.7656370281,93.4735597231,0.90658157545
B29GF50.jpg,UV,29,GF,50,249,251,2,95.6394575828,-22.1050658522,93.0304504166,0.627770057221
B29GF100.jpg,UV,29,GF,100,244,246,2,93.9484673236,-21.7856719882,91.6138023005,0.42249023992
B29GF500.jpg,UV,29,GF,500,252,253,1,96.3899386041,-21.8295905183,93.7555182457,1.10890302605
B29VX0.jpg,UV,29,VX,0,250,251,1,95.715437241,-21.7016361944,93.1913851218,0.0
B29VX10.jpg,UV,29,VX,10,252,253,1,96.3899386041,-21.8295905183,93.7555182457,0.414226197912
B29VX50.jpg,UV,29,VX,50,251,252,1,96.0528147789,-21.7656370281,93.4735597231,0.20749939375
B29VX100.jpg,UV,29,VX,100,244,246,2,93.9484673236,-21.7856719882,91.6138023005,1.11721201385
B29VX500.jpg,UV,29,VX,500,253,254,1,96.7268098567,-21.8934968765,94.0372616978,0.620185280607
