filename,light,dye,agent,conc,R,G,B,L,a,b,DeltaE
1AC0.jpg,Normal,1,AC,0,202,202,202,81.32559965257431,-0.0020597267201272196,0.0039042845194181552,0.0
1AC10.jpg,Normal,1,AC,10,199,199,197,80.1909652303264,-0.366943007464815,1.0021524989556996,1.3558781313719426
1AC50.jpg,Normal,1,AC,50,202,202,202,81.32559965257431,-0.0020597267201272196,0.0039042845194181552,0.0
1AC100.jpg,Normal,1,AC,100,201,201,201,80.9650090312265,-0.0020520954479019693,0.0038898191743630406,0.24656837143459104
1AC500.jpg,Normal,1,AC,500,194,194,192,78.37927912040634,-0.36860120689596876,1.0068455589310688,2.3265175751753575
1CG0.jpg,Normal,1,CG,0,203,202,200,81.35080720157639,-0.0203760368133743,1.1208087999398098,0.0
1CG10.jpg,Normal,1,CG,10,200,200,198,80.55227591617079,-0.3666169412695486,1.0012299889443632,0.7588071948496056
1CG50.jpg,Normal,1,CG,50,202,202,202,81.32559965257431,-0.0020597267201272196,0.0039042845194181552,1.0898020326028774
1CG100.jpg,Normal,1,CG,100,199,199,199,80.24281925177407,-0.0020368115598023984,0.003860848026127073,1.3287742115729886
1CG500.jpg,Normal,1,CG,500,192,192,190,77.65217265253787,-0.36927785156531945,1.0087614221691243,2.626529457963138
1CK0.jpg,Normal,1,CK,0,203,203,203,81.68585658553667,-0.0020673509302793214,0.003918736478314422,0.0
1CK10.jpg,Normal,1,CK,10,200,200,198,80.55227591617079,-0.3666169412695486,1.0012299889443632,1.3529660008595819
1CK50.jpg,Normal,1,CK,50,203,203,203,81.68585658553667,-0.0020673509302793214,0.003918736478314422,0.0
1CK100.jpg,Normal,1,CK,100,201,201,201,80.9650090312265,-0.0020520954479019693,0.0038898191743630406,0.491990692911302
1CK500.jpg,Normal,1,CK,500,194,194,192,78.37927912040634,-0.36860120689596876,1.0068455589310688,2.544580285990539
1HD0.jpg,Normal,1,HD,0,201,201,199,80.91324891318523,-0.3662926894924534,1.0003127172652615,0.0
1HD10.jpg,Normal,1,HD,10,198,198,196,79.82931495137717,-0.36727090643789984,1.0030803017467838,0.7471811350213782
1HD50.jpg,Normal,1,HD,50,201,201,201,80.9650090312265,-0.0020520954479019693,0.0038898191743630406,1.108382935787142
1HD100.jpg,Normal,1,HD,100,200,200,198,80.55227591617079,-0.3666169412695486,1.0012299889443632,0.24789117426845844
1HD500.jpg,Normal,1,HD,500,194,194,192,78.37927912040634,-0.36860120689596876,1.0068455589310688,1.760058686309624
1HN0.jpg,Normal,1,HN,0,201,201,200,80.9390512370987,-0.1845913311069869,0.5019743119679676,0.0
1HN10.jpg,Normal,1,HN,10,200,200,198,80.55227591617079,-0.3666169412695486,1.0012299889443632,0.6088619981039683
1HN50.jpg,Normal,1,HN,50,203,203,203,81.68585658553667,-0.0020673509302793214,0.003918736478314422,0.7580542166758063
1HN100.jpg,Normal,1,HN,100,200,200,200,80.60408285838321,-0.00204445707452372,0.003875340368453273,0.6063891178836615
1HN500.jpg,Normal,1,HN,500,195,195,193,78.74230721465229,-0.36826578771631535,1.0058960237681491,1.6199744478916651
1L0.jpg,Normal,1,L,0,201,201,201,80.9650090312265,-0.0020520954479019693,0.0038898191743630406,0.0
1L10.jpg,Normal,1,L,10,200,200,200,80.60408285838321,-0.00204445707452372,0.003875340368453273,0.247723580858684
1L50.jpg,Normal,1,L,50,202,202,202,81.32559965257431,-0.0020597267201272196,0.0039042845194181552,0.24656837143459104
1L100.jpg,Normal,1,L,100,200,200,200,80.60408285838321,-0.00204445707452372,0.003875340368453273,0.247723580858684
1L500.jpg,Normal,1,L,500,195,195,193,78.74230721465229,-0.36826578771631535,1.0058960237681491,1.9009666933673155
1PS0.jpg,Normal,1,PS,0,202,202,201,81.29966557572386,-0.18443158525649483,0.5015261938751792,0.0
1PS10.jpg,Normal,1,PS,10,198,198,196,79.82931495137717,-0.36727090643789984,1.0030803017467838,1.1515392625079017
1PS50.jpg,Normal,1,PS,50,202,202,202,81.32559965257431,-0.0020597267201272196,0.0039042845194181552,0.5608503922795005
1PS100.jpg,Normal,1,PS,100,199,199,199,80.24281925177407,-0.0020368115598023984,0.003860848026127073,0.9168485168873941
1PS500.jpg,Normal,1,PS,500,192,192,190,77.65217265253787,-0.36927785156531945,1.0087614221691243,2.598320831188041
2AC0.jpg,Normal,2,AC,0,198,198,196,79.82931495137717,-0.36727090643789984,1.0030803017467838,0.0
2AC10.jpg,Normal,2,AC,10,194,194,194,78.4313724547831,-0.0019984754449087205,0.0037881805705852756,1.4789463463073567
2AC50.jpg,Normal,2,AC,50,198,198,198,79.88121630968035,-0.002029158863603442,0.0038463420711343232,1.1114292582655965
2AC100.jpg,Normal,2,AC,100,200,200,200,80.60408285838321,-0.00204445707452372,0.003875340368453273,1.2329011786145805
2AC500.jpg,Normal,2,AC,500,196,196,194,79.10498789786705,-0.36793227751608093,1.0049520076062857,0.5040579374780244
2CG0.jpg,Normal,2,CG,0,196,196,194,79.10498789786705,-0.36793227751608093,1.0049520076062857,0.0
2CG10.jpg,Normal,2,CG,10,192,194,193,78.2514832500905,-0.8788630666038411,0.2623180838941641,1.1994457438291786
2CG50.jpg,Normal,2,CG,50,197,197,197,79.51927211064134,-0.002021498945348199,0.003831822426358933,1.1497330810272457
2CG100.jpg,Normal,2,CG,100,198,198,198,79.88121630968035,-0.002029158863603442,0.0038463420711343232,1.2369653555339766
2CG500.jpg,Normal,2,CG,500,195,195,193,78.74230721465229,-0.36826578771631535,1.0058960237681491,0.2538450363230593
2CK0.jpg,Normal,2,CK,0,198,198,196,79.82931495137717,-0.36727090643789984,1.0030803017467838,0.0
2CK10.jpg,Normal,2,CK,10,194,194,194,78.4313724547831,-0.0019984754449087205,0.0037881805705852756,1.4789463463073567
2CK50.jpg,Normal,2,CK,50,198,198,198,79.88121630968035,-0.002029158863603442,0.0038463420711343232,1.1114292582655965
2CK100.jpg,Normal,2,CK,100,199,199,199,80.24281925177407,-0.0020368115598023984,0.003860848026127073,1.1470650462932124
2CK500.jpg,Normal,2,CK,500,194,194,194,78.4313724547831,-0.0019984754449087205,0.0037881805705852756,1.4789463463073567
2HD0.jpg,Normal,2,HD,0,195,195,193,78.74230721465229,-0.36826578771631535,1.0058960237681491,0.0
2HD10.jpg,Normal,2,HD,10,194,194,192,78.37927912040634,-0.36860120689596876,1.0068455589310688,0.2550710255527078
2HD50.jpg,Normal,2,HD,50,195,195,195,78.79435215537133,-0.002006157277745224,0.003802741755198902,1.1145274587183711
2HD100.jpg,Normal,2,HD,100,198,198,196,79.82931495137717,-0.36727090643789984,1.0030803017467838,0.757897209392892
2HD500.jpg,Normal,2,HD,500,195,195,193,78.74230721465229,-0.36826578771631535,1.0058960237681491,0.0
2HN0.jpg,Normal,2,HN,0,196,196,194,79.10498789786705,-0.36793227751608093,1.0049520076062857,0.0
2HN10.jpg,Normal,2,HN,10,195,195,193,78.74230721465229,-0.36826578771631535,1.0058960237681491,0.2538450363230593
2HN50.jpg,Normal,2,HN,50,196,196,196,79.15698471315477,-0.002013831763958418,0.0038172890139742677,1.113488860503329
2HN100.jpg,Normal,2,HN,100,200,200,199,80.57810121627014,-0.1847519956485466,0.5024250086818727,1.160463230080393
2HN500.jpg,Normal,2,HN,500,197,197,195,79.46732315526869,-0.3676006568192891,1.0040134525913347,0.2526310263653234
2L0.jpg,Normal,2,L,0,196,196,194,79.10498789786705,-0.36793227751608093,1.0049520076062857,0.0
2L10.jpg,Normal,2,L,10,195,195,193,78.74230721465229,-0.36826578771631535,1.0058960237681491,0.2538450363230593
2L50.jpg,Normal,2,L,50,197,197,197,79.51927211064134,-0.002021498945348199,0.003831822426358933,1.1497330810272457
2L100.jpg,Normal,2,L,100,200,200,200,80.60408285838321,-0.00204445707452372,0.003875340368453273,1.5224387928629723
2L500.jpg,Normal,2,L,500,197,197,195,79.46732315526869,-0.3676006568192891,1.0040134525913347,0.2526310263653234
2PS0.jpg,Normal,2,PS,0,196,196,194,79.10498789786705,-0.36793227751608093,1.0049520076062857,0.0
2PS10.jpg,Normal,2,PS,10,190,192,191,77.52413411859462,-0.8805428626519896,0.2628020577904788,1.5241570664195572
2PS50.jpg,Normal,2,PS,50,194,194,194,78.4313724547831,-0.0019984754449087205,0.0037881805705852756,1.208982450811659
2PS100.jpg,Normal,2,PS,100,198,198,198,79.88121630968035,-0.002029158863603442,0.0038463420711343232,1.2369653555339766
2PS500.jpg,Normal,2,PS,500,192,192,190,77.65217265253787,-0.36927785156531945,1.0087614221691243,1.0227649923680961
3AC0.jpg,Normal,3,AC,0,200,158,141,68.5028577686095,13.106751497780122,14.830956314290656,0.0
3AC10.jpg,Normal,3,AC,10,196,153,136,66.74675256917027,13.605538142483663,15.093055595246007,1.446373170673207
3AC50.jpg,Normal,3,AC,50,197,154,137,67.11884743860944,13.583397563965926,15.071379508037452,1.1551704647700676
3AC100.jpg,Normal,3,AC,100,199,158,138,68.33832984518602,12.31229367770792,16.24545385947993,1.414741095191708
3AC500.jpg,Normal,3,AC,500,196,153,136,66.74675256917027,13.605538142483663,15.093055595246007,1.446373170673207
3CG0.jpg,Normal,3,CG,0,197,154,137,67.11884743860944,13.583397563965926,15.071379508037452,0.0
3CG10.jpg,Normal,3,CG,10,191,148,131,64.88047784490678,13.719001590052905,15.204137239609516,1.8213058978895882
3CG50.jpg,Normal,3,CG,50,197,155,137,67.367731148772,13.035315200113251,15.418266270533687,0.6363035124682127
3CG100.jpg,Normal,3,CG,100,192,149,131,65.23304268851471,13.56295294718668,15.710009771901156,1.5917258258034226
3CG500.jpg,Normal,3,CG,500,184,150,130,64.65680617587448,9.707013205387248,15.34473686543365,4.084517522663426
3CK0.jpg,Normal,3,CK,0,198,155,138,67.49056057136647,13.561435341956196,15.04987760824552,0.0
3CK10.jpg,Normal,3,CK,10,195,152,135,66.37427385683482,13.627859468547388,15.114908345456769,0.8977609035602402
3CK50.jpg,Normal,3,CK,50,200,157,140,68.23284996557477,13.51803661237877,15.007386707834902,0.5901771117186296
3CK100.jpg,Normal,3,CK,100,199,154,136,67.30169790436804,14.235038655516563,15.911954178486877,0.6116085866557812
3CK500.jpg,Normal,3,CK,500,195,152,135,66.37427385683482,13.627859468547388,15.114908345456769,0.8977609035602402
3HD0.jpg,Normal,3,HD,0,199,157,139,68.11046621798661,12.992705247611758,15.375226671031239,0.0
3HD10.jpg,Normal,3,HD,10,197,154,137,67.11884743860944,13.583397563965926,15.071379508037452,1.0020994022484009
3HD50.jpg,Normal,3,HD,50,193,148,129,65.04516914074311,14.247978820694895,16.581598718359025,2.6576758395369042
3HD100.jpg,Normal,3,HD,100,194,149,130,65.41868059558226,14.223458741012053,16.55703485011486,2.3678723773477035
3HD500.jpg,Normal,3,HD,500,197,159,140,68.4326539353036,11.253134301733025,15.24146081484108,1.510101381323165
3HN0.jpg,Normal,3,HN,0,197,155,137,67.367731148772,13.035315200113251,15.418266270533687,0.0
3HN10.jpg,Normal,3,HN,10,193,150,131,65.58539125400985,13.407817424173574,16.214832732096273,1.5180695735761605
3HN50.jpg,Normal,3,HN,50,196,150,134,65.95961275490214,14.986952331704828,15.109746537596669,2.0363711993480726
3HN100.jpg,Normal,3,HN,100,198,152,136,66.7042679691352,14.938837530877825,15.064627527031105,1.7538705963646144
3HN500.jpg,Normal,3,HN,500,199,158,140,68.38106067851609,12.581029510460862,15.199197152196398,0.8756249400447134
3L0.jpg,Normal,3,L,0,202,165,147,70.57704171313674,10.89442337977442,14.452566974020598,0.0
3L10.jpg,Normal,3,L,10,195,152,135,66.37427385683482,13.627859468547388,15.114908345456769,3.9879840556873405
3L50.jpg,Normal,3,L,50,196,153,136,66.74675256917027,13.605538142483663,15.093055595246007,3.7342435760385286
3L100.jpg,Normal,3,L,100,195,157,138,67.68968693458869,11.290997159876138,15.282506833431842,2.316754873328569
3L500.jpg,Normal,3,L,500,197,162,143,69.25232485116388,10.030205362684452,14.729801462830249,1.3736544053813093
3PS0.jpg,Normal,3,PS,0,193,150,133,65.62815639176856,13.673054142876783,15.159153984932505,0.0
3PS10.jpg,Normal,3,PS,10,186,140,124,62.2130281772277,15.239637440731425,15.347242373589864,3.089261587042553
3PS50.jpg,Normal,3,PS,50,191,145,129,64.0912376065506,15.110693043808965,15.225928851366977,1.696381957390879
3PS100.jpg,Normal,3,PS,100,192,147,129,64.69241398439021,14.402684560727351,16.076790221599026,0.9948635766901435
3PS500.jpg,Normal,3,PS,500,183,140,122,61.852421953355474,13.779350833348747,15.926202637207808,3.194671258137951
4AC0.jpg,Normal,4,AC,0,200,200,200,80.60408285838321,-0.00204445707452372,0.003875340368453273,0.0
4AC10.jpg,Normal,4,AC,10,199,199,197,80.1909652303264,-0.366943007464815,1.0021524989556996,1.1457457111820397
4AC50.jpg,Normal,4,AC,50,200,200,200,80.60408285838321,-0.00204445707452372,0.003875340368453273,0.0
4AC100.jpg,Normal,4,AC,100,198,198,196,79.82931495137717,-0.36727090643789984,1.0030803017467838,1.2329011786145805
4AC500.jpg,Normal,4,AC,500,201,201,200,80.9390512370987,-0.1845913311069869,0.5019743119679676,0.6063891178836615
4CG0.jpg,Normal,4,CG,0,200,200,200,80.60408285838321,-0.00204445707452372,0.003875340368453273,0.0
4CG10.jpg,Normal,4,CG,10,197,197,195,79.46732315526869,-0.3676006568192891,1.0040134525913347,1.3617895576629444
4CG50.jpg,Normal,4,CG,50,200,200,200,80.60408285838321,-0.00204445707452372,0.003875340368453273,0.0
4CG100.jpg,Normal,4,CG,100,198,198,198,79.88121630968035,-0.002029158863603442,0.0038463420711343232,0.49895543461925457
4CG500.jpg,Normal,4,CG,500,202,202,202,81.32559965257431,-0.0020597267201272196,0.0039042845194181552,0.49429016937564785
4CK0.jpg,Normal,4,CK,0,198,198,196,79.82931495137717,-0.36727090643789984,1.0030803017467838,0.0
4CK10.jpg,Normal,4,CK,10,198,198,196,79.82931495137717,-0.36727090643789984,1.0030803017467838,0.0
4CK50.jpg,Normal,4,CK,50,200,200,200,80.60408285838321,-0.00204445707452372,0.003875340368453273,1.2329011786145805
4CK100.jpg,Normal,4,CK,100,198,198,198,79.88121630968035,-0.002029158863603442,0.0038463420711343232,1.1114292582655965
4CK500.jpg,Normal,4,CK,500,203,203,203,81.68585658553667,-0.0020673509302793214,0.003918736478314422,1.690679058093008
4HD0.jpg,Normal,4,HD,0,198,198,196,79.82931495137717,-0.36727090643789984,1.0030803017467838,0.0
4HD10.jpg,Normal,4,HD,10,198,198,196,79.82931495137717,-0.36727090643789984,1.0030803017467838,0.0
4HD50.jpg,Normal,4,HD,50,202,202,200,81.27388610615965,-0.3659702340396698,0.999400630281233,0.9939046951387968
4HD100.jpg,Normal,4,HD,100,197,197,195,79.46732315526869,-0.3676006568192891,1.0040134525913347,0.2514288123974051
4HD500.jpg,Normal,4,HD,500,202,202,202,81.32559965257431,-0.0020597267201272196,0.0039042845194181552,1.5142888975207955
4HN0.jpg,Normal,4,HN,0,200,200,198,80.55227591617079,-0.3666169412695486,1.0012299889443632,0.0
4HN10.jpg,Normal,4,HN,10,199,199,199,80.24281925177407,-0.0020368115598023984,0.003860848026127073,1.1291592752551096
4HN50.jpg,Normal,4,HN,50,201,201,201,80.9650090312265,-0.0020520954479019693,0.0038898191743630406,1.1444359870379177
4HN100.jpg,Normal,4,HN,100,198,198,196,79.82931495137717,-0.36727090643789984,1.0030803017467838,0.49929543218084926
4HN500.jpg,Normal,4,HN,500,203,203,203,81.68585658553667,-0.0020673509302793214,0.003918736478314422,1.3529660008595819
4L0.jpg,Normal,4,L,0,200,200,200,80.60408285838321,-0.00204445707452372,0.003875340368453273,0.0
4L10.jpg,Normal,4,L,10,199,199,197,80.1909652303264,-0.366943007464815,1.0021524989556996,1.1457457111820397
4L50.jpg,Normal,4,L,50,202,202,202,81.32559965257431,-0.0020597267201272196,0.0039042845194181552,0.49429016937564785
4L100.jpg,Normal,4,L,100,198,198,196,79.82931495137717,-0.36727090643789984,1.0030803017467838,1.2329011786145805
4L500.jpg,Normal,4,L,500,202,202,201,81.29966557572386,-0.18443158525649483,0.5015261938751792,0.7358099812506081
4PS0.jpg,Normal,4,PS,0,198,198,196,79.82931495137717,-0.36727090643789984,1.0030803017467838,0.0
4PS10.jpg,Normal,4,PS,10,195,195,193,78.74230721465229,-0.36826578771631535,1.0058960237681491,0.757897209392892
4PS50.jpg,Normal,4,PS,50,199,199,199,80.24281925177407,-0.0020368115598023984,0.003860848026127073,1.1470650462932124
4PS100.jpg,Normal,4,PS,100,196,196,196,79.15698471315477,-0.002013831763958418,0.0038172890139742677,1.205339870304099
4PS500.jpg,Normal,4,PS,500,202,202,201,81.29966557572386,-0.18443158525649483,0.5015261938751792,1.1515392625079017
5AC0.jpg,Normal,5,AC,0,211,35,143,48.307658503001576,72.17764306021273,-15.63860172214877,0.0
5AC10.jpg,Normal,5,AC,10,205,31,142,46.86348960301149,71.53859152111502,-17.33826334299582,1.5807701987303298
5AC50.jpg,Normal,5,AC,50,211,35,145,48.384485862726535,72.3945869691251,-16.7260719063532,0.4100441043289392
5AC100.jpg,Normal,5,AC,100,215,39,151,49.66096180528271,73.08334156991265,-18.31010031077942,1.6656264089929351
5AC500.jpg,Normal,5,AC,500,214,36,150,49.20819016741481,73.4085989778232,-18.420259240590163,1.3557863912695958
5CG0.jpg,Normal,5,CG,0,208,35,139,47.597590371120845,71.06086398625222,-14.354082349722063,0.0
5CG10.jpg,Normal,5,CG,10,203,30,141,46.380494178212665,71.17870711948243,-17.50452068143835,1.685945361061473
5CG50.jpg,Normal,5,CG,50,204,31,138,46.51958484499907,70.87765671298813,-15.456212734093588,1.1387723013913311
5CG100.jpg,Normal,5,CG,100,211,34,143,48.23459693100369,72.38836614669403,-15.749775498970298,0.8428668572373187
5CG500.jpg,Normal,5,CG,500,210,32,142,47.86874014131607,72.46177105346513,-15.720471678068737,0.6195820090246218
5CK0.jpg,Normal,5,CK,0,210,34,142,48.01003824804502,72.05383837158202,-15.505466223809217,0.0
5CK10.jpg,Normal,5,CK,10,205,31,142,46.86348960301149,71.53859152111502,-17.33826334299582,1.3427092921669659
5CK50.jpg,Normal,5,CK,50,209,34,144,47.900922485945976,72.04415070141879,-16.894925757961875,0.537711071183524
5CK100.jpg,Normal,5,CK,100,214,37,151,49.32267094992493,73.3038861946118,-18.843726110933122,1.7859055579144338
5CK500.jpg,Normal,5,CK,500,213,34,150,48.87890604181921,73.60310013221272,-18.940400745232864,1.5223516902067977
5HD0.jpg,Normal,5,HD,0,212,37,142,48.60710290780891,71.86317153753919,-14.5636511223876,0.0
5HD10.jpg,Normal,5,HD,10,205,31,141,46.82410666108349,71.42883365586583,-16.793319754908985,1.962818369406667
5HD50.jpg,Normal,5,HD,50,208,36,144,47.86551790826195,71.38425825286582,-16.965661570843938,1.1979408701901424
5HD100.jpg,Normal,5,HD,100,212,36,148,48.76088502674257,72.73624215283259,-17.93778355422091,1.2549943388084068
5HD500.jpg,Normal,5,HD,500,209,32,146,47.837984706140226,72.67337160912946,-18.195971134494158,1.5433542610285371
5HN0.jpg,Normal,5,HN,0,210,34,142,48.01003824804502,72.05383837158202,-15.505466223809217,0.0
5HN10.jpg,Normal,5,HN,10,204,31,141,46.63660034941239,71.20445623284755,-17.096431111790867,1.5079048681533207
5HN50.jpg,Normal,5,HN,50,211,35,144,48.3459249554286,72.28575047203157,-16.182815430824206,0.416335021332238
5HN100.jpg,Normal,5,HN,100,214,36,150,49.20819016741481,73.4085989778232,-18.420259240590163,1.5996355041983423
5HN500.jpg,Normal,5,HN,500,212,33,150,48.62392354890291,73.58359602131004,-19.347167996890757,1.5257865508431172
5L0.jpg,Normal,5,L,0,210,34,142,48.01003824804502,72.05383837158202,-15.505466223809217,0.0
5L10.jpg,Normal,5,L,10,206,31,138,46.89606933393695,71.3304444570128,-14.848793321195553,1.1270225757738377
5L50.jpg,Normal,5,L,50,211,35,143,48.307658503001576,72.17764306021273,-15.63860172214877,0.2992339615905747
5L100.jpg,Normal,5,L,100,212,34,144,48.45908584480064,72.72232099289727,-15.993479170312131,0.4948059986886707
5L500.jpg,Normal,5,L,500,214,34,144,48.831587517193185,73.17443976066795,-15.392438729616709,0.8618980003457138
5PS0.jpg,Normal,5,PS,0,203,35,138,46.627448968185746,69.79768554729543,-15.3092502716075,0.0
5PS10.jpg,Normal,5,PS,10,202,30,140,46.15286329263569,70.84475282827712,-17.263008734643172,0.8670418140430103
5PS50.jpg,Normal,5,PS,50,204,33,139,46.701186763813496,70.57326631714317,-15.786225124261556,0.2449445956800873
5PS100.jpg,Normal,5,PS,100,210,38,146,48.4695134251063,71.61174270995902,-17.214481692342787,1.96451513860333
5PS500.jpg,Normal,5,PS,500,208,34,146,47.79398889846594,72.0400541024273,-18.279686240973668,1.6118946200158788
6AC0.jpg,Normal,6,AC,0,7,39,117,19.14013533943843,22.778966425984095,-47.42241610218603,0.0
6AC10.jpg,Normal,6,AC,10,6,34,108,16.820504594621724,22.511986654092958,-45.41370214324879,1.8235853022913937
6AC50.jpg,Normal,6,AC,50,6,38,117,18.837263398007657,23.43338715172827,-47.92069585295371,0.33062495052957536
6AC100.jpg,Normal,6,AC,100,9,40,120,19.765734666161215,23.44642250513998,-48.31474668603991,0.5132236781912988
6AC500.jpg,Normal,6,AC,500,7,38,114,18.56520933146745,22.23114683850835,-46.436125401294014,0.503236151419735
6CG0.jpg,Normal,6,CG,0,9,38,116,18.820000745546615,23.20295885225582,-47.30345763360392,0.0
6CG10.jpg,Normal,6,CG,10,5,33,107,16.409858470976275,22.741652143840053,-45.43770166272518,1.799400495209388
6CG50.jpg,Normal,6,CG,50,8,36,114,18.043448089113014,23.73345709656277,-47.29178398603266,0.6276268804237746
6CG100.jpg,Normal,6,CG,100,11,40,118,19.622949738332764,22.735369024271062,-47.267450467936754,0.6186675648051534
6CG500.jpg,Normal,6,CG,500,9,39,113,18.80341804878578,21.21694061794688,-45.39840898979486,0.7589228653981254
6CK0.jpg,Normal,6,CK,0,7,39,116,19.041302958260175,22.356533553927026,-46.942363625494764,0.0
6CK10.jpg,Normal,6,CK,10,7,35,109,17.230129875664133,22.28142080663753,-45.39052439556569,1.4550543300244108
6CK50.jpg,Normal,6,CK,50,6,37,117,18.564674340999474,24.148249133383093,-48.368588814621695,0.768666396738375
6CK100.jpg,Normal,6,CK,100,7,38,118,18.965815306166498,23.915003318325965,-48.350132372681806,0.5931895378736569
6CK500.jpg,Normal,6,CK,500,7,36,113,17.912320714245595,23.249528760754202,-46.86260738610122,0.9751477226059095
6HD0.jpg,Normal,6,HD,0,6,35,113,17.61040915609184,23.901422009795308,-47.359885394593995,0.0
6HD10.jpg,Normal,6,HD,10,6,32,107,16.1691704472305,23.532443108785216,-45.832331452462505,1.1548012317531031
6HD50.jpg,Normal,6,HD,50,9,38,116,18.820000745546615,23.20295885225582,-47.30345763360392,0.9207357467493964
6HD100.jpg,Normal,6,HD,100,6,38,117,18.837263398007657,23.43338715172827,-47.92069585295371,1.0008089883424631
6HD500.jpg,Normal,6,HD,500,6,35,111,17.404010751767892,23.059758353239175,-46.404432616977644,0.3590950240035279
6HN0.jpg,Normal,6,HN,0,6,38,115,18.636632515499294,22.589206427312575,-46.964233447444,0.0
6HN10.jpg,Normal,6,HN,10,6,34,108,16.820504594621724,22.511986654092958,-45.41370214324879,1.4526106744006342
6HN50.jpg,Normal,6,HN,50,9,38,118,19.020670760037703,24.03774620696003,-48.25798957179488,0.6098389496767426
6HN100.jpg,Normal,6,HN,100,8,39,119,19.366165924379693,23.681035657968362,-48.3321880604627,0.666147688089137
6HN500.jpg,Normal,6,HN,500,7,35,112,17.536842871690993,23.546952973083208,-46.832845881659054,0.9965718111926594
6L0.jpg,Normal,6,L,0,10,37,115,18.474250049399018,23.563678875026945,-47.226625454860596,0.0
6L10.jpg,Normal,6,L,10,6,33,107,16.441801496933145,22.811689673195495,-45.384027579919675,1.520218393647656
6L50.jpg,Normal,6,L,50,9,38,116,18.820000745546615,23.20295885225582,-47.30345763360392,0.3510352878336072
6L100.jpg,Normal,6,L,100,11,40,118,19.622949738332764,22.735369024271062,-47.267450467936754,0.9544267612543881
6L500.jpg,Normal,6,L,500,9,37,113,18.245143293633568,22.661802202994185,-46.313941997164896,0.3787160416269592
6PS0.jpg,Normal,6,PS,0,6,35,112,17.506954583382843,23.481345577724994,-46.88306517329438,0.0
6PS10.jpg,Normal,6,PS,10,4,33,105,16.170064795692326,21.81596522311771,-44.52571644679675,1.1761797116745407
6PS50.jpg,Normal,6,PS,50,7,35,111,17.434083293756686,23.12658765059511,-46.35391225637465,0.17565470591318416
6PS100.jpg,Normal,6,PS,100,8,37,113,18.216480146620846,22.595841883876727,-46.36206641281977,0.6122491812224824
6PS500.jpg,Normal,6,PS,500,6,35,110,17.301585452907183,22.636664187106415,-45.92396759121898,0.36129532495682065
7AC0.jpg,Normal,7,AC,0,203,202,200,81.35080720157639,-0.0203760368133743,1.1208087999398098,0.0
7AC10.jpg,Normal,7,AC,10,201,201,199,80.91324891318523,-0.3662926894924534,1.0003127172652615,0.6047434426831203
7AC50.jpg,Normal,7,AC,50,201,201,199,80.91324891318523,-0.3662926894924534,1.0003127172652615,0.6047434426831203
7AC100.jpg,Normal,7,AC,100,205,204,202,82.07093751166812,-0.020389470000437004,1.1187738201663633,0.4895546194310126
7AC500.jpg,Normal,7,AC,500,203,202,200,81.35080720157639,-0.0203760368133743,1.1208087999398098,0.0
7CG0.jpg,Normal,7,CG,0,202,202,201,81.29966557572386,-0.18443158525649483,0.5015261938751792,0.0
7CG10.jpg,Normal,7,CG,10,200,200,198,80.55227591617079,-0.3666169412695486,1.0012299889443632,0.7503985538116862
7CG50.jpg,Normal,7,CG,50,201,201,201,80.9650090312265,-0.0020520954479019693,0.0038898191743630406,0.6055077543410737
7CG100.jpg,Normal,7,CG,100,203,203,203,81.68585658553667,-0.0020673509302793214,0.003918736478314422,0.6192375312173243
7CG500.jpg,Normal,7,CG,500,203,201,124,79.57186342514555,-10.610399777348068,38.712794649584104,20.948301820876356
7CK0.jpg,Normal,7,CK,0,201,201,199,80.91324891318523,-0.3662926894924534,1.0003127172652615,0.0
7CK10.jpg,Normal,7,CK,10,201,201,199,80.91324891318523,-0.3662926894924534,1.0003127172652615,0.0
7CK50.jpg,Normal,7,CK,50,200,200,200,80.60408285838321,-0.00204445707452372,0.003875340368453273,1.127983653867154
7CK100.jpg,Normal,7,CK,100,204,204,203,82.01989464513575,-0.18411481275248942,0.5006375888094716,0.9324941697111928
7CK500.jpg,Normal,7,CK,500,201,200,198,80.6293427564962,-0.020362235606863344,1.1228668631879657,0.5609440620965241
7HD0.jpg,Normal,7,HD,0,201,201,201,80.9650090312265,-0.0020520954479019693,0.0038898191743630406,0.0
7HD10.jpg,Normal,7,HD,10,202,202,200,81.27388610615965,-0.3659702340396698,0.999400630281233,1.126815802694247
7HD50.jpg,Normal,7,HD,50,201,201,200,80.9390512370987,-0.1845913311069869,0.5019743119679676,0.5613662019531782
7HD100.jpg,Normal,7,HD,100,205,205,205,82.40537674463185,-0.00208257832062797,0.003947600532860918,0.9794332889484044
7HD500.jpg,Normal,7,HD,500,202,202,200,81.27388610615965,-0.3659702340396698,0.999400630281233,1.126815802694247
7HN0.jpg,Normal,7,HN,0,202,202,201,81.29966557572386,-0.18443158525649483,0.5015261938751792,0.0
7HN10.jpg,Normal,7,HN,10,202,202,200,81.27388610615965,-0.3659702340396698,0.999400630281233,0.5467002768345112
7HN50.jpg,Normal,7,HN,50,201,201,199,80.91324891318523,-0.3662926894924534,1.0003127172652615,0.6078798134281582
7HN100.jpg,Normal,7,HN,100,204,204,202,81.99416052344931,-0.3653306410311141,0.9975917998070294,0.7208617954911455
7HN500.jpg,Normal,7,HN,500,202,202,200,81.27388610615965,-0.3659702340396698,0.999400630281233,0.5467002768345112
7L0.jpg,Normal,7,L,0,203,203,201,81.63418936068764,-0.36564955707829583,0.9984936751496809,0.0
7L10.jpg,Normal,7,L,10,202,202,200,81.27388610615965,-0.3659702340396698,0.999400630281233,0.24558854701787902
7L50.jpg,Normal,7,L,50,201,200,195,80.55292642100373,-0.5585523760088251,2.620745192931051,1.6896358983980064
7L100.jpg,Normal,7,L,100,204,204,192,81.74521409566921,-2.1314697738556987,5.979676378471188,4.788585191415509
7L500.jpg,Normal,7,L,500,203,201,176,80.51865166686883,-3.580210495465197,12.761097991025183,9.535891115032943
7PS0.jpg,Normal,7,PS,0,201,201,201,80.9650090312265,-0.0020520954479019693,0.0038898191743630406,0.0
7PS10.jpg,Normal,7,PS,10,199,199,197,80.1909652303264,-0.366943007464815,1.0021524989556996,1.2308968305610062
7PS50.jpg,Normal,7,PS,50,201,201,201,80.9650090312265,-0.0020520954479019693,0.0038898191743630406,0.0
7PS100.jpg,Normal,7,PS,100,203,203,203,81.68585658553667,-0.0020673509302793214,0.003918736478314422,0.491990692911302
7PS500.jpg,Normal,7,PS,500,198,198,196,79.82931495137717,-0.36727090643789984,1.0030803017467838,1.3588191642914647
8AC0.jpg,Normal,8,AC,0,220,184,0,75.761203430527,-1.0946146153739678,77.72071577435155,0.0
8AC10.jpg,Normal,8,AC,10,216,181,0,74.6034478343174,-1.280752432324228,76.72600113359309,0.8803051942328978
8AC50.jpg,Normal,8,AC,50,218,182,0,75.05420646065943,-0.9264593357263262,77.13318131840504,0.5387103773396089
8AC100.jpg,Normal,8,AC,100,216,179,0,74.08872097527498,-0.23379018429925402,76.36368951586532,1.3536544796900492
8AC500.jpg,Normal,8,AC,500,216,180,0,74.34588902902462,-0.7576597127862406,76.54458552741794,1.0826804370655387
8CG0.jpg,Normal,8,CG,0,217,183,0,75.21538406876005,-1.8863892865388365,77.20220031849068,0.0
8CG10.jpg,Normal,8,CG,10,213,181,0,74.31544824819456,-2.597732203586667,76.38938867876426,0.8044344229574064
8CG50.jpg,Normal,8,CG,50,216,183,0,75.11970988924824,-2.3245523663107948,77.09036260447604,0.26552214822475523
8CG100.jpg,Normal,8,CG,100,213,181,0,74.31544824819456,-2.597732203586667,76.38938867876426,0.8044344229574064
8CG500.jpg,Normal,8,CG,500,216,110,0,57.80380359073574,36.461523191032576,65.61686917067675,27.887851844386116
8CK0.jpg,Normal,8,CK,0,219,183,0,75.40786912348261,-1.0106168526901604,77.4270805428118,0.0
8CK10.jpg,Normal,8,CK,10,214,180,1,74.15380496953665,-1.6259236590878134,76.20830969870404,1.0263306703169723
8CK50.jpg,Normal,8,CK,50,217,183,0,75.21538406876005,-1.8863892865388365,77.20220031849068,0.5309277692336373
8CK100.jpg,Normal,8,CK,100,215,180,0,74.24895386724761,-1.1966850531289208,76.43137986316452,0.8844884833334565
8CK500.jpg,Normal,8,CK,500,216,181,1,74.60483620233963,-1.2708928945785458,76.61675148120993,0.6337185283513252
8HD0.jpg,Normal,8,HD,0,215,183,0,75.02441673842748,-2.7628849905022568,76.97892950579762,0.0
8HD10.jpg,Normal,8,HD,10,215,180,0,74.24895386724761,-1.1966850531289208,76.43137986316452,1.0731180205869502
8HD50.jpg,Normal,8,HD,50,212,176,1,72.92667681355104,-0.40792068807604664,75.25058756615965,2.095466511988465
8HD100.jpg,Normal,8,HD,100,215,180,0,74.24895386724761,-1.1966850531289208,76.43137986316452,1.0731180205869502
8HD500.jpg,Normal,8,HD,500,214,179,1,73.89553516329475,-1.1024532890543393,76.02548017621454,1.2813196704235632
8HN0.jpg,Normal,8,HN,0,220,184,1,75.76255698612401,-1.0850181404061243,77.61416127193183,0.0
8HN10.jpg,Normal,8,HN,10,216,181,0,74.6034478343174,-1.280752432324228,76.72600113359309,0.8762093674833944
8HN50.jpg,Normal,8,HN,50,217,180,0,74.443206499199,-0.3188471921131697,76.65819512507561,1.0803103799162275
8HN100.jpg,Normal,8,HN,100,214,179,1,73.89553516329475,-1.1024532890543393,76.02548017621454,1.4121391510716015
8HN500.jpg,Normal,8,HN,500,212,177,0,73.18345404220183,-0.9435064298664031,75.54589285742718,1.9523288240143408
8L0.jpg,Normal,8,L,0,221,186,0,76.37095384796793,-1.6987084650003093,78.19511141633977,0.0
8L10.jpg,Normal,8,L,10,214,183,0,74.9295062091258,-3.201375643217097,76.86790328287555,1.402230539231276
8L50.jpg,Normal,8,L,50,221,114,0,59.35305841984666,36.42771962659614,66.91675352064026,27.349141787026596
8L100.jpg,Normal,8,L,100,216,81,0,52.384899573080986,50.38848597437917,62.551339161693505,37.735469044615236
8L500.jpg,Normal,8,L,500,211,45,9,46.644628481775904,62.09758237795254,56.76104262504872,46.59162049718162
8PS0.jpg,Normal,8,PS,0,216,181,1,74.60483620233963,-1.2708928945785458,76.61675148120993,0.0
8PS10.jpg,Normal,8,PS,10,210,177,1,72.9911622997736,-1.8144168767178503,75.20644180664976,1.2801976489771831
8PS50.jpg,Normal,8,PS,50,216,181,1,74.60483620233963,-1.2708928945785458,76.61675148120993,0.0
8PS100.jpg,Normal,8,PS,100,211,179,2,73.60796903558006,-2.4116053151560513,75.57617434578768,1.026760709853051
8PS500.jpg,Normal,8,PS,500,211,178,1,73.34699653948496,-1.8981997193177613,75.50317211299517,1.034099732809062
9AC0.jpg,Normal,9,AC,0,222,17,68,47.434032643865194,72.12042776011323,29.35600845251708,0.0
9AC10.jpg,Normal,9,AC,10,222,21,65,47.562737445769,71.48670084733577,31.326996437685505,1.009300410580795
9AC50.jpg,Normal,9,AC,50,220,17,70,47.05782885170779,71.72187698732513,27.58181408662521,0.8432857129734517
9AC100.jpg,Normal,9,AC,100,226,23,68,48.51616053028209,72.32866488312933,30.865881053680866,1.254574058954371
9AC500.jpg,Normal,9,AC,500,225,24,69,48.38028610286963,71.97745301938313,30.051227015519167,0.9931460896464082
9CG0.jpg,Normal,9,CG,0,219,17,65,46.773726586045086,71.25489946241947,30.22848274172579,0.0
9CG10.jpg,Normal,9,CG,10,217,21,60,46.47066802503387,70.03274726107617,32.78321638257378,1.423599939310439
9CG50.jpg,Normal,9,CG,50,217,16,66,46.33884829065526,70.9235948171773,28.995410056183847,0.6712212312255218
9CG100.jpg,Normal,9,CG,100,222,19,67,47.502155315302694,71.83474749286384,30.04578466307366,0.7443612323081945
9CG500.jpg,Normal,9,CG,500,207,17,67,44.34140911928166,68.38276214160466,25.44631687932779,3.025396917167086
9CK0.jpg,Normal,9,CK,0,222,19,65,47.471711724392335,71.74937331534609,31.217119512032244,0.0
9CK10.jpg,Normal,9,CK,10,221,20,61,47.254458367368386,71.20931972480943,33.310622685856316,1.0677383151052786
9CK50.jpg,Normal,9,CK,50,218,15,68,46.537475228367356,71.36884649211306,28.06595491173717,1.6583272204667172
9CK100.jpg,Normal,9,CK,100,225,22,67,48.24964890634861,72.17853064759566,31.096699098157753,0.7831017865155692
9CK500.jpg,Normal,9,CK,500,224,23,67,48.096345292120404,71.78799102026495,30.86355998624456,0.6377898042895012
9HD0.jpg,Normal,9,HD,0,222,20,66,47.53139204827588,71.66299422390749,30.686008360656402,0.0
9HD10.jpg,Normal,9,HD,10,222,20,62,47.47264972833263,71.49770683168177,33.02046558508132,1.0907717506446304
9HD50.jpg,Normal,9,HD,50,221,21,65,47.35926402470069,71.23811079102354,31.03347113072522,0.29690941771287366
9HD100.jpg,Normal,9,HD,100,228,22,68,48.87215549555941,72.96377941530075,31.392243149852682,1.3680928604218576
9HD500.jpg,Normal,9,HD,500,227,24,69,48.78377801715831,72.47546425256878,30.637150205439156,1.2620789375051813
9HN0.jpg,Normal,9,HN,0,223,20,67,47.750201818178034,71.95302077484395,30.395275233382545,0.0
9HN10.jpg,Normal,9,HN,10,222,20,62,47.47264972833263,71.49770683168177,33.02046558508132,1.2978879559796468
9HN50.jpg,Normal,9,HN,50,222,21,66,47.57778656394368,71.52913831997793,30.742360359119335,0.29595219732074945
9HN100.jpg,Normal,9,HN,100,228,23,68,48.92030145091128,72.82495327405015,31.450686566433482,1.2286573323421044
9HN500.jpg,Normal,9,HN,500,228,23,68,48.92030145091128,72.82495327405015,31.450686566433482,1.2286573323421044
9L0.jpg,Normal,9,L,0,225,19,66,48.0980893595749,72.5302395488171,31.514828836814534,0.0
9L10.jpg,Normal,9,L,10,218,16,67,46.559857899486595,71.21280714434653,28.703971753816926,1.8845332883711474
9L50.jpg,Normal,9,L,50,211,18,70,45.2595216913926,69.38882533262219,24.926445646983286,3.852089414363136
9L100.jpg,Normal,9,L,100,216,17,72,46.27448833841033,70.839569577759,25.195687871962036,3.2173875280201103
9L500.jpg,Normal,9,L,500,194,19,73,41.875560094501246,65.18130186113221,17.977849064337803,8.167757423937669
9PS0.jpg,Normal,9,PS,0,218,15,67,46.52137054769077,71.32411145881406,28.656466415849945,0.0
9PS10.jpg,Normal,9,PS,10,215,21,64,46.12095770041492,69.69758500117123,29.852353943630572,0.9583338353048816
9PS50.jpg,Normal,9,PS,50,214,15,66,45.68308642760945,70.30120574743836,28.049110972773196,0.8543801110876403
9PS100.jpg,Normal,9,PS,100,221,17,68,47.22972870223306,71.87593446576108,29.058571256097476,0.7101254129628687
9PS500.jpg,Normal,9,PS,500,218,18,67,46.64220918402677,70.97481652031529,28.805571050402147,0.185451884819956
10AC0.jpg,Normal,10,AC,0,221,99,0,56.38738078913258,43.907790183488615,65.1802452176437,0.0
10AC10.jpg,Normal,10,AC,10,218,95,2,55.17390361375013,44.708883790166574,63.841257705089085,1.4054110383105516
10AC50.jpg,Normal,10,AC,50,215,91,1,53.95886422345616,45.4688773286801,63.10270054205128,2.702936517503212
10AC100.jpg,Normal,10,AC,100,218,95,2,55.17390361375013,44.708883790166574,63.841257705089085,1.4054110383105516
10AC500.jpg,Normal,10,AC,500,219,100,0,56.2665006417631,42.654694097067626,64.94845861434628,0.5739195233027451
10CG0.jpg,Normal,10,CG,0,218,94,2,54.98957571725347,45.18554152187876,63.73501875334645,0.0
10CG10.jpg,Normal,10,CG,10,216,93,1,54.48476160622474,44.89701111333433,63.48442745480369,0.4898067547169574
10CG50.jpg,Normal,10,CG,50,215,91,1,53.95886422345616,45.4688773286801,63.10270054205128,1.0451302544559349
10CG100.jpg,Normal,10,CG,100,217,93,1,54.64446025345231,45.273981160921295,63.658932865093234,0.3344821653801512
10CG500.jpg,Normal,10,CG,500,219,96,1,55.51512836151032,44.59958211454512,64.32067356253104,0.6829600981932665
10CK0.jpg,Normal,10,CK,0,221,98,1,56.20210490630467,44.39926383464166,64.87832122179502,0.0
10CK10.jpg,Normal,10,CK,10,218,95,2,55.17390361375013,44.708883790166574,63.841257705089085,1.0892483134217346
10CK50.jpg,Normal,10,CK,50,212,88,2,52.93325031080812,45.767444838762664,62.053076878769765,3.510776914792228
10CK100.jpg,Normal,10,CK,100,219,96,0,55.512899831971865,44.58990495651538,64.52058530481753,0.6777656220957661
10CK500.jpg,Normal,10,CK,500,219,96,1,55.51512836151032,44.59958211454512,64.32067356253104,0.7032247424571633
10HD0.jpg,Normal,10,HD,0,220,97,1,55.85861406309985,44.499614579922294,64.59948489871333,0.0
10HD10.jpg,Normal,10,HD,10,214,94,0,54.350050418304605,43.64912554916134,63.44860305200293,1.461695002433202
10HD50.jpg,Normal,10,HD,50,216,93,0,54.48246744269403,44.887155812743664,63.69091709977176,1.3909257131494444
10HD100.jpg,Normal,10,HD,100,215,95,1,54.697542409377505,43.558407679704146,63.52256719086746,1.1435733834785815
10HD500.jpg,Normal,10,HD,500,216,96,0,55.040474369995366,43.447381963161725,64.00486268646671,0.8627960645729894
10HN0.jpg,Normal,10,HN,0,221,99,0,56.38738078913258,43.907790183488615,65.1802452176437,0.0
10HN10.jpg,Normal,10,HN,10,217,94,1,54.82819600660201,44.7982983636494,63.76314096255009,1.71530138037479
10HN50.jpg,Normal,10,HN,50,217,94,1,54.82819600660201,44.7982983636494,63.76314096255009,1.71530138037479
10HN100.jpg,Normal,10,HN,100,218,95,1,55.17165366376706,44.69914927685464,64.04189097126152,1.3642979025169697
10HN500.jpg,Normal,10,HN,500,217,98,1,55.57727698969789,42.870019374351756,64.19251307564575,0.8365963183412622
10L0.jpg,Normal,10,L,0,221,99,0,56.38738078913258,43.907790183488615,65.1802452176437,0.0
10L10.jpg,Normal,10,L,10,218,95,2,55.17390361375013,44.708883790166574,63.841257705089085,1.4054110383105516
10L50.jpg,Normal,10,L,50,218,93,0,54.802130777416195,45.6401548009806,64.03866078723101,1.9047674313844731
10L100.jpg,Normal,10,L,100,219,96,0,55.512899831971865,44.58990495651538,64.52058530481753,0.9777921711043596
10L500.jpg,Normal,10,L,500,222,100,0,56.73143588320791,43.80630136234526,65.457592870517,0.34862004658183754
10PS0.jpg,Normal,10,PS,0,214,91,0,53.795648834408865,45.08307511737642,63.138183327767585,0.0
10PS10.jpg,Normal,10,PS,10,211,90,1,53.13245720891368,44.436526231475646,62.296795947331454,0.6855171434151083
10PS50.jpg,Normal,10,PS,50,211,87,0,52.58588858211088,45.842267742722655,62.21074584298846,1.354539841068608
10PS100.jpg,Normal,10,PS,100,216,92,2,54.30394740592713,45.38151052823436,63.17431133315438,0.5067537614846348
10PS500.jpg,Normal,10,PS,500,213,92,1,53.82153397251055,44.23914692733061,62.85617115870213,0.34387532076505417
11AC0.jpg,Normal,11,AC,0,14,33,135,19.75957253374265,34.4057582042813,-57.821557084009136,0.0
11AC10.jpg,Normal,11,AC,10,12,33,138,20.04402128374121,35.430340565218984,-59.233656699165515,0.4478502510927788
11AC50.jpg,Normal,11,AC,50,13,33,135,19.72781091080953,34.355946412947034,-57.8751019974732,0.05438279118073351
11AC100.jpg,Normal,11,AC,100,12,35,139,20.609532929078654,34.54445232104117,-58.92337584516258,0.7447546968960351
11AC500.jpg,Normal,11,AC,500,13,34,136,20.06949140485049,34.09738585035113,-57.93768166732296,0.30452492964009087
11CG0.jpg,Normal,11,CG,0,14,33,135,19.75957253374265,34.4057582042813,-57.821557084009136,0.0
11CG10.jpg,Normal,11,CG,10,13,34,139,20.41203639706017,35.22209222216219,-59.24909597802902,0.6112913992893495
11CG50.jpg,Normal,11,CG,50,11,33,134,19.55393709154057,33.88609605653634,-57.53606682975414,0.2447015607663725
11CG100.jpg,Normal,11,CG,100,11,34,138,20.240472857297263,34.75874439210308,-58.90949399557805,0.4990782126156889
11CG500.jpg,Normal,11,CG,500,11,36,136,20.47784053443182,32.713134823924236,-57.264688725257976,0.9041824348533214
11CK0.jpg,Normal,11,CK,0,13,32,135,19.503501697933437,34.98432362353315,-58.24620196272872,0.0
11CK10.jpg,Normal,11,CK,10,13,34,139,20.41203639706017,35.22209222216219,-59.24909597802902,0.7296046146797708
11CK50.jpg,Normal,11,CK,50,13,33,135,19.72781091080953,34.355946412947034,-57.8751019974732,0.28052840349028285
11CK100.jpg,Normal,11,CK,100,13,34,139,20.41203639706017,35.22209222216219,-59.24909597802902,0.7296046146797708
11CK500.jpg,Normal,11,CK,500,13,35,137,20.412400811589578,33.83619418792613,-57.99747776708596,0.8334451920325782
11HD0.jpg,Normal,11,HD,0,13,32,134,19.387434277245887,34.61165023746185,-57.80960646379217,0.0
11HD10.jpg,Normal,11,HD,10,12,31,135,19.25219326182689,35.55914913040748,-58.663161284882804,0.3311859758756778
11HD50.jpg,Normal,11,HD,50,12,34,135,19.926162792647034,33.6714380498839,-57.54806961021776,0.5685924831019933
11HD100.jpg,Normal,11,HD,100,11,34,138,20.240472857297263,34.75874439210308,-58.90949399557805,0.7419223550821145
11HD500.jpg,Normal,11,HD,500,10,31,135,19.195004282674816,35.475307948450606,-58.75963465259216,0.32539863408038877
11HN0.jpg,Normal,11,HN,0,13,32,135,19.503501697933437,34.98432362353315,-58.24620196272872,0.0
11HN10.jpg,Normal,11,HN,10,12,33,138,20.04402128374121,35.430340565218984,-59.233656699165515,0.48105701570879644
11HN50.jpg,Normal,11,HN,50,12,34,136,20.03985136818747,34.04978431431757,-57.98764256886664,0.5647879354434945
11HN100.jpg,Normal,11,HN,100,12,35,139,20.609532929078654,34.54445232104117,-58.92337584516258,0.9304204759693355
11HN500.jpg,Normal,11,HN,500,12,34,136,20.03985136818747,34.04978431431757,-57.98764256886664,0.5647879354434945
11L0.jpg,Normal,11,L,0,13,32,135,19.503501697933437,34.98432362353315,-58.24620196272872,0.0
11L10.jpg,Normal,11,L,10,12,37,137,20.853073937166116,32.49118998296924,-57.27043429367197,1.4166776314276444
11L50.jpg,Normal,11,L,50,13,37,137,20.881421804073355,32.54081598079323,-57.222688352510346,1.399941756633896
11L100.jpg,Normal,11,L,100,12,38,138,21.201864494548367,32.22033559825621,-57.32002029043869,1.702690575783065
11L500.jpg,Normal,11,L,500,13,37,137,20.881421804073355,32.54081598079323,-57.222688352510346,1.399941756633896
11PS0.jpg,Normal,11,PS,0,12,31,133,19.017045351421793,34.81728797122122,-57.79400455459107,0.0
11PS10.jpg,Normal,11,PS,10,11,32,136,19.560656067359787,35.26671978034124,-58.78134414312532,0.4818676141160764
11PS50.jpg,Normal,11,PS,50,11,31,133,18.987243162096227,34.772670353754144,-57.84426869242324,0.049747023273034166
11PS100.jpg,Normal,11,PS,100,11,33,134,19.55393709154057,33.88609605653634,-57.53606682975414,0.5628659125897193
11PS500.jpg,Normal,11,PS,500,13,33,132,19.38503512767204,33.22449530522814,-56.554047198537425,0.6079321355166947
12AC0.jpg,Normal,12,AC,0,19,39,128,20.624391533952647,28.082772613381103,-51.977302171526915,0.0
12AC10.jpg,Normal,12,AC,10,19,32,103,16.2570841449895,22.951714400808953,-43.05052527109542,4.164670459991456
12AC50.jpg,Normal,12,AC,50,21,34,112,17.795251965638556,25.370341860694673,-46.388930120938,2.6894241809013715
12AC100.jpg,Normal,12,AC,100,22,36,109,18.080482146416607,22.87615174594415,-43.973970876880344,3.092741448021612
12AC500.jpg,Normal,12,AC,500,20,35,106,17.417982240234203,22.143692360149238,-43.10967572999647,3.5893627590013333
12CG0.jpg,Normal,12,CG,0,18,39,128,20.586135796359315,28.005097503240567,-52.04160519268112,0.0
12CG10.jpg,Normal,12,CG,10,17,34,112,17.61078448076477,24.986972449887958,-46.69879043749238,2.657009217197642
12CG50.jpg,Normal,12,CG,50,18,36,118,18.790405393557926,26.0915391259951,-48.62525191224266,1.6406545721223695
12CG100.jpg,Normal,12,CG,100,19,38,117,19.25981017374294,24.382208849999977,-47.21121215903759,1.7757572716021541
12CG500.jpg,Normal,12,CG,500,17,38,121,19.578320517424842,25.822509581963164,-49.251858697325765,1.1218664441454915
12CK0.jpg,Normal,12,CK,0,18,40,126,20.64206125197859,26.521940525820188,-50.68342486919689,0.0
12CK10.jpg,Normal,12,CK,10,18,35,113,18.019518156552742,24.780033150055697,-46.67257297315517,2.2695337904676594
12CK50.jpg,Normal,12,CK,50,18,36,118,18.790405393557926,26.0915391259951,-48.62525191224266,1.5364038770100072
12CK100.jpg,Normal,12,CK,100,20,39,118,19.668235432275146,24.178620001679917,-47.18100420595108,1.283061188711688
12CK500.jpg,Normal,12,CK,500,19,37,115,18.79496533855002,24.27669776842187,-46.688136110210934,1.8033155345908964
12HD0.jpg,Normal,12,HD,0,17,42,135,22.029337489340676,28.65625858687673,-54.074438635720334,0.0
12HD10.jpg,Normal,12,HD,10,19,35,117,18.471649703984724,26.472074576289085,-48.505631179540096,3.127456114374107
12HD50.jpg,Normal,12,HD,50,20,39,123,20.160364372585853,26.184705061191888,-49.56629374588477,1.908607859070368
12HD100.jpg,Normal,12,HD,100,18,39,120,19.782009191843784,24.803710619291873,-48.27721630267745,2.3519085827406245
12HD500.jpg,Normal,12,HD,500,15,35,120,18.623264981961555,27.344965960799687,-50.18596879424583,2.744079109808735
12HN0.jpg,Normal,12,HN,0,16,41,134,21.64009674703545,28.874041858866274,-54.08918515654595,0.0
12HN10.jpg,Normal,12,HN,10,17,35,117,18.38701142422984,26.300280556695977,-48.647874162924424,2.861507101400826
12HN50.jpg,Normal,12,HN,50,19,38,124,19.960617772072425,27.185437607735174,-50.532207553780296,1.6336170197807722
12HN100.jpg,Normal,12,HN,100,18,40,123,20.344103818552895,25.316357921891324,-49.2676069054019,1.7225372802067678
12HN500.jpg,Normal,12,HN,500,17,38,121,19.578320517424842,25.822509581963164,-49.251858697325765,2.047959200620765
12L0.jpg,Normal,12,L,0,17,40,133,21.317705638352734,29.225002469890626,-53.99080774238614,0.0
12L10.jpg,Normal,12,L,10,17,34,111,17.508478607457263,24.582570345321823,-46.21899139725636,3.5710778087914234
12L50.jpg,Normal,12,L,50,18,36,118,18.790405393557926,26.0915391259951,-48.62525191224266,2.4081778629908848
12L100.jpg,Normal,12,L,100,18,37,114,18.653682421027618,23.776620036101065,-46.27720776919043,3.0133426648914656
12L500.jpg,Normal,12,L,500,18,37,116,18.851975087347014,24.588500514373614,-47.2396107429593,2.684093148687596
12PS0.jpg,Normal,12,PS,0,17,37,124,19.626104080691555,27.712205921969435,-51.08522545384005,0.0
12PS10.jpg,Normal,12,PS,10,19,32,110,16.973382718997748,25.763387758690886,-46.44600802142958,2.427416851967701
12PS50.jpg,Normal,12,PS,50,17,35,111,17.775139874179516,23.87707784962778,-45.78111985754765,2.1115889038015796
12PS100.jpg,Normal,12,PS,100,19,37,113,18.598184367281313,23.46581167379011,-45.72137425650946,1.884670981601984
12PS500.jpg,Normal,12,PS,500,18,35,113,18.019518156552742,24.780033150055697,-46.67257297315517,1.7734096086069007
13AC0.jpg,Normal,13,AC,0,198,190,177,77.28537565743153,0.5547914867533588,7.5652375382169845,0.0
13AC10.jpg,Normal,13,AC,10,196,188,175,76.55644165264388,0.5576501370274101,7.580476700181604,0.5214151042433981
13AC50.jpg,Normal,13,AC,50,204,201,185,80.80206705789028,-1.74920431209169,8.366324980339579,4.030205674892186
13AC100.jpg,Normal,13,AC,100,200,197,180,79.33275686460213,-1.9197609570600904,8.901545218621386,3.7614423885090176
13AC500.jpg,Normal,13,AC,500,199,196,179,78.97041873291447,-1.9207681812365984,8.910128567710341,3.674283641387122
13CG0.jpg,Normal,13,CG,0,197,189,176,76.92108659779707,0.5562140984045616,7.572834136332007,0.0
13CG10.jpg,Normal,13,CG,10,190,186,174,75.52674911882684,-0.7217409999827895,6.581277629414939,2.1901247156839854
13CG50.jpg,Normal,13,CG,50,201,198,183,79.74169730008227,-1.5843195941186994,7.88752892774518,3.5595390978450387
13CG100.jpg,Normal,13,CG,100,197,193,181,78.07933121643029,-0.7205945806060265,6.53558970758974,2.125025138683744
13CG500.jpg,Normal,13,CG,500,196,192,189,77.93954105662233,0.8510558370974919,2.0056028512962953,4.716431864024277
13CK0.jpg,Normal,13,CK,0,198,190,177,77.28537565743153,0.5547914867533588,7.5652375382169845,0.0
13CK10.jpg,Normal,13,CK,10,191,188,173,76.10627494936699,-1.5928332758695651,7.9651477140605165,3.0831180626894774
13CK50.jpg,Normal,13,CK,50,201,198,181,79.69475221562037,-1.9187548709753144,8.893011114126036,3.8627102934962134
13CK100.jpg,Normal,13,CK,100,198,195,178,78.6077358704919,-1.9217765061045333,8.918761680617294,3.602512015751688
13CK500.jpg,Normal,13,CK,500,197,194,177,78.24470630690375,-1.9227858929233288,8.927445084506246,3.5473234221004755
13HD0.jpg,Normal,13,HD,0,193,189,177,76.62285935947136,-0.7212626112495513,6.56146253234875,0.0
13HD10.jpg,Normal,13,HD,10,196,188,175,76.55644165264388,0.5576501370274101,7.580476700181604,1.9563029904871354
13HD50.jpg,Normal,13,HD,50,200,197,180,79.33275686460213,-1.9197609570600904,8.901545218621386,2.960687076218919
13HD100.jpg,Normal,13,HD,100,200,197,180,79.33275686460213,-1.9197609570600904,8.901545218621386,2.960687076218919
13HD500.jpg,Normal,13,HD,500,199,196,179,78.97041873291447,-1.9207681812365984,8.910128567710341,2.8077532590548833
13HN0.jpg,Normal,13,HN,0,194,190,178,76.9875097510452,-0.7210987228876142,6.554936537352107,0.0
13HN10.jpg,Normal,13,HN,10,195,188,177,76.52329299727194,0.5317008613434648,6.439304294340076,1.7971399874874885
13HN50.jpg,Normal,13,HN,50,200,197,180,79.33275686460213,-1.9197609570600904,8.901545218621386,2.801856965055547
13HN100.jpg,Normal,13,HN,100,202,196,178,79.18583832609313,-1.0004907599821533,9.786817437034557,2.837594774577889
13HN500.jpg,Normal,13,HN,500,202,196,172,79.05029610294227,-1.9641289332152922,12.812663429188209,4.755269709387243
13L0.jpg,Normal,13,L,0,195,191,179,77.35180381179612,-0.7209327181177949,6.548449346318708,0.0
13L10.jpg,Normal,13,L,10,195,190,186,77.26557341226197,1.0280417593743763,2.638925077349552,4.151743073404696
13L50.jpg,Normal,13,L,50,206,201,197,81.25125110544667,1.0156511337062746,2.6110680924815943,4.968763281317056
13L100.jpg,Normal,13,L,100,204,199,195,80.52966024626637,1.017840003404491,2.616001242534538,4.715148295973084
13L500.jpg,Normal,13,L,500,202,197,193,79.80671953237628,1.020056539777936,2.6209915024612895,4.499930192396076
13PS0.jpg,Normal,13,PS,0,194,189,177,76.7027981519464,-0.3608497455110937,6.686763423950848,0.0
13PS10.jpg,Normal,13,PS,10,189,185,173,75.16065220814798,-0.7218958374010098,6.587963163091715,1.2273242458765847
13PS50.jpg,Normal,13,PS,50,200,197,182,79.3797215622777,-1.585166142890282,7.895088689461138,2.643295774356824
13PS100.jpg,Normal,13,PS,100,196,193,178,77.92837090415094,-1.5885635489662486,7.9257688943885185,2.054560011955729
13PS500.jpg,Normal,13,PS,500,195,192,180,77.63646745141993,-1.0794160978473966,6.417703593250645,1.2289816554848925
14AC0.jpg,Normal,14,AC,0,182,61,30,43.32943698823067,47.482197269408665,44.01128164402935,0.0
14AC10.jpg,Normal,14,AC,10,175,61,32,42.090406673109854,45.06329151487365,41.42265170191723,1.469323194797935
14AC50.jpg,Normal,14,AC,50,162,52,29,38.24938107008501,44.25244927483873,38.445096872720164,4.949645124137716
14AC100.jpg,Normal,14,AC,100,172,59,30,41.20823054472245,44.80699564638538,41.394396547095845,2.1620419450906354
14AC500.jpg,Normal,14,AC,500,157,49,26,36.82088421959129,43.66744689370117,38.30474528374622,6.08412434161584
14CG0.jpg,Normal,14,CG,0,169,44,14,38.324106847742556,49.44567083180962,45.88240173577008,0.0
14CG10.jpg,Normal,14,CG,10,175,56,28,41.26216846920329,47.090304371624484,42.62325928112819,2.805005795754881
14CG50.jpg,Normal,14,CG,50,177,60,27,42.2477487461737,46.06584221523824,44.1174257754559,3.6398554500626807
14CG100.jpg,Normal,14,CG,100,173,46,14,39.365362845693426,50.03218980763638,46.97685562329558,0.9752518651649824
14CG500.jpg,Normal,14,CG,500,181,47,10,41.02773574132033,52.2275458285626,50.16033638470792,2.742318502142733
14CK0.jpg,Normal,14,CK,0,179,61,31,42.798020514304575,46.45554503377364,42.84046497134489,0.0
14CK10.jpg,Normal,14,CK,10,178,60,32,42.46629585215151,46.56431982014186,41.96942413242895,0.5449165341247071
14CK50.jpg,Normal,14,CK,50,170,56,30,40.362346653811436,45.398121051098805,40.46676447218469,2.3665027441032325
14CK100.jpg,Normal,14,CK,100,174,61,29,41.88787669736682,44.61161907740227,42.64499962026006,1.1398933978559547
14CK500.jpg,Normal,14,CK,500,167,56,28,39.798945099325906,44.27106723554136,40.74353442304787,2.8044823203018048
14HD0.jpg,Normal,14,HD,0,170,43,13,38.38541975359465,50.115713633358844,46.38858587366983,0.0
14HD10.jpg,Normal,14,HD,10,165,42,13,37.274500950206374,48.8381732652865,45.15603501245016,1.045764444833179
14HD50.jpg,Normal,14,HD,50,148,45,24,34.47899980736472,42.11345158470422,36.52866970324974,4.808554955188274
14HD100.jpg,Normal,14,HD,100,179,55,19,41.79219990094553,48.66902998897707,47.35360136076352,3.162857564026402
14HD500.jpg,Normal,14,HD,500,129,30,11,28.436283541019087,41.14731218096795,36.19536288476946,8.834245415937053
14HN0.jpg,Normal,14,HN,0,174,46,16,39.568595881928765,50.393732648616826,46.452411661531215,0.0
14HN10.jpg,Normal,14,HN,10,171,54,28,40.21788046377871,46.53304510095005,41.397697384950916,1.8197523904416497
14HN50.jpg,Normal,14,HN,50,145,45,26,33.92652619173268,41.108587416666595,34.74017357054341,6.360268133187979
14HN100.jpg,Normal,14,HN,100,185,61,23,43.824118500488325,48.355584283050646,47.791524994042845,4.083338789060029
14HN500.jpg,Normal,14,HN,500,156,45,25,36.017205976205204,44.93920541864874,37.99877832040552,4.255968619445996
14L0.jpg,Normal,14,L,0,173,46,16,39.37503936869529,50.06544871410265,46.22354488470143,0.0
14L10.jpg,Normal,14,L,10,188,62,25,44.532815586094905,49.024576413874584,47.74905616932864,4.787306296511278
14L50.jpg,Normal,14,L,50,188,62,26,44.539051684112,49.047797811628215,47.32137197637385,4.753425081500471
14L100.jpg,Normal,14,L,100,202,70,26,48.27939875717121,50.545468446572094,51.4199183088882,8.568935884178488
14L500.jpg,Normal,14,L,500,170,49,22,39.24719419259838,48.0515419473862,43.327029513273985,0.9848359978636383
14PS0.jpg,Normal,14,PS,0,170,46,18,38.805805850415354,49.11162317265019,44.725938963092496,0.0
14PS10.jpg,Normal,14,PS,10,173,60,31,41.55993218545139,44.75618379933294,41.29235461164449,2.8298659630148353
14PS50.jpg,Normal,14,PS,50,171,59,31,41.03669285756044,44.48035790256935,40.667795431518705,2.5305759224722673
14PS100.jpg,Normal,14,PS,100,165,46,19,37.847602777491446,47.459777966586486,43.13027947283824,1.009869164818797
14PS500.jpg,Normal,14,PS,500,184,54,15,42.561266768736346,50.68933125182223,49.827756262065314,3.8427401046137817
15AC0.jpg,Normal,15,AC,0,184,181,139,72.95961689335121,-5.806413216480455,21.852408251971944,0.0
15AC10.jpg,Normal,15,AC,10,195,192,149,76.96412537956797,-5.938597063031459,22.11934900648014,2.9303449435494464
15AC50.jpg,Normal,15,AC,50,194,192,144,76.78977732901747,-7.0189011717852745,24.52630278931396,3.167200842914392
15AC100.jpg,Normal,15,AC,100,198,196,148,78.2423430975739,-7.0145987752431305,24.432529670839553,4.095360273891868
15AC500.jpg,Normal,15,AC,500,192,191,138,76.2554287686914,-8.081110628819443,26.954600228230397,3.630423592538129
15CG0.jpg,Normal,15,CG,0,182,178,140,72.01412289968547,-4.848661718747039,19.99176906286626,0.0
15CG10.jpg,Normal,15,CG,10,189,189,151,75.7298054583015,-6.356969012339453,19.277049927036295,3.1843109222284247
15CG50.jpg,Normal,15,CG,50,191,191,153,76.45951548795773,-6.351415719680508,19.23886088672644,3.6508818743606657
15CG100.jpg,Normal,15,CG,100,192,193,151,77.0298663651988,-7.311342465417758,21.105767631516947,4.292291451500624
15CG500.jpg,Normal,15,CG,500,190,192,187,77.42072032427814,-1.614534820928104,2.2749157390766106,12.62500076725327
15CK0.jpg,Normal,15,CK,0,184,181,140,72.97891361244751,-5.664119855737004,21.34070788015352,0.0
15CK10.jpg,Normal,15,CK,10,192,193,151,77.0298663651988,-7.311342465417758,21.105767631516947,3.330513062558762
15CK50.jpg,Normal,15,CK,50,195,192,151,77.00288736630527,-5.6532217427437415,21.10655276273974,2.941895146050155
15CK100.jpg,Normal,15,CK,100,197,194,151,77.69108225806414,-5.936625157956843,22.07646372094214,3.4523577560533
15CK500.jpg,Normal,15,CK,500,192,190,141,76.04305900086976,-7.157504381987589,25.080078412450213,3.004899787337309
15HD0.jpg,Normal,15,HD,0,199,198,157,79.02130625726531,-6.3988499713493185,20.741478958750736,0.0
15HD10.jpg,Normal,15,HD,10,201,198,155,79.14087215280496,-5.932418298675746,21.99208081671411,0.8873300645455198
15HD50.jpg,Normal,15,HD,50,200,198,150,78.966576528674,-7.012284610704855,24.38637725893724,1.8168781054229295
15HD100.jpg,Normal,15,HD,100,202,200,151,79.67092491135283,-7.147546345012468,24.84254100583223,2.0835986075956234
15HD500.jpg,Normal,15,HD,500,200,198,147,78.91151661653994,-7.421810201786727,25.893779967044562,2.5287960759330956
15HN0.jpg,Normal,15,HN,0,190,187,146,75.17921174318012,-5.658517397798102,21.211178125020403,0.0
15HN10.jpg,Normal,15,HN,10,196,194,137,77.3563961278916,-8.214366760451508,29.00884791877718,4.124457564452112
15HN50.jpg,Normal,15,HN,50,194,192,105,76.18561994444491,-11.59558173775893,43.8492893802455,9.342909405222281
15HN100.jpg,Normal,15,HN,100,200,196,96,77.64136840562996,-11.999254437216667,50.0600628757345,11.290129950314821
15HN500.jpg,Normal,15,HN,500,197,192,49,75.9420925240572,-14.163904318712394,67.4486572823128,15.496953847274922
15L0.jpg,Normal,15,L,0,185,182,140,73.32723516304183,-5.80563211359425,21.830023183602897,0.0
15L10.jpg,Normal,15,L,10,195,196,162,78.28129263101343,-6.105243058137977,17.0037732870284,4.5410996997855
15L50.jpg,Normal,15,L,50,197,196,175,78.7209336379228,-3.3054641039888533,10.681319037390757,7.627471265251287
15L100.jpg,Normal,15,L,100,197,198,180,79.359345448176,-3.5223908370977663,8.908141390140578,8.84110369778653
15L500.jpg,Normal,15,L,500,194,195,189,78.56293214261697,-1.4408302227549297,2.8915188926166735,13.053298917483724
15PS0.jpg,Normal,15,PS,0,179,177,130,71.31024842254912,-6.894412160532049,24.384203667600524,0.0
15PS10.jpg,Normal,15,PS,10,189,190,145,75.87904470557295,-7.751988776649899,22.690002665219964,3.622249661619423
15PS50.jpg,Normal,15,PS,50,186,184,136,73.86781561424407,-7.02604661889511,24.719953802411364,1.927202939667543
15PS100.jpg,Normal,15,PS,100,196,194,144,77.48003817346428,-7.289950022932922,25.487739613535876,4.569910573177909
15PS500.jpg,Normal,15,PS,500,192,194,145,77.18211939528092,-8.684724473549398,24.501964822782618,4.556670826612185
16AC0.jpg,Normal,16,AC,0,174,172,54,68.58527785015903,-13.614087005651697,57.94494626046214,0.0
16AC10.jpg,Normal,16,AC,10,185,183,61,72.57443040119564,-14.141086455525976,59.520137154512106,3.098112486955388
16AC50.jpg,Normal,16,AC,50,195,195,66,76.6954738390365,-15.696124589166082,62.007205158887224,6.22646383826099
16AC100.jpg,Normal,16,AC,100,196,196,64,77.03342761911586,-15.888992841332882,63.15117659212023,6.518272071724638
16AC500.jpg,Normal,16,AC,500,196,196,67,77.05450306187646,-15.720886260060073,62.00629363057348,6.478626617533117
16CG0.jpg,Normal,16,CG,0,170,168,53,67.1338857581077,-13.335429174489931,56.7736002000925,0.0
16CG10.jpg,Normal,16,CG,10,181,181,61,71.69707712436347,-14.82846120795439,58.521072337902645,3.64997448005903
16CG50.jpg,Normal,16,CG,50,193,192,65,75.71181126367989,-15.084695141411474,61.34551843995071,6.663914740640237
16CG100.jpg,Normal,16,CG,100,192,192,60,75.59634971660557,-15.781200826459173,63.12465174821151,6.704741503291114
16CG500.jpg,Normal,16,CG,500,194,194,66,76.34327639005141,-15.614134522320688,61.621925807446786,7.14677701834012
16CK0.jpg,Normal,16,CK,0,171,170,55,67.78734731927986,-13.825038625782938,56.670664258344175,0.0
16CK10.jpg,Normal,16,CK,10,183,182,61,72.13578980352023,-14.484766057259012,59.02109787056884,3.430238977184126
16CK50.jpg,Normal,16,CK,50,194,193,66,76.0718009858682,-15.110041422956355,61.3443665405363,6.398598624441244
16CK100.jpg,Normal,16,CK,100,194,194,66,76.34327639005141,-15.614134522320688,61.621925807446786,6.617634417684164
16CK500.jpg,Normal,16,CK,500,195,195,65,76.68839543801403,-15.752575468110097,62.39056778749025,6.901659284017946
16HD0.jpg,Normal,16,HD,0,195,195,64,76.68144028108136,-15.808068924117013,62.770350339122835,0.0
16HD10.jpg,Normal,16,HD,10,197,197,64,77.38509914474683,-15.969689717798163,63.531002971313846,0.5403312171275582
16HD50.jpg,Normal,16,HD,50,198,198,64,77.73645642083139,-16.05016259551506,63.909838075767645,0.808464426449239
16HD100.jpg,Normal,16,HD,100,198,198,65,77.74325591345232,-15.995883971846814,63.53518536632624,0.7830095157625282
16HD500.jpg,Normal,16,HD,500,200,200,68,78.46574446212728,-15.990918732756876,63.15810875423813,1.2724101176996627
16HN0.jpg,Normal,16,HN,0,181,179,56,71.11213312068084,-14.084656970150322,59.88520433707277,0.0
16HN10.jpg,Normal,16,HN,10,189,188,61,74.268782327733,-14.97961203328324,61.33850993312897,2.424258654554424
16HN50.jpg,Normal,16,HN,50,197,197,65,77.39194989356837,-15.915010912323558,63.154648065500666,4.754594661452405
16HN100.jpg,Normal,16,HN,100,197,197,65,77.39194989356837,-15.915010912323558,63.154648065500666,4.754594661452405
16HN500.jpg,Normal,16,HN,500,198,198,68,77.76437974652438,-15.827409957704097,62.38991855527527,4.985820819350261
16L0.jpg,Normal,16,L,0,175,173,54,68.94545822299726,-13.696951686925306,58.331448055127645,0.0
16L10.jpg,Normal,16,L,10,185,184,59,72.83419276115386,-14.761544083676748,60.56233625639188,3.0606267717098175
16L50.jpg,Normal,16,L,50,197,197,67,77.4060162070312,-15.802817744492936,62.39123228829943,6.445953554080338
16L100.jpg,Normal,16,L,100,197,197,65,77.39194989356837,-15.915010912323558,63.154648065500666,6.470807788580639
16L500.jpg,Normal,16,L,500,197,197,65,77.39194989356837,-15.915010912323558,63.154648065500666,6.470807788580639
16PS0.jpg,Normal,16,PS,0,169,167,52,66.76488268233997,-13.306478776423381,56.76715391457239,0.0
16PS10.jpg,Normal,16,PS,10,180,180,60,71.33269198654389,-14.803191026628914,58.521539369069274,3.669363137146458
16PS50.jpg,Normal,16,PS,50,190,191,64,75.18949565339337,-15.904742090936342,61.128708312756295,6.628641095633351
16PS100.jpg,Normal,16,PS,100,193,192,64,75.70470717829494,-15.141146864083076,61.73026453153403,6.968349550412535
16PS500.jpg,Normal,16,PS,500,193,192,65,75.71181126367989,-15.084695141411474,61.34551843995071,6.954936123757284
17AC0.jpg,Normal,17,AC,0,203,57,28,46.592553363676394,56.04089900485587,49.26887751305349,0.0
17AC10.jpg,Normal,17,AC,10,211,74,44,50.608216564552464,52.45771360456597,45.85290572936345,4.15881087743647
17AC50.jpg,Normal,17,AC,50,204,61,33,47.3510179637194,55.0015864356323,47.70697918313562,0.8943180284175652
17AC100.jpg,Normal,17,AC,100,207,63,35,48.19184777060691,55.2736331875292,47.72079292958167,1.653840775056678
17AC500.jpg,Normal,17,AC,500,211,77,49,51.131883633498276,51.35543951473803,43.82772738107873,4.863387844595339
17CG0.jpg,Normal,17,CG,0,199,62,43,46.66540713879905,53.273450212690754,41.70270541418879,0.0
17CG10.jpg,Normal,17,CG,10,203,67,45,48.139119888317566,52.67710141071813,42.38603335681922,1.5370783191855248
17CG50.jpg,Normal,17,CG,50,198,63,43,46.63009846017864,52.54444270409253,41.609048752291855,0.2704831933536969
17CG100.jpg,Normal,17,CG,100,200,65,45,47.30497231288614,52.481329203939886,41.3551365228532,0.6693149334591297
17CG500.jpg,Normal,17,CG,500,195,45,91,44.571839988636874,60.69584229173497,10.422395903439273,17.118988963357687
17CK0.jpg,Normal,17,CK,0,204,65,44,48.01187849088157,53.78061690000507,42.83845925292636,0.0
17CK10.jpg,Normal,17,CK,10,209,70,49,49.69148510344394,53.61671252507821,42.21306085344471,1.691971267975272
17CK50.jpg,Normal,17,CK,50,204,67,46,48.32663794260499,53.04925289199419,42.10699730552173,0.40660376647545987
17CK100.jpg,Normal,17,CK,100,207,71,49,49.49332793480413,52.529467469271786,41.897326554213464,1.5238473454035537
17CK500.jpg,Normal,17,CK,500,209,72,52,50.02803596184971,52.908984346555,40.96328080531302,2.1299535030200625
17HD0.jpg,Normal,17,HD,0,214,70,44,50.526253567288904,55.11115616694151,45.946666258546266,0.0
17HD10.jpg,Normal,17,HD,10,216,75,49,51.675525021030126,53.91582815989654,44.65969680821787,1.2246713288078068
17HD50.jpg,Normal,17,HD,50,215,73,46,51.16796345307371,54.298350550368305,45.6288102483915,0.6880294508486012
17HD100.jpg,Normal,17,HD,100,217,75,51,51.86820634951495,54.32695232023954,43.87098602077245,1.5463342754844347
17HD500.jpg,Normal,17,HD,500,214,74,49,51.17484321122389,53.654316186001914,44.03314611028676,0.9109896771514512
17HN0.jpg,Normal,17,HN,0,210,62,38,48.62481113781725,56.707727567050945,46.86432770865504,0.0
17HN10.jpg,Normal,17,HN,10,214,74,47,51.15580368680017,53.582715466802874,45.048562592694616,2.689338955529479
17HN50.jpg,Normal,17,HN,50,209,59,34,48.01089439297317,57.378088177277355,48.17117086290931,0.7550345023878482
17HN100.jpg,Normal,17,HN,100,210,66,39,49.190057115103684,55.21222881180465,46.90459961643345,0.8343432867062471
17HN500.jpg,Normal,17,HN,500,215,77,51,51.83525436886603,52.809676125714745,43.73082940554867,3.424040225211693
17L0.jpg,Normal,17,L,0,209,67,43,49.18934574354837,54.6125316246725,44.834001075906585,0.0
17L10.jpg,Normal,17,L,10,206,51,91,47.29912625707553,61.93038854842759,14.518861193618148,16.509195697602443
17L50.jpg,Normal,17,L,50,201,45,93,45.754894417165865,62.514301504586754,11.003599727119695,18.42740153698758
17L100.jpg,Normal,17,L,100,203,47,95,46.39122767000278,62.62395314684277,10.712929237525138,18.47077920209185
17L500.jpg,Normal,17,L,500,202,45,96,46.01747811854463,63.018561086109536,9.543676992919837,19.101263455566638
17PS0.jpg,Normal,17,PS,0,194,51,31,44.1461447287587,55.37673142466931,45.094489614400125,0.0
17PS10.jpg,Normal,17,PS,10,204,67,45,48.31683900972028,53.01320651091002,42.62505932873619,4.114148105588318
17PS50.jpg,Normal,17,PS,50,194,54,35,44.56474391302354,54.41758855650297,43.484486583448714,0.6840881273670195
17PS100.jpg,Normal,17,PS,100,194,54,41,44.61962996352259,54.60692761704588,40.38610091030254,2.0765771281339327
17PS500.jpg,Normal,17,PS,500,203,62,70,47.736424891372785,55.811297155679505,27.729549533690868,9.290778501446155
18AC0.jpg,Normal,18,AC,0,224,151,100,68.68186497428115,22.10265184977811,37.80591449244526,0.0
18AC10.jpg,Normal,18,AC,10,224,150,101,68.46288475235507,22.71990035163707,37.00526797253345,0.7049934751346044
18AC50.jpg,Normal,18,AC,50,225,151,104,68.85539169213357,22.838775675641354,35.93297929883239,1.227179089840045
18AC100.jpg,Normal,18,AC,100,224,150,102,68.4772612697214,22.80230994657606,36.49385461386032,0.9624386977966141
18AC500.jpg,Normal,18,AC,500,224,150,100,68.44867734826218,22.63840251561072,37.51573582095291,0.47181958361166343
18CG0.jpg,Normal,18,CG,0,222,149,95,67.91312271035763,21.962552911179102,39.42783464143267,0.0
18CG10.jpg,Normal,18,CG,10,222,148,103,67.7931870466603,23.148244387051044,35.0511873926177,2.5723833333062354
18CG50.jpg,Normal,18,CG,50,222,149,104,68.04089178484038,22.69694854964177,34.83076747679894,2.4632376660271316
18CG100.jpg,Normal,18,CG,100,223,148,103,67.910426294897,23.552680084797107,35.22386907048776,2.694013183883127
18CG500.jpg,Normal,18,CG,500,191,185,173,75.32167074625075,0.002821374722739023,6.840289091973584,20.50306317577231
18CK0.jpg,Normal,18,CK,0,223,150,99,68.31816675207642,22.15067067317872,37.85508802872513,0.0
18CK10.jpg,Normal,18,CK,10,223,149,100,68.09911498970122,22.76791227876518,37.05463426662019,0.7048380870362851
18CK50.jpg,Normal,18,CK,50,224,150,105,68.52140976745926,23.055013896972177,34.95433859685766,1.7887221504678845
18CK100.jpg,Normal,18,CK,100,224,150,104,68.50652335645677,22.969866315700582,35.46835120660163,1.5054729369218418
18CK500.jpg,Normal,18,CK,500,221,147,98,67.37071960821045,22.865058531650494,37.154237888111055,1.0267841776931363
18HD0.jpg,Normal,18,HD,0,229,155,105,70.26301796747055,22.40184155765734,37.27200525518892,0.0
18HD10.jpg,Normal,18,HD,10,227,153,104,69.55248798285322,22.57806195751272,36.85889746399287,0.6153805159802773
18HD50.jpg,Normal,18,HD,50,227,153,104,69.55248798285322,22.57806195751272,36.85889746399287,0.6153805159802773
18HD100.jpg,Normal,18,HD,100,229,155,105,70.26301796747055,22.40184155765734,37.27200525518892,0.0
18HD500.jpg,Normal,18,HD,500,230,156,106,70.62503969091672,22.355606163908913,37.224095025973945,0.27963999398105344
18HN0.jpg,Normal,18,HN,0,226,153,102,69.40840445855488,22.007731504991245,37.70838515518336,0.0
18HN10.jpg,Normal,18,HN,10,227,152,104,69.32013343448934,23.112482779370946,36.567079016021545,1.1088204300432316
18HN50.jpg,Normal,18,HN,50,227,150,104,68.85751831281681,24.180762486039896,35.98494532318608,2.016227979936173
18HN100.jpg,Normal,18,HN,100,226,152,104,69.204046761906,22.70817557817817,36.39649388902764,0.963243576166522
18HN500.jpg,Normal,18,HN,500,229,151,103,69.30855089890838,24.37102149699999,37.131535567908514,1.6668770079378197
18L0.jpg,Normal,18,L,0,225,151,98,68.77034121613363,22.35010617977673,38.99118673479079,0.0
18L10.jpg,Normal,18,L,10,231,139,115,67.04838630733059,32.55029610868754,27.792919182418572,10.629940313131325
18L50.jpg,Normal,18,L,50,200,189,185,77.38709024259646,3.164214189074255,3.4067158547110843,20.533810111266764
18L100.jpg,Normal,18,L,100,200,192,181,78.06083985731014,0.8869784066358744,6.540341795163296,20.312912925589156
18L500.jpg,Normal,18,L,500,199,191,180,77.69728101213971,0.8885353380889138,6.546844774046567,20.223306847722625
18PS0.jpg,Normal,18,PS,0,220,148,100,67.51571453407804,22.084429630338022,36.24980371586328,0.0
18PS10.jpg,Normal,18,PS,10,222,147,105,67.59134590022897,23.856133033517136,33.724129897883046,2.103314718642287
18PS50.jpg,Normal,18,PS,50,224,145,105,67.36826082209086,25.730560584534267,33.4881502029948,3.2771258387104956
18PS100.jpg,Normal,18,PS,100,223,138,107,65.69431434862949,29.238626554268563,30.225331769736297,6.820559525655409
18PS500.jpg,Normal,18,PS,500,221,121,108,61.76924753962564,37.48951955890678,24.468550368971044,14.230089113204144
19AC0.jpg,Normal,19,AC,0,23,70,157,31.79681802322831,18.679918527332752,-51.641860920542115,0.0
19AC10.jpg,Normal,19,AC,10,28,77,162,34.31787590435733,16.38064418100596,-50.56047455866511,2.311547447705277
19AC50.jpg,Normal,19,AC,50,27,73,158,32.843909494711625,17.391177721572255,-50.541788641375206,0.9623001492927056
19AC100.jpg,Normal,19,AC,100,26,80,168,35.56235881763887,16.585899162047973,-52.13820074323793,3.445520307178121
19AC500.jpg,Normal,19,AC,500,28,84,171,36.97840191161149,15.282222595422141,-51.62998580252602,4.8023895694440615
19CG0.jpg,Normal,19,CG,0,22,63,144,28.742110869633265,18.119491417151494,-48.678295902385294,0.0
19CG10.jpg,Normal,19,CG,10,25,66,153,30.404527893587513,19.979515306489198,-51.47559882825441,1.4762669663216879
19CG50.jpg,Normal,19,CG,50,24,66,151,30.215291281304346,19.078999050393204,-50.56667581605271,1.2469323547547317
19CG100.jpg,Normal,19,CG,100,28,75,162,33.74505745087208,17.73425565068426,-51.48840805319493,4.245826942475956
19CG500.jpg,Normal,19,CG,500,27,82,168,36.1632703769822,15.330252266476663,-51.16461456455461,6.626753674701156
19CK0.jpg,Normal,19,CK,0,20,66,151,30.104227330068653,18.74311853830951,-50.75219577460823,0.0
19CK10.jpg,Normal,19,CK,10,16,61,150,28.50791139484882,21.513131870595505,-52.745651445435996,1.6527769137731476
19CK50.jpg,Normal,19,CK,50,17,60,147,27.99744214645625,21.04284123264033,-51.73931861647486,1.9661998276606971
19CK100.jpg,Normal,19,CK,100,15,66,157,30.474987516221688,20.864629722738364,-53.80087022903343,0.833993665919349
19CK500.jpg,Normal,19,CK,500,26,81,169,35.92175839333335,16.31540709576243,-52.15231148536763,5.174688513179539
19HD0.jpg,Normal,19,HD,0,23,76,164,34.045281477542574,17.42816890737761,-52.2083317260719,0.0
19HD10.jpg,Normal,19,HD,10,27,84,173,37.09484689823677,15.993985441279722,-52.62952170261953,2.772346624957908
19HD50.jpg,Normal,19,HD,50,24,77,166,34.505765250032695,17.638824148599575,-52.65818582817063,0.39253264762741047
19HD100.jpg,Normal,19,HD,100,26,83,172,36.71172785682823,16.178182638702243,-52.65744310510229,2.43239515329114
19HD500.jpg,Normal,19,HD,500,27,84,173,37.09484689823677,15.993985441279722,-52.62952170261953,2.772346624957908
19HN0.jpg,Normal,19,HN,0,13,67,157,30.719108860756698,20.062190716370722,-53.40480453109349,0.0
19HN10.jpg,Normal,19,HN,10,27,78,167,34.943923006082294,17.618426042157186,-52.54195807334674,3.614843656139881
19HN50.jpg,Normal,19,HN,50,26,74,161,33.32676981961889,17.826968908179865,-51.568095728285435,2.2328378184242954
19HN100.jpg,Normal,19,HN,100,26,83,172,36.71172785682823,16.178182638702243,-52.65744310510229,5.3592546070483245
19HN500.jpg,Normal,19,HN,500,28,83,173,36.83471086408676,16.747897278021867,-53.04924511949112,5.362212177495959
19L0.jpg,Normal,19,L,0,15,65,154,29.94623694290847,20.322323434870142,-52.84109325281548,0.0
19L10.jpg,Normal,19,L,10,29,76,164,34.20902580530568,17.952787046164794,-51.935192928947195,3.5905821753943714
19L50.jpg,Normal,19,L,50,26,80,162,35.131312264444944,14.171376759298331,-49.24770639182151,4.9701604197326565
19L100.jpg,Normal,19,L,100,33,99,177,41.87535582716891,8.293159313018217,-47.28325914928837,11.60941581549229
19L500.jpg,Normal,19,L,500,50,118,181,48.2212569212807,0.01034983342329543,-39.484357051164196,18.25971153849257
19PS0.jpg,Normal,19,PS,0,11,53,137,25.02204224498316,21.428279769347107,-50.42256882191422,0.0
19PS10.jpg,Normal,19,PS,10,25,69,154,31.335220177159314,18.323166800570416,-50.5709245147834,5.222637314966097
19PS50.jpg,Normal,19,PS,50,23,63,144,28.77221171676519,18.210881148675917,-48.62802782071053,3.1472799496480617
19PS100.jpg,Normal,19,PS,100,28,76,160,33.8838226048699,16.2544116982328,-50.061115823943446,7.5593427533794575
19PS500.jpg,Normal,19,PS,500,25,80,167,35.464205279141375,16.0994935004313,-51.70168586665738,9.071986508438403
20AC0.jpg,Normal,20,AC,0,197,198,182,79.40628397894963,-3.1837619378745075,7.9021828658980775,0.0
20AC10.jpg,Normal,20,AC,10,194,195,177,78.271351310859,-3.530533490894605,8.933960577272293,1.1291638003699351
20AC50.jpg,Normal,20,AC,50,195,196,180,78.68133941076202,-3.1888158715168147,7.9173870136087565,0.5068900237036664
20AC100.jpg,Normal,20,AC,100,195,194,176,78.0639244563649,-2.8122200905889017,9.186330125009423,1.4669980553443822
20AC500.jpg,Normal,20,AC,500,193,192,174,77.33646700006844,-2.816070182353081,9.204359948280727,1.8467122998275387
20CG0.jpg,Normal,20,CG,0,193,192,177,77.40705617109684,-2.309743077194615,7.686875962667039,0.0
20CG10.jpg,Normal,20,CG,10,188,189,172,76.10936850300834,-3.3774879466257346,8.479420104037372,1.6539481198379158
20CG50.jpg,Normal,20,CG,50,192,193,179,77.63899925955725,-2.8532237233250823,6.930283522258351,0.9844176957599139
20CG100.jpg,Normal,20,CG,100,188,189,173,76.1330073017979,-3.2068760097314075,7.972020758553455,1.4408146613211592
20CG500.jpg,Normal,20,CG,500,182,183,178,74.20668820995803,-1.2752772050418915,2.417753872851258,4.971071374040589
20CK0.jpg,Normal,20,CK,0,195,194,179,78.1344554360952,-2.3064050695661975,7.671849575247114,0.0
20CK10.jpg,Normal,20,CK,10,191,192,176,77.22727420832531,-3.199064105109506,7.948330173233575,1.2827684048042127
20CK50.jpg,Normal,20,CK,50,194,195,179,78.31834811541101,-3.1913602476161262,7.925055237869971,1.10787383014786
20CK100.jpg,Normal,20,CK,100,190,191,177,76.91060387048317,-2.8579851814928836,6.943923484650694,1.2978609529103808
20CK500.jpg,Normal,20,CK,500,187,188,174,75.81532914346232,-2.8652153325520735,6.9646896968099,1.9154416586664427
20HD0.jpg,Normal,20,HD,0,200,199,181,79.87648307637751,-2.8027083781851925,9.14216090735891,0.0
20HD10.jpg,Normal,20,HD,10,199,198,180,79.51465887994615,-2.804597826622124,9.150893441720264,0.2512654317908364
20HD50.jpg,Normal,20,HD,50,201,200,182,80.23796737934723,-2.800825335400603,9.133477980601533,0.2500774853660764
20HD100.jpg,Normal,20,HD,100,197,198,180,79.359345448176,-3.5223908370977663,8.908141390140578,0.9981437390817456
20HD500.jpg,Normal,20,HD,500,197,198,180,79.359345448176,-3.5223908370977663,8.908141390140578,0.9981437390817456
20HN0.jpg,Normal,20,HN,0,197,198,182,79.40628397894963,-3.1837619378745075,7.9021828658980775,0.0
20HN10.jpg,Normal,20,HN,10,197,196,178,78.78998310624007,-2.8083960240073425,9.168509411379056,1.1961574552805687
20HN50.jpg,Normal,20,HN,50,199,198,180,79.51465887994615,-2.804597826622124,9.150893441720264,1.109626612772073
20HN100.jpg,Normal,20,HN,100,195,197,175,78.82770212841241,-4.55315417591734,10.81175757073185,2.410177863317973
20HN500.jpg,Normal,20,HN,500,198,198,174,79.29997597047684,-4.153295988847283,12.050199758796643,2.930461107337308
20L0.jpg,Normal,20,L,0,198,197,182,79.22293617852596,-2.301446057690726,7.64963591305734,0.0
20L10.jpg,Normal,20,L,10,195,194,190,78.40543129257975,-0.38182009303960873,2.133266050500282,5.066165821268685
20L50.jpg,Normal,20,L,50,197,196,192,79.13107738941179,-0.3812091641889892,2.1292019588311284,5.0376761780481925
20L100.jpg,Normal,20,L,100,196,195,191,78.76842793838735,-0.3815138771944282,2.1312281069753913,5.045499695861847
20L500.jpg,Normal,20,L,500,195,194,190,78.40543129257975,-0.38182009303960873,2.133266050500282,5.066165821268685
20PS0.jpg,Normal,20,PS,0,192,193,175,77.54428205449445,-3.5360213140734342,8.951424767147742,0.0
20PS10.jpg,Normal,20,PS,10,191,192,174,77.18021944109339,-3.5387832934097863,8.96023389283702,0.2591934073031401
20PS50.jpg,Normal,20,PS,50,194,195,177,78.271351310859,-3.530533490894605,8.933960577272293,0.5146005912036375
20PS100.jpg,Normal,20,PS,100,188,188,170,75.79864079217673,-3.187195610112825,9.118220933357279,1.3346883191556178
20PS500.jpg,Normal,20,PS,500,178,178,166,72.26800752663603,-2.1775656288471334,6.13507740367687,4.598691147569507
21AC0.jpg,Normal,21,AC,0,62,2,176,24.325532771193956,60.973565493428254,-75.3121648088247,0.0
21AC10.jpg,Normal,21,AC,10,49,1,161,21.007120152050426,56.90928406000023,-71.78662970142312,2.584751802080512
21AC50.jpg,Normal,21,AC,50,51,1,162,21.331998545377424,57.24662789576562,-71.85085980402202,2.3453156866633313
21AC100.jpg,Normal,21,AC,100,50,1,161,21.10242311970702,56.9540486899664,-71.62535993473502,2.5228378019982713
21AC500.jpg,Normal,21,AC,500,61,1,174,23.897660441245208,60.65560144454801,-74.82428421029574,0.33092959367944086
21CG0.jpg,Normal,21,CG,0,58,1,173,23.463342736194328,60.2643704618212,-74.95309046589223,0.0
21CG10.jpg,Normal,21,CG,10,46,1,149,19.10551629103567,53.78195003398856,-67.58063173860975,3.5960803515363593
21CG50.jpg,Normal,21,CG,50,52,2,163,21.641770208133607,57.29371128888802,-71.9421416262614,1.5210235472181006
21CG100.jpg,Normal,21,CG,100,47,1,152,19.60718824678117,54.57965416675575,-68.59762664816607,3.166263754782702
21CG500.jpg,Normal,21,CG,500,32,9,151,18.953763956124263,51.44056994243007,-69.10151016777914,3.978839448215029
21CK0.jpg,Normal,21,CK,0,61,1,177,24.2805846328014,61.376242250896745,-75.99007500181314,0.0
21CK10.jpg,Normal,21,CK,10,35,0,145,17.464373359489308,52.627268361507554,-67.85723385011875,5.301046533937433
21CK50.jpg,Normal,21,CK,50,51,1,162,21.331998545377424,57.24662789576562,-71.85085980402202,2.37146400013013
21CK100.jpg,Normal,21,CK,100,51,1,162,21.331998545377424,57.24662789576562,-71.85085980402202,2.37146400013013
21CK500.jpg,Normal,21,CK,500,50,1,166,21.770237280531347,58.18846034254388,-73.55826170486125,1.9701568542082688
21HD0.jpg,Normal,21,HD,0,61,0,179,24.467650909777788,62.06805211400579,-76.87763292188521,0.0
21HD10.jpg,Normal,21,HD,10,55,0,168,22.438186260017005,59.14016757358026,-73.64633438620167,1.6636189988738286
21HD50.jpg,Normal,21,HD,50,53,1,164,21.79208608764707,57.831942058702346,-72.29820723197568,2.236614147183068
21HD100.jpg,Normal,21,HD,100,51,0,165,21.651160918885807,58.230686779795924,-73.14642377565885,2.2471954742547036
21HD500.jpg,Normal,21,HD,500,64,0,184,25.41087508556562,63.401827146267294,-78.28605412058816,0.7713689583367518
21HN0.jpg,Normal,21,HN,0,61,0,179,24.467650909777788,62.06805211400579,-76.87763292188521,0.0
21HN10.jpg,Normal,21,HN,10,55,0,166,22.175995442003853,58.655339086732596,-72.86960244669068,1.9123198261550203
21HN50.jpg,Normal,21,HN,50,51,1,163,21.46477928884051,57.49313743956927,-72.23944319130428,2.46396480700145
21HN100.jpg,Normal,21,HN,100,50,1,163,21.369246362184462,57.4481914952128,-72.40109821939917,2.5187791344809773
21HN500.jpg,Normal,21,HN,500,60,0,180,24.496685889985223,62.25987274278744,-77.43055195756378,0.15458481960412632
21L0.jpg,Normal,21,L,0,61,1,177,24.2805846328014,61.376242250896745,-75.99007500181314,0.0
21L10.jpg,Normal,21,L,10,48,0,162,20.965686011400038,57.368004323663094,-72.46860232610473,2.5736553260600457
21L50.jpg,Normal,21,L,50,46,0,160,20.510454430766792,56.793482740972735,-72.01030817338517,2.924479500110502
21L100.jpg,Normal,21,L,100,44,2,159,20.366179010122792,55.93878247573586,-71.64349245509143,3.1104796609581093
21L500.jpg,Normal,21,L,500,44,1,171,21.931248136536617,59.19429769774837,-76.33230685869403,1.9426972191801053
21PS0.jpg,Normal,21,PS,0,57,1,173,23.363889231179172,60.21635197302289,-75.12132861841438,0.0
21PS10.jpg,Normal,21,PS,10,44,2,150,19.140905239201608,53.660733696000854,-68.14589905500628,3.4853729120624193
21PS50.jpg,Normal,21,PS,50,48,0,161,20.830360235690023,57.12172100487603,-72.08358952731186,1.9715907506261634
21PS100.jpg,Normal,21,PS,100,44,2,146,18.599052582066342,52.64363678117451,-66.56739585618244,4.000832956685175
21PS500.jpg,Normal,21,PS,500,51,8,155,20.99284254873902,53.723301281486584,-68.12904892587174,2.484993689086891
22AC0.jpg,Normal,22,AC,0,189,190,192,76.95165092812964,0.02383363076507994,-1.124341074514268,0.0
22AC10.jpg,Normal,22,AC,10,190,191,193,77.31606016221593,0.023782436259778272,-1.1232281747305617,0.25999922919458385
22AC50.jpg,Normal,22,AC,50,188,188,190,76.29915050404516,0.37034796563539807,-1.0041440965699033,0.7071169320820434
22AC100.jpg,Normal,22,AC,100,190,190,192,77.02889407159236,0.3695822322212772,-1.0021367158601802,0.532199539644472
22AC500.jpg,Normal,22,AC,500,189,189,189,76.61119593527346,-0.0019599545806325835,0.003715162916106962,1.127696481875158
22CG0.jpg,Normal,22,CG,0,189,190,192,76.95165092812964,0.02383363076507994,-1.124341074514268,0.0
22CG10.jpg,Normal,22,CG,10,188,189,191,76.58688421328068,0.02388519789064958,-1.1254604414201008,0.2612869947121523
22CG50.jpg,Normal,22,CG,50,184,185,187,75.12419991240981,0.024095298125303977,-1.1300039955154606,1.3195346280753415
22CG100.jpg,Normal,22,CG,100,186,187,189,75.85626986104174,0.023989470902763266,-1.1277188574089214,0.7877683936089533
22CG500.jpg,Normal,22,CG,500,187,188,190,76.22175790336516,0.023937142836161218,-1.126586345374303,0.5238727476978184
22CK0.jpg,Normal,22,CK,0,187,187,189,75.93373784471947,0.37073427241191004,-1.0051566155151903,0.0
22CK10.jpg,Normal,22,CK,10,189,190,192,76.95165092812964,0.02383363076507994,-1.124341074514268,0.9036961782959106
22CK50.jpg,Normal,22,CK,50,185,185,187,75.20181999441051,0.3715138951356223,-1.0071996334630073,0.5312340934570824
22CK100.jpg,Normal,22,CK,100,187,188,190,76.22175790336516,0.023937142836161218,-1.126586345374303,0.5699255651264296
22CK500.jpg,Normal,22,CK,500,186,187,186,75.77671717001114,-0.5362025818397842,0.3859691643276042,1.9040494767589184
22HD0.jpg,Normal,22,HD,0,196,198,197,79.70199626732318,-0.875561285469062,0.26136794665736485,0.0
22HD10.jpg,Normal,22,HD,10,196,196,196,79.15698471315477,-0.002013831763958418,0.0038172890139742677,1.3506221859980232
22HD50.jpg,Normal,22,HD,50,195,197,196,79.33988617488502,-0.876379630222357,0.2616032945472302,0.25184957936220664
22HD100.jpg,Normal,22,HD,100,196,198,197,79.70199626732318,-0.875561285469062,0.26136794665736485,0.0
22HD500.jpg,Normal,22,HD,500,196,198,197,79.70199626732318,-0.875561285469062,0.26136794665736485,0.0
22HN0.jpg,Normal,22,HN,0,191,193,192,77.88798475185628,-0.8797005132443747,0.26255931522518594,0.0
22HN10.jpg,Normal,22,HN,10,193,194,196,78.40716378487276,0.023631037938065536,-1.119927594967951,1.9206021042406216
22HN50.jpg,Normal,22,HN,50,189,191,190,77.15992929380502,-0.8813901673304647,0.2630463282562667,0.5172686895805068
22HN100.jpg,Normal,22,HN,100,192,194,193,78.2514832500905,-0.8788630666038411,0.2623180838941641,0.25674674802493574
22HN500.jpg,Normal,22,HN,500,191,191,191,77.34033035450727,-0.0019753854401116655,0.003744412653428064,1.3590370494197865
22L0.jpg,Normal,22,L,0,191,192,194,77.68011400716546,0.023731609273935916,-1.1221216732259398,0.0
22L10.jpg,Normal,22,L,10,191,192,194,77.68011400716546,0.023731609273935916,-1.1221216732259398,0.0
22L50.jpg,Normal,22,L,50,189,189,191,76.66420186876802,0.3699639607019911,-1.0031374845381746,0.897271476017623
22L100.jpg,Normal,22,L,100,191,193,192,77.88798475185628,-0.8797005132443747,0.26255931522518594,1.8926665396917097
22L500.jpg,Normal,22,L,500,190,190,190,76.97594183318154,-0.00196767379195828,0.0037297949529557783,1.207882101873225
22PS0.jpg,Normal,22,PS,0,189,190,192,76.95165092812964,0.02383363076507994,-1.124341074514268,0.0
22PS10.jpg,Normal,22,PS,10,187,188,190,76.22175790336516,0.023937142836161218,-1.126586345374303,0.5238727476978184
22PS50.jpg,Normal,22,PS,50,183,184,186,74.75761361289076,0.024148808413226863,-1.131156769390973,1.587428219320764
22PS100.jpg,Normal,22,PS,100,184,185,187,75.12419991240981,0.024095298125303977,-1.1300039955154606,1.3195346280753415
22PS500.jpg,Normal,22,PS,500,185,186,188,75.49041792556481,0.02404218749524345,-1.1288580496848333,1.0529852116123346
23AC0.jpg,Normal,23,AC,0,189,190,192,76.95165092812964,0.02383363076507994,-1.124341074514268,0.0
23AC10.jpg,Normal,23,AC,10,189,190,192,76.95165092812964,0.02383363076507994,-1.124341074514268,0.0
23AC50.jpg,Normal,23,AC,50,186,187,189,75.85626986104174,0.023989470902763266,-1.1277188574089214,0.7877683936089533
23AC100.jpg,Normal,23,AC,100,191,192,194,77.68011400716546,0.023731609273935916,-1.1221216732259398,0.5187215462856682
23AC500.jpg,Normal,23,AC,500,191,192,194,77.68011400716546,0.023731609273935916,-1.1221216732259398,0.5187215462856682
23CG0.jpg,Normal,23,CG,0,187,188,190,76.22175790336516,0.023937142836161218,-1.126586345374303,0.0
23CG10.jpg,Normal,23,CG,10,185,186,188,75.49041792556481,0.02404218749524345,-1.1288580496848333,0.5291300712239667
23CG50.jpg,Normal,23,CG,50,182,183,185,74.39065679376958,0.02420272409181523,-1.132316447003423,1.332883342888249
23CG100.jpg,Normal,23,CG,100,191,192,194,77.68011400716546,0.023731609273935916,-1.1221216732259398,1.0425772724169247
23CG500.jpg,Normal,23,CG,500,186,187,189,75.85626986104174,0.023989470902763266,-1.1277188574089214,0.26390221106945816
23CK0.jpg,Normal,23,CK,0,188,189,191,76.58688421328068,0.02388519789064958,-1.1254604414201008,0.0
23CK10.jpg,Normal,23,CK,10,186,187,189,75.85626986104174,0.023989470902763266,-1.1277188574089214,0.5264879269638967
23CK50.jpg,Normal,23,CK,50,183,184,186,74.75761361289076,0.024148808413226863,-1.131156769390973,1.3261744301856566
23CK100.jpg,Normal,23,CK,100,190,191,193,77.31606016221593,0.023782436259778272,-1.1232281747305617,0.52128409629921
23CK500.jpg,Normal,23,CK,500,188,189,191,76.58688421328068,0.02388519789064958,-1.1254604414201008,0.0
23HD0.jpg,Normal,23,HD,0,195,197,196,79.33988617488502,-0.876379630222357,0.2616032945472302,0.0
23HD10.jpg,Normal,23,HD,10,197,197,197,79.51927211064134,-0.002021498945348199,0.003831822426358933,1.3033934626105943
23HD50.jpg,Normal,23,HD,50,194,196,195,78.97743195889738,-0.8772026756165285,0.2618400895763484,0.2530558966539801
23HD100.jpg,Normal,23,HD,100,197,198,200,79.85708826585085,0.02343409150401543,-1.1156133039390337,1.9123342889279689
23HD500.jpg,Normal,23,HD,500,198,199,201,80.21871111958512,0.023385702160039212,-1.1145497493135093,1.973954103003823
23HN0.jpg,Normal,23,HN,0,190,192,191,77.52413411859462,-0.8805428626519896,0.2628020577904788,0.0
23HN10.jpg,Normal,23,HN,10,192,192,192,77.7043635899527,-0.0019830895691130834,0.0037590161013234535,1.3097207645949922
23HN50.jpg,Normal,23,HN,50,189,190,190,76.89861057077964,-0.3493746935374631,-0.11847574829528806,0.9609714164092424
23HN100.jpg,Normal,23,HN,100,194,195,197,78.7701637906253,0.023581283859985813,-1.1188398857504556,2.0805071072393475
23HN500.jpg,Normal,23,HN,500,194,195,197,78.7701637906253,0.023581283859985813,-1.1188398857504556,2.0805071072393475
23L0.jpg,Normal,23,L,0,189,189,191,76.66420186876802,0.3699639607019911,-1.0031374845381746,0.0
23L10.jpg,Normal,23,L,10,191,192,194,77.68011400716546,0.023731609273935916,-1.1221216732259398,0.897271476017623
23L50.jpg,Normal,23,L,50,188,189,191,76.58688421328068,0.02388519789064958,-1.1254604414201008,0.532727676466087
23L100.jpg,Normal,23,L,100,193,194,196,78.40716378487276,0.023631037938065536,-1.119927594967951,1.3464235825761528
23L500.jpg,Normal,23,L,500,191,192,194,77.68011400716546,0.023731609273935916,-1.1221216732259398,0.897271476017623
23PS0.jpg,Normal,23,PS,0,183,184,186,74.75761361289076,0.024148808413226863,-1.131156769390973,0.0
23PS10.jpg,Normal,23,PS,10,184,185,187,75.12419991240981,0.024095298125303977,-1.1300039955154606,0.26792756961803854
23PS50.jpg,Normal,23,PS,50,182,183,185,74.39065679376958,0.02420272409181523,-1.132316447003423,0.2692976238157587
23PS100.jpg,Normal,23,PS,100,191,192,194,77.68011400716546,0.023731609273935916,-1.1221216732259398,2.106045294250215
23PS500.jpg,Normal,23,PS,500,183,184,186,74.75761361289076,0.024148808413226863,-1.131156769390973,0.0
24AC0.jpg,Normal,24,AC,0,180,182,181,73.8657966957163,-0.8892479801431707,0.26531640507581056,0.0
24AC10.jpg,Normal,24,AC,10,184,185,187,75.12419991240981,0.024095298125303977,-1.1300039955154606,2.1164774763994982
24AC50.jpg,Normal,24,AC,50,182,183,185,74.39065679376958,0.02420272409181523,-1.132316447003423,1.9445808114671175
24AC100.jpg,Normal,24,AC,100,189,190,192,76.95165092812964,0.02383363076507994,-1.124341074514268,2.939983008346395
24AC500.jpg,Normal,24,AC,500,186,187,189,75.85626986104174,0.023989470902763266,-1.1277188574089214,2.3956026159543335
24CG0.jpg,Normal,24,CG,0,176,178,177,72.39205758988918,-0.8928815195027306,0.2663689797612001,0.0
24CG10.jpg,Normal,24,CG,10,182,183,185,74.39065679376958,0.02420272409181523,-1.132316447003423,2.42017198950576
24CG50.jpg,Normal,24,CG,50,180,181,183,73.65562253860602,0.024311795127685,-1.1346568223694176,2.131890357020137
24CG100.jpg,Normal,24,CG,100,187,188,190,76.22175790336516,0.023937142836161218,-1.126586345374303,3.4026765781955057
24CG500.jpg,Normal,24,CG,500,183,184,186,74.75761361289076,0.024148808413226863,-1.131156769390973,2.593630032088785
24CK0.jpg,Normal,24,CK,0,172,174,173,70.91215034144982,-0.8966076394840705,0.2674502360017872,0.0
24CK10.jpg,Normal,24,CK,10,184,185,187,75.12419991240981,0.024095298125303977,-1.1300039955154606,3.6816619794601273
24CK50.jpg,Normal,24,CK,50,180,181,183,73.65562253860602,0.024311795127685,-1.1346568223694176,2.817974462195811
24CK100.jpg,Normal,24,CK,100,187,188,190,76.22175790336516,0.023937142836161218,-1.126586345374303,4.379463326489146
24CK500.jpg,Normal,24,CK,500,184,185,187,75.12419991240981,0.024095298125303977,-1.1300039955154606,3.6816619794601273
24HD0.jpg,Normal,24,HD,0,183,185,184,74.96714432689973,-0.8865811019613257,0.26454500473436227,0.0
24HD10.jpg,Normal,24,HD,10,196,196,197,79.18322306742638,0.182234793471181,-0.496352998939531,3.47101331601621
24HD50.jpg,Normal,24,HD,50,189,191,190,77.15992929380502,-0.8813901673304647,0.2630463282562667,1.5828879712278945
24HD100.jpg,Normal,24,HD,100,196,197,199,79.49512405807235,0.02348281524067186,-1.1166828035007903,3.740478803776667
24HD500.jpg,Normal,24,HD,500,197,198,200,79.85708826585085,0.02343409150401543,-1.1156133039390337,3.958844933030091
24HN0.jpg,Normal,24,HN,0,181,183,182,74.23328555543432,-0.8883535740376591,0.2650575874001859,0.0
24HN10.jpg,Normal,24,HN,10,188,188,188,76.24609054741438,-0.0019522277613370775,0.003700516458038372,1.969355866660776
24HN50.jpg,Normal,24,HN,50,185,187,186,75.69952616766514,-0.8848300179340463,0.26403903193974454,1.0713328641529734
24HN100.jpg,Normal,24,HN,100,193,194,196,78.40716378487276,0.023631037938065536,-1.119927594967951,3.5524731632650197
24HN500.jpg,Normal,24,HN,500,191,192,194,77.68011400716546,0.023731609273935916,-1.1221216732259398,3.1312166880087604
24L0.jpg,Normal,24,L,0,179,181,180,73.49793180278623,-0.8901479146766755,0.2655769330293767,0.0
24L10.jpg,Normal,24,L,10,185,185,186,75.17512261585398,0.18433661039735094,-0.5019167484535902,2.1320920474198513
24L50.jpg,Normal,24,L,50,180,181,183,73.65562253860602,0.024311795127685,-1.1346568223694176,1.9120177740924107
24L100.jpg,Normal,24,L,100,189,190,192,76.95165092812964,0.02383363076507994,-1.124341074514268,3.1535791673644678
24L500.jpg,Normal,24,L,500,189,190,192,76.95165092812964,0.02383363076507994,-1.124341074514268,3.1535791673644678
24PS0.jpg,Normal,24,PS,0,166,168,167,68.68037608385741,-0.9023800915605729,0.26912899591196027,0.0
24PS10.jpg,Normal,24,PS,10,180,181,183,73.65562253860602,0.024311795127685,-1.1346568223694176,4.255250557099744
24PS50.jpg,Normal,24,PS,50,174,175,177,71.44138712031108,0.02464937075935536,-1.1418519029307905,2.87621586344387
24PS100.jpg,Normal,24,PS,100,184,185,187,75.12419991240981,0.024095298125303977,-1.1300039955154606,5.239025689171002
24PS500.jpg,Normal,24,PS,500,179,180,182,73.28754050969353,0.024366962535771197,-1.1358376777489854,4.013789778283467
25AC0.jpg,Normal,25,AC,0,183,185,184,74.96714432689973,-0.8865811019613257,0.26454500473436227,0.0
25AC10.jpg,Normal,25,AC,10,195,196,198,79.13281655389963,0.02353187784104316,-1.1177583098429755,3.525451505674059
25AC50.jpg,Normal,25,AC,50,196,197,199,79.49512405807235,0.02348281524067186,-1.1166828035007903,3.740478803776667
25AC100.jpg,Normal,25,AC,100,190,191,193,77.31606016221593,0.023782436259778272,-1.1232281747305617,2.542523411177433
25AC500.jpg,Normal,25,AC,500,188,189,191,76.58688421328068,0.02388519789064958,-1.1254604414201008,2.230749480728599
25CG0.jpg,Normal,25,CG,0,183,185,184,74.96714432689973,-0.8865811019613257,0.26454500473436227,0.0
25CG10.jpg,Normal,25,CG,10,192,193,195,78.0438145322781,0.02368114480333361,-1.121021502218933,2.9108790825355437
25CG50.jpg,Normal,25,CG,50,196,197,199,79.49512405807235,0.02348281524067186,-1.1166828035007903,3.740478803776667
25CG100.jpg,Normal,25,CG,100,188,189,191,76.58688421328068,0.02388519789064958,-1.1254604414201008,2.230749480728599
25CG500.jpg,Normal,25,CG,500,186,187,189,75.85626986104174,0.023989470902763266,-1.1277188574089214,2.006158806871959
25CK0.jpg,Normal,25,CK,0,184,186,185,75.33351875106442,-0.8857029158726437,0.26429120147462015,0.0
25CK10.jpg,Normal,25,CK,10,193,194,196,78.40716378487276,0.023631037938065536,-1.119927594967951,2.9013875076573616
25CK50.jpg,Normal,25,CK,50,195,196,198,79.13281655389963,0.02353187784104316,-1.1177583098429755,3.3026514552525343
25CK100.jpg,Normal,25,CK,100,188,189,191,76.58688421328068,0.02388519789064958,-1.1254604414201008,2.1016698670712257
25CK500.jpg,Normal,25,CK,500,187,188,190,76.22175790336516,0.023937142836161218,-1.126586345374303,2.0033481030965254
25HD0.jpg,Normal,25,HD,0,188,189,190,76.56025345737932,-0.16335707539383293,-0.6221770109391844,0.0
25HD10.jpg,Normal,25,HD,10,198,199,199,80.16614429871127,-0.34647067453258407,-0.11730718400055906,2.6014420941427137
25HD50.jpg,Normal,25,HD,50,198,200,199,80.42519186480816,-0.8739385040661962,0.26090153090312374,3.035155403758807
25HD100.jpg,Normal,25,HD,100,195,196,198,79.13281655389963,0.02353187784104316,-1.1177583098429755,1.9034088905103301
25HD500.jpg,Normal,25,HD,500,196,197,199,79.49512405807235,0.02348281524067186,-1.1166828035007903,2.146023913978454
25HN0.jpg,Normal,25,HN,0,187,189,189,76.45678952099192,-0.6968131426923208,-0.24030820894118676,0.0
25HN10.jpg,Normal,25,HN,10,198,199,199,80.16614429871127,-0.34647067453258407,-0.11730718400055906,2.664606734337315
25HN50.jpg,Normal,25,HN,50,198,199,199,80.16614429871127,-0.34647067453258407,-0.11730718400055906,2.664606734337315
25HN100.jpg,Normal,25,HN,100,194,195,197,78.7701637906253,0.023581283859985813,-1.1188398857504556,2.1305515236174464
25HN500.jpg,Normal,25,HN,500,193,194,196,78.40716378487276,0.023631037938065536,-1.119927594967951,1.9413767901767103
25L0.jpg,Normal,25,L,0,184,186,185,75.33351875106442,-0.8857029158726437,0.26429120147462015,0.0
25L10.jpg,Normal,25,L,10,196,197,199,79.49512405807235,0.02348281524067186,-1.1166828035007903,3.512155617464993
25L50.jpg,Normal,25,L,50,198,198,199,79.90740422229108,0.18186651947166288,-0.49537803060137886,3.6767766328920257
25L100.jpg,Normal,25,L,100,194,195,197,78.7701637906253,0.023581283859985813,-1.1188398857504556,3.0985749852760724
25L500.jpg,Normal,25,L,500,188,188,190,76.29915050404516,0.37034796563539807,-1.0041440965699033,2.3138044195032106
25PS0.jpg,Normal,25,PS,0,182,184,183,74.60040067623932,-0.8874646348249748,0.2648004603841958,0.0
25PS10.jpg,Normal,25,PS,10,188,189,191,76.58688421328068,0.02388519789064958,-1.1254604414201008,2.3837175862341264
25PS50.jpg,Normal,25,PS,50,194,195,197,78.7701637906253,0.023581283859985813,-1.1188398857504556,3.538889900479856
25PS100.jpg,Normal,25,PS,100,185,186,188,75.49041792556481,0.02404218749524345,-1.1288580496848333,2.0089941902598567
25PS500.jpg,Normal,25,PS,500,185,186,188,75.49041792556481,0.02404218749524345,-1.1288580496848333,2.0089941902598567
26AC0.jpg,Normal,26,AC,0,196,191,149,76.7807808617843,-5.034472290520675,21.881268792744724,0.0
26AC10.jpg,Normal,26,AC,10,197,192,150,77.14460968076965,-5.0344836770366275,21.859873957565767,0.26030440990202663
26AC50.jpg,Normal,26,AC,50,189,185,138,74.41474795065793,-6.112784127234871,24.43328018701156,2.2184183857669075
26AC100.jpg,Normal,26,AC,100,185,181,138,73.02196082789169,-5.560261749694373,22.488308721746144,2.794779360857091
26AC500.jpg,Normal,26,AC,500,183,179,134,72.24822991054153,-5.83775884602794,23.55884117889202,3.468832761591121
26CG0.jpg,Normal,26,CG,0,193,190,147,76.23577321114202,-5.940475457864192,22.16270814422574,0.0
26CG10.jpg,Normal,26,CG,10,200,197,153,78.75971827102188,-6.075091080842032,22.516922957191653,1.8038555823437648
26CG50.jpg,Normal,26,CG,50,189,186,143,74.77481908313914,-5.943932915503214,22.250882968301177,1.062062225212335
26CG100.jpg,Normal,26,CG,100,188,185,144,74.44723950344564,-5.660481471246371,21.253861679960217,1.3868938944006868
26CG500.jpg,Normal,26,CG,500,185,182,139,73.3080886897237,-5.946957523643215,22.341060043782225,2.145724551225348
26CK0.jpg,Normal,26,CK,0,193,190,147,76.23577321114202,-5.940475457864192,22.16270814422574,0.0
26CK10.jpg,Normal,26,CK,10,190,185,143,74.5903914788539,-5.033758097588215,22.012173670798507,1.4468610469465684
26CK50.jpg,Normal,26,CK,50,193,190,147,76.23577321114202,-5.940475457864192,22.16270814422574,0.0
26CK100.jpg,Normal,26,CK,100,189,186,145,74.81340640690803,-5.6595110080598365,21.23245924432191,1.1429817034962784
26CK500.jpg,Normal,26,CK,500,186,182,140,73.40857498332755,-5.419533171926172,21.954355508640887,2.1192204682475086
26HD0.jpg,Normal,26,HD,0,197,195,149,77.91707989855584,-6.738391965172619,23.4472203925024,0.0
26HD10.jpg,Normal,26,HD,10,202,197,155,78.95857465545261,-5.034117330970811,21.75464551016233,1.7085381045598964
26HD50.jpg,Normal,26,HD,50,197,193,146,77.33253674772219,-6.113190142862324,24.242407600190006,0.8567097269440551
26HD100.jpg,Normal,26,HD,100,198,195,154,78.09288452057444,-5.64980122540637,21.04516223937103,1.365502841982788
26HD500.jpg,Normal,26,HD,500,195,192,151,77.00288736630527,-5.6532217427437415,21.10655276273974,1.4842641344710357
26HN0.jpg,Normal,26,HN,0,197,194,151,77.69108225806414,-5.936625157956843,22.07646372094214,0.0
26HN10.jpg,Normal,26,HN,10,201,196,154,78.59646581535162,-5.034245055076103,21.775461970543788,1.0270468549645526
26HN50.jpg,Normal,26,HN,50,194,190,143,76.2410084868548,-6.113315655105811,24.313022721639975,1.5173644338010077
26HN100.jpg,Normal,26,HN,100,196,193,150,77.32777724898055,-5.937622517863062,22.09784766882972,0.25839133643541123
26HN500.jpg,Normal,26,HN,500,193,190,148,76.2550466323298,-5.798442413908644,21.655450890506,1.0503862691892905
26L0.jpg,Normal,26,L,0,197,192,150,77.14460968076965,-5.0344836770366275,21.859873957565767,0.0
26L10.jpg,Normal,26,L,10,199,196,153,78.41665942598536,-5.934564165052947,22.034043769799005,1.2108987898465418
26L50.jpg,Normal,26,L,50,193,189,142,75.87646637633756,-6.11328556897428,24.336814776807003,1.6523888764166268
26L100.jpg,Normal,26,L,100,192,189,146,75.87106893770785,-5.941378147165222,22.184568119679504,1.2189219014471853
26L500.jpg,Normal,26,L,500,192,189,146,75.87106893770785,-5.941378147165222,22.184568119679504,1.2189219014471853
26PS0.jpg,Normal,26,PS,0,192,189,146,75.87106893770785,-5.941378147165222,22.184568119679504,0.0
26PS10.jpg,Normal,26,PS,10,197,194,150,77.67190750790955,-6.077983385309793,22.58173414628697,1.3068515726198768
26PS50.jpg,Normal,26,PS,50,190,187,146,75.17921174318012,-5.658517397798102,21.211178125020403,0.7156393379728595
26PS100.jpg,Normal,26,PS,100,183,180,138,72.59162657399824,-5.80716597513714,21.874922493748095,2.4222297825738597
26PS500.jpg,Normal,26,PS,500,183,180,138,72.59162657399824,-5.80716597513714,21.874922493748095,2.4222297825738597
27AC0.jpg,Normal,27,AC,0,191,193,192,77.88798475185628,-0.8797005132443747,0.26255931522518594,0.0
27AC10.jpg,Normal,27,AC,10,187,189,188,76.43044873267259,-0.8830998566387027,0.2635395208983038,1.0396419876149903
27AC50.jpg,Normal,27,AC,50,186,188,187,76.06516877131071,-0.8839623504509064,0.26378847776882264,1.3027700064911034
27AC100.jpg,Normal,27,AC,100,184,186,183,75.28119006435922,-1.2566639208762553,1.2758263626722277,2.165486261218672
27AC500.jpg,Normal,27,AC,500,179,181,180,73.49793180278623,-0.8901479146766755,0.2655769330293767,3.181958281823307
27CG0.jpg,Normal,27,CG,0,189,191,190,77.15992929380502,-0.8813901673304647,0.2630463282562667,0.0
27CG10.jpg,Normal,27,CG,10,184,186,185,75.33351875106442,-0.8857029158726437,0.26429120147462015,1.3157706189003897
27CG50.jpg,Normal,27,CG,50,182,184,183,74.60040067623932,-0.8874646348249748,0.2648004603841958,1.8513531620608403
27CG100.jpg,Normal,27,CG,100,181,183,182,74.23328555543432,-0.8883535740376591,0.2650575874001859,2.121177963501793
27CG500.jpg,Normal,27,CG,500,183,185,184,74.96714432689973,-0.8865811019613257,0.26454500473436227,1.5828879712278945
27CK0.jpg,Normal,27,CK,0,189,191,190,77.15992929380502,-0.8813901673304647,0.2630463282562667,0.0
27CK10.jpg,Normal,27,CK,10,183,185,184,74.96714432689973,-0.8865811019613257,0.26454500473436227,1.5828879712278945
27CK50.jpg,Normal,27,CK,50,183,185,184,74.96714432689973,-0.8865811019613257,0.26454500473436227,1.5828879712278945
27CK100.jpg,Normal,27,CK,100,183,185,182,74.91476569105755,-1.257912577856013,1.2771001384263903,1.9538048337115406
27CK500.jpg,Normal,27,CK,500,179,181,180,73.49793180278623,-0.8901479146766755,0.2655769330293767,2.6649542717679005
27HD0.jpg,Normal,27,HD,0,194,196,195,78.97743195889738,-0.8772026756165285,0.2618400895763484,0.0
27HD10.jpg,Normal,27,HD,10,191,191,189,77.28809020208661,-0.36961911749361365,1.0097278705010204,1.5817756707194612
27HD50.jpg,Normal,27,HD,50,191,193,190,77.83599792905328,-1.248128655942926,1.2671226911759037,1.3460336797545835
27HD100.jpg,Normal,27,HD,100,193,195,192,78.5627400836265,-1.245753681401618,1.264701874849794,1.1151561179219178
27HD500.jpg,Normal,27,HD,500,187,189,188,76.43044873267259,-0.8830998566387027,0.2635395208983038,1.80607302786356
27HN0.jpg,Normal,27,HN,0,193,195,194,78.61463164801472,-0.8780304710312437,0.2620783473935351,0.0
27HN10.jpg,Normal,27,HN,10,189,191,188,77.10784615656989,-1.2505314242589605,1.2695722879109583,1.5199317905004035
27HN50.jpg,Normal,27,HN,50,190,190,188,76.92365218627612,-0.36996237329051107,1.0107000783852849,1.5868135898784148
27HN100.jpg,Normal,27,HN,100,188,190,187,76.74323650168182,-1.251743417552298,1.270808074298424,1.7141027421672255
27HN500.jpg,Normal,27,HN,500,186,188,187,76.06516877131071,-0.8839623504509064,0.26378847776882264,1.8149464866816183
27L0.jpg,Normal,27,L,0,192,192,192,77.7043635899527,-0.0019830895691130834,0.0037590161013234535,0.0
27L10.jpg,Normal,27,L,10,188,190,187,76.74323650168182,-1.251743417552298,1.270808074298424,2.259019711569726
27L50.jpg,Normal,27,L,50,187,187,187,75.88062353321,-0.0019444932887746624,0.0036858554930851994,1.3060268819446814
27L100.jpg,Normal,27,L,100,185,187,186,75.69952616766514,-0.8848300179340463,0.26403903193974454,1.9443428723385443
27L500.jpg,Normal,27,L,500,181,183,182,74.23328555543432,-0.8883535740376591,0.2650575874001859,2.8318873705803083
27PS0.jpg,Normal,27,PS,0,188,190,189,76.79536819886304,-0.8822424806048668,0.26329214355635955,0.0
27PS10.jpg,Normal,27,PS,10,181,183,180,74.18080615855044,-1.2604327052625486,1.2796713385787362,2.1915844336224497
27PS50.jpg,Normal,27,PS,50,178,180,179,73.12968855639437,-0.891053440184475,0.2658391912108815,2.6785047721133814
27PS100.jpg,Normal,27,PS,100,176,178,175,72.33932111341848,-1.2668701329611176,1.2862415197799404,3.451304363571587
27PS500.jpg,Normal,27,PS,500,175,177,176,72.02266509561423,-0.8938042036671923,0.26663655175673817,3.5090175120737945
28AC0.jpg,Normal,28,AC,0,197,197,197,79.51927211064134,-0.002021498945348199,0.003831822426358933,0.0
28AC10.jpg,Normal,28,AC,10,192,193,195,78.0438145322781,0.02368114480333361,-1.121021502218933,1.5083817260166505
28AC50.jpg,Normal,28,AC,50,193,194,196,78.40716378487276,0.023631037938065536,-1.119927594967951,1.3448497646617046
28AC100.jpg,Normal,28,AC,100,191,192,194,77.68011400716546,0.023731609273935916,-1.1221216732259398,1.6959674427075275
28AC500.jpg,Normal,28,AC,500,189,189,189,76.61119593527346,-0.0019599545806325835,0.003715162916106962,2.054112720743917
28CG0.jpg,Normal,28,CG,0,192,193,195,78.0438145322781,0.02368114480333361,-1.121021502218933,0.0
28CG10.jpg,Normal,28,CG,10,190,191,193,77.31606016221593,0.023782436259778272,-1.1232281747305617,0.5161846814307764
28CG50.jpg,Normal,28,CG,50,190,191,193,77.31606016221593,0.023782436259778272,-1.1232281747305617,0.5161846814307764
28CG100.jpg,Normal,28,CG,100,189,190,192,76.95165092812964,0.02383363076507994,-1.124341074514268,0.7761776678369371
28CG500.jpg,Normal,28,CG,500,186,188,187,76.06516877131071,-0.8839623504509064,0.26378847776882264,2.360701587949172
28CK0.jpg,Normal,28,CK,0,195,195,196,78.82061595037109,0.1824204746417868,-0.49684456077172534,0.0
28CK10.jpg,Normal,28,CK,10,190,191,193,77.31606016221593,0.023782436259778272,-1.1232281747305617,1.2468684692699354
28CK50.jpg,Normal,28,CK,50,191,192,194,77.68011400716546,0.023731609273935916,-1.1221216732259398,1.034652019079916
28CK100.jpg,Normal,28,CK,100,188,189,191,76.58688421328068,0.02388519789064958,-1.1254604414201008,1.7136790540432814
28CK500.jpg,Normal,28,CK,500,187,187,187,75.88062353321,-0.0019444932887746624,0.0036858554930851994,2.167551984421577
28HD0.jpg,Normal,28,HD,0,199,199,199,80.24281925177407,-0.0020368115598023984,0.003860848026127073,0.0
28HD10.jpg,Normal,28,HD,10,197,197,197,79.51927211064134,-0.002021498945348199,0.003831822426358933,0.5013218920837783
28HD50.jpg,Normal,28,HD,50,197,198,198,79.80447007048348,-0.34678589373315916,-0.11743438007598694,0.6061586215289293
28HD100.jpg,Normal,28,HD,100,196,197,199,79.49512405807235,0.02348281524067186,-1.1166828035007903,1.2103728056596426
28HD500.jpg,Normal,28,HD,500,198,200,200,80.45125594130924,-0.6896692164210516,-0.2376500813331628,1.0445345494736973
28HN0.jpg,Normal,28,HN,0,198,198,198,79.88121630968035,-0.002029158863603442,0.0038463420711343232,0.0
28HN10.jpg,Normal,28,HN,10,194,194,194,78.4313724547831,-0.0019984754449087205,0.0037881805705852756,1.012256672732271
28HN50.jpg,Normal,28,HN,50,195,197,196,79.33988617488502,-0.876379630222357,0.2616032945472302,1.3508081054298562
28HN100.jpg,Normal,28,HN,100,191,193,193,77.9142228788117,-0.6941627263835071,-0.2393235016120876,1.7264264134724847
28HN500.jpg,Normal,28,HN,500,190,192,191,77.52413411859462,-0.8805428626519896,0.2628020577904788,2.105526777856021
28L0.jpg,Normal,28,L,0,197,197,197,79.51927211064134,-0.002021498945348199,0.003831822426358933,0.0
28L10.jpg,Normal,28,L,10,194,194,194,78.4313724547831,-0.0019984754449087205,0.0037881805705852756,0.7610118202556988
28L50.jpg,Normal,28,L,50,195,197,196,79.33988617488502,-0.876379630222357,0.2616032945472302,1.3033934626105943
28L100.jpg,Normal,28,L,100,194,195,197,78.7701637906253,0.023581283859985813,-1.1188398857504556,1.2143323152473864
28L500.jpg,Normal,28,L,500,190,190,190,76.97594183318154,-0.00196767379195828,0.0037297949529557783,1.7929694945944645
28PS0.jpg,Normal,28,PS,0,190,191,193,77.31606016221593,0.023782436259778272,-1.1232281747305617,0.0
28PS10.jpg,Normal,28,PS,10,190,191,193,77.31606016221593,0.023782436259778272,-1.1232281747305617,0.0
28PS50.jpg,Normal,28,PS,50,189,190,192,76.95165092812964,0.02383363076507994,-1.124341074514268,0.25999922919458385
28PS100.jpg,Normal,28,PS,100,187,188,190,76.22175790336516,0.023937142836161218,-1.126586345374303,0.7838655581473222
28PS500.jpg,Normal,28,PS,500,185,187,186,75.69952616766514,-0.8848300179340463,0.26403903193974454,2.2214829865713117
29AC0.jpg,Normal,29,AC,0,231,161,48,71.34830112146804,16.73417724299503,64.78424710432319,0.0
29AC10.jpg,Normal,29,AC,10,229,158,42,70.3737596047892,17.28505830451349,65.89137353262217,0.8199686233810739
29AC50.jpg,Normal,29,AC,50,229,160,44,70.86095803962428,16.281314311978935,65.65172242728268,0.583680755950521
29AC100.jpg,Normal,29,AC,100,228,159,40,70.4883229529452,16.26526163133535,66.59515736501712,0.9570872793611798
29AC500.jpg,Normal,29,AC,500,229,159,48,70.64403065220141,16.94671257495456,64.05716712900043,0.6141988004796638
29CG0.jpg,Normal,29,CG,0,227,157,46,69.92726607533923,17.091617504950584,64.03579969793039,0.0
29CG10.jpg,Normal,29,CG,10,228,158,45,70.27475103799505,16.952101515597285,64.74282605669573,0.371916792473984
29CG50.jpg,Normal,29,CG,50,227,156,48,69.700570863817,17.694186573789572,63.107353216961435,0.584249202869536
29CG100.jpg,Normal,29,CG,100,226,156,39,69.53797642075264,16.980339276264743,66.00517891953456,0.6749375158903931
29CG500.jpg,Normal,29,CG,500,228,158,47,70.28577139553875,17.018866533891508,64.04743742187279,0.28085137494574447
29CK0.jpg,Normal,29,CK,0,229,159,48,70.64403065220141,16.94671257495456,64.05716712900043,0.0
29CK10.jpg,Normal,29,CK,10,228,159,43,70.50307180185791,16.35517969474093,65.62833430710377,0.7075300759397668
29CK50.jpg,Normal,29,CK,50,228,158,47,70.28577139553875,17.018866533891508,64.04743742187279,0.27940322872228956
29CK100.jpg,Normal,29,CK,100,227,158,43,70.15002170969986,16.460577908507023,65.27293602254845,0.6742411780986483
29CK500.jpg,Normal,29,CK,500,229,159,48,70.64403065220141,16.94671257495456,64.05716712900043,0.0
29HD0.jpg,Normal,29,HD,0,233,163,42,72.0204289934136,16.33332587348313,67.50304689673257,0.0
29HD10.jpg,Normal,29,HD,10,233,162,41,71.7774772602633,16.835249013615606,67.61192645650706,0.34579822536295085
29HD50.jpg,Normal,29,HD,50,233,163,41,72.01568159096675,16.304313224267563,67.81718357246639,0.0962662275851818
29HD100.jpg,Normal,29,HD,100,231,162,42,71.55558781954497,16.01049165030638,67.01111612193927,0.3969411970469277
29HD500.jpg,Normal,29,HD,500,233,161,44,71.55463643331277,17.45557304694767,66.43928450178223,0.9322190289125841
29HN0.jpg,Normal,29,HN,0,232,161,47,71.45644208127821,17.126170036201316,65.27866998862544,0.0
29HN10.jpg,Normal,29,HN,10,230,158,38,70.46977070871478,17.59780879987033,67.29499616475782,0.9097135782128537
29HN50.jpg,Normal,29,HN,50,230,159,37,70.7030684307247,17.038739684233807,67.7952253899253,0.9369263816111578
29HN100.jpg,Normal,29,HN,100,228,156,36,69.75519203233333,17.755251719763944,67.2068025919033,1.39949107154394
29HN500.jpg,Normal,29,HN,500,232,161,47,71.45644208127821,17.126170036201316,65.27866998862544,0.0
29L0.jpg,Normal,29,L,0,231,161,48,71.34830112146804,16.73417724299503,64.78424710432319,0.0
29L10.jpg,Normal,29,L,10,230,160,39,70.95029841376811,16.560548184358815,67.39504749581032,0.850566090588382
29L50.jpg,Normal,29,L,50,230,159,42,70.72630461249427,17.17946529346165,66.24387763738993,0.6079868408035377
29L100.jpg,Normal,29,L,100,229,158,40,70.36402260696042,17.226199254662234,66.53279060799619,0.8772537656370102
29L500.jpg,Normal,29,L,500,230,160,43,70.96951037981435,16.67745021088146,66.12650634791862,0.49440534055038177
29PS0.jpg,Normal,29,PS,0,226,155,44,69.32491407214965,17.666525605771312,64.15328204342015,0.0
29PS10.jpg,Normal,29,PS,10,227,156,47,69.69478924940952,17.659409021173968,63.46622361871579,0.3510057702824632
29PS50.jpg,Normal,29,PS,50,226,155,50,69.35950360174108,17.87427929738128,62.00355672881205,0.713611373696932
29PS100.jpg,Normal,29,PS,100,224,153,45,68.62297200336616,17.914127038897387,63.08232905696959,0.687824116562729
29PS500.jpg,Normal,29,PS,500,224,151,51,68.18500215916363,19.19993504914974,60.42867192085386,2.011491292844315
B1AC0.jpg,UV,1,AC,0,30,103,253,48.34166657850338,34.727796472644016,-80.16172201716199,0.0
B1AC10.jpg,UV,1,AC,10,31,122,253,53.27464416806559,22.81043312540293,-72.12787267775607,6.701121226525668
B1AC50.jpg,UV,1,AC,50,13,79,252,42.31152842071911,48.632198082520674,-89.5209092117903,7.39710933074022
B1AC100.jpg,UV,1,AC,100,8,77,250,41.623676636567936,49.026338443320384,-89.5398490259956,7.996651332785839
B1AC500.jpg,UV,1,AC,500,3,69,252,40.08226189334746,54.31066293218245,-93.2093335395507,10.03572184911202
B1CG0.jpg,UV,1,CG,0,31,98,252,47.04203157947489,37.551160199151944,-81.73203398032409,0.0
B1CG10.jpg,UV,1,CG,10,36,109,252,49.90246759471741,30.906515085454554,-77.05290392470936,3.6906289671311314
B1CG50.jpg,UV,1,CG,50,24,77,252,42.04168334571428,50.12934109571404,-89.96073927176633,6.287007533627118
B1CG100.jpg,UV,1,CG,100,17,64,252,39.26039765552341,57.346768561455704,-94.56577180731817,9.563180126794883
B1CG500.jpg,UV,1,CG,500,15,56,253,37.875764327936785,61.82943917676237,-97.42443605018978,11.283809397072101
B1CK0.jpg,UV,1,CK,0,31,99,254,47.45269434281775,37.661052079911386,-82.17144461039535,0.0
B1CK10.jpg,UV,1,CK,10,35,118,254,52.360342360348,25.929026878159345,-74.16147654007162,6.543218505524977
B1CK50.jpg,UV,1,CK,50,17,83,251,43.16345118094267,45.952700601762096,-87.55572161080384,4.963610311797434
B1CK100.jpg,UV,1,CK,100,16,73,252,41.05718047635168,52.24658919812361,-91.5916169514101,7.681104327325263
B1CK500.jpg,UV,1,CK,500,9,56,252,37.683200474964146,61.421131755137196,-97.18629481498608,11.662640715690877
B1HD0.jpg,UV,1,HD,0,27,71,253,40.941626724084905,54.05976162946283,-92.33545719015824,0.0
B1HD10.jpg,UV,1,HD,10,16,60,253,38.60430333360589,59.79211055894909,-96.21430862365166,2.604175336213573
B1HD50.jpg,UV,1,HD,50,1,8,254,32.55282751738944,77.75193466799574,-106.865281728504,9.429932160907283
B1HD100.jpg,UV,1,HD,100,3,18,251,32.731391160310196,75.25804719985982,-104.87996417417929,8.997163420385428
B1HD500.jpg,UV,1,HD,500,1,3,253,32.169264794708205,78.26214679016097,-106.94545760664171,9.761805398958417
B1HN0.jpg,UV,1,HN,0,33,103,253,48.401095712565834,34.88429548199184,-80.06214366116569,0.0
B1HN10.jpg,UV,1,HN,10,29,106,253,49.078144569962916,32.78656305069144,-78.95891489041331,1.084824756061517
B1HN50.jpg,UV,1,HN,50,5,53,253,37.238283149863804,63.17378498500689,-98.48747873049562,13.549791677498112
B1HN100.jpg,UV,1,HN,100,8,61,252,38.575778946334104,58.80612351026579,-95.70467110160638,11.905562949809308
B1HN500.jpg,UV,1,HN,500,3,43,251,35.41800203594968,67.12333953849841,-100.39590541569756,15.451664759738566
B1L0.jpg,UV,1,L,0,32,104,253,48.6309243511065,34.20099698334922,-79.68726199837928,0.0
B1L10.jpg,UV,1,L,10,37,117,253,52.06721075863152,26.307064720477168,-74.08268548413399,4.49359681150012
B1L50.jpg,UV,1,L,50,8,53,251,37.04040334460017,62.58981000964006,-97.69409658492219,13.981336142337819
B1L100.jpg,UV,1,L,100,10,61,252,38.59832180696456,58.83584750908869,-95.66660202093297,12.252984401526636
B1L500.jpg,UV,1,L,500,2,37,252,34.724141001209595,69.8152580718556,-102.1145226136421,16.669596108905203
B1PS0.jpg,UV,1,PS,0,22,55,253,37.82745431000641,62.47258336743969,-97.50115788287343,0.0
B1PS10.jpg,UV,1,PS,10,21,68,253,40.21704273984647,55.567059114305344,-93.53835241953846,2.8996249690735048
B1PS50.jpg,UV,1,PS,50,11,28,254,34.0957517687865,73.49661442892491,-104.28281921223972,4.202471261051501
B1PS100.jpg,UV,1,PS,100,3,14,253,32.74941577084323,76.56115392621655,-105.97413783074632,5.516824005216428
B1PS500.jpg,UV,1,PS,500,1,1,253,32.07171575588771,78.56614114956851,-107.10873641953846,6.236197336601129
B2AC0.jpg,UV,2,AC,0,15,21,73,9.943734811327637,18.08832480667974,-33.151558845366516,0.0
B2AC10.jpg,UV,2,AC,10,12,19,71,8.980143917879747,18.33540734993365,-33.34189599340338,0.6113751311649401
B2AC50.jpg,UV,2,AC,50,18,27,84,12.93664460051576,18.646215028865086,-35.809048024950904,2.3145528967835935
B2AC100.jpg,UV,2,AC,100,15,23,80,11.228462642404068,19.532175447249596,-35.88277167902902,1.3894534566860084
B2AC500.jpg,UV,2,AC,500,13,20,77,9.964930992435356,20.24014601104973,-35.8956102756533,1.1455613854139008
B2CG0.jpg,UV,2,CG,0,15,23,75,10.719644155038388,17.430790813657616,-33.27051109515795,0.0
B2CG10.jpg,UV,2,CG,10,12,18,67,8.269800984081972,17.38562657767989,-31.693930656902047,1.7860853846783449
B2CG50.jpg,UV,2,CG,50,24,32,104,16.632509211893186,23.941369819839103,-43.08028387107806,5.3340194190609544
B2CG100.jpg,UV,2,CG,100,18,26,97,14.001791587450267,24.65446047217437,-42.794078572048235,4.2343023119533525
B2CG500.jpg,UV,2,CG,500,16,25,93,13.202084271802967,23.542080146562146,-41.445674388313115,3.5528846333450756
B2CK0.jpg,UV,2,CK,0,14,21,72,9.777613487411692,17.524656401073297,-32.729226681238025,0.0
B2CK10.jpg,UV,2,CK,10,13,20,73,9.535254234107839,18.56271126236693,-33.82571421884571,0.5282926204100575
B2CK50.jpg,UV,2,CK,50,18,26,82,12.456740998960981,18.555168040529285,-35.232553631286336,2.0178949487462607
B2CK100.jpg,UV,2,CK,100,14,20,77,10.024982392358933,20.359864297395628,-35.79474214634754,1.381612418901389
B2CK500.jpg,UV,2,CK,500,12,20,74,9.582738947863039,18.860982813448654,-34.44597188037722,0.735220986134037
B2HD0.jpg,UV,2,HD,0,9,14,52,5.600243913452033,12.253711125479017,-25.244655658549796,0.0
B2HD10.jpg,UV,2,HD,10,10,15,55,6.159522147733977,13.506608616888876,-26.534005964470147,0.808334488402139
B2HD50.jpg,UV,2,HD,50,11,18,62,7.690724663194125,15.064681818855757,-29.092021817764756,2.241649697642626
B2HD100.jpg,UV,2,HD,100,9,15,53,5.931520960635325,12.24973576332021,-25.44464420853785,0.23904972728151258
B2HD500.jpg,UV,2,HD,500,10,14,58,6.178218969398401,15.606706052658126,-28.681168275987552,1.922345242624707
B2HN0.jpg,UV,2,HN,0,11,18,64,7.89265844308213,15.952070991684094,-30.187649522766023,0.0
B2HN10.jpg,UV,2,HN,10,12,18,66,8.164271399898585,16.958222110082506,-31.15963960766089,0.5303840175175554
B2HN50.jpg,UV,2,HN,50,17,22,75,10.563114933539737,18.470564151887565,-33.52134490750093,2.2053998254244753
B2HN100.jpg,UV,2,HN,100,12,18,66,8.164271399898585,16.958222110082506,-31.15963960766089,0.5303840175175554
B2HN500.jpg,UV,2,HN,500,12,18,71,8.700790139355657,19.08050017837848,-33.800371785714745,1.7150882020799016
B2L0.jpg,UV,2,L,0,14,20,69,9.18293568081647,17.00810931940909,-31.60252768869852,0.0
B2L10.jpg,UV,2,L,10,18,27,98,14.366369554582896,24.356711613688187,-42.858339387587165,5.465291747361669
B2L50.jpg,UV,2,L,50,23,32,104,16.57359644559419,23.81674294345748,-43.179142225151836,6.533561840375419
B2L100.jpg,UV,2,L,100,16,25,90,12.880643617346788,22.32451227992428,-39.96084521717641,4.059237990284722
B2L500.jpg,UV,2,L,500,17,27,95,13.994943220479847,23.04258684822677,-41.47626292982216,4.932339340859022
B2PS0.jpg,UV,2,PS,0,11,16,59,6.841206542890006,15.06753014777841,-28.323443893962953,0.0
B2PS10.jpg,UV,2,PS,10,10,17,60,7.149835233507783,14.698599145718806,-28.5434609169615,0.4126242579587982
B2PS50.jpg,UV,2,PS,50,16,22,86,11.658779466927442,22.833907077059997,-39.26676905730485,5.4507659255201215
B2PS100.jpg,UV,2,PS,100,25,36,133,20.678068618191027,32.48850123227579,-55.03294409404356,13.135591104012356
B2PS500.jpg,UV,2,PS,500,23,44,171,26.51280262146041,41.23803936413137,-68.75477829976073,18.50909116834051
B3AC0.jpg,UV,3,AC,0,12,5,12,1.9263317348570261,2.8488244526851254,-2.0360719170344876,0.0
B3AC10.jpg,UV,3,AC,10,11,4,11,1.6453542160527341,2.8139448191824012,-2.011162529210564,0.17020092761421426
B3AC50.jpg,UV,3,AC,50,15,4,11,1.9201431996179998,4.046300644140202,-1.5769455416297262,1.541622760333069
B3AC100.jpg,UV,3,AC,100,15,4,12,1.9416539401479973,4.197458559497242,-1.988338975240861,1.6415682573005146
B3AC500.jpg,UV,3,AC,500,15,4,12,1.9416539401479973,4.197458559497242,-1.988338975240861,1.6415682573005146
B3CG0.jpg,UV,3,CG,0,10,3,10,1.3691895383233152,2.80374968718039,-2.0038961930750054,0.0
B3CG10.jpg,UV,3,CG,10,11,4,11,1.6453542160527341,2.8139448191824012,-2.011162529210564,0.1607686632048814
B3CG50.jpg,UV,3,CG,50,5,3,8,1.0380721263898494,1.2181654970568752,-1.7077417041890974,2.110291358531053
B3CG100.jpg,UV,3,CG,100,3,2,8,0.725376705827717,1.0957274136227102,-2.1783367663910367,2.3334875350014785
B3CG500.jpg,UV,3,CG,500,3,2,8,0.725376705827717,1.0957274136227102,-2.1783367663910367,2.3334875350014785
B3CK0.jpg,UV,3,CK,0,11,4,11,1.6453542160527341,2.8139448191824012,-2.011162529210564,0.0
B3CK10.jpg,UV,3,CK,10,14,3,11,1.6500069869156668,4.114729337936801,-1.9802892504806713,1.5870770896735766
B3CK50.jpg,UV,3,CK,50,15,4,10,1.8998518732416763,3.9037116621106622,-1.1888734332409667,1.5670390729899117
B3CK100.jpg,UV,3,CK,100,14,3,11,1.6500069869156668,4.114729337936801,-1.9802892504806713,1.5870770896735766
B3CK500.jpg,UV,3,CK,500,16,5,12,2.215450075927013,4.145443651522515,-1.5792119167355234,1.7218307684576653
B3HD0.jpg,UV,3,HD,0,9,3,9,1.291093959715898,2.4032065573857535,-1.7176111675426764,0.0
B3HD10.jpg,UV,3,HD,10,10,3,10,1.3691895383233152,2.80374968718039,-2.0038961930750054,0.5588276470397376
B3HD50.jpg,UV,3,HD,50,9,3,7,1.2515203056468138,2.1251189181526327,-0.9607640750255164,0.7674635851179876
B3HD100.jpg,UV,3,HD,100,10,3,10,1.3691895383233152,2.80374968718039,-2.0038961930750054,0.5588276470397376
B3HD500.jpg,UV,3,HD,500,10,3,10,1.3691895383233152,2.80374968718039,-2.0038961930750054,0.5588276470397376
B3HN0.jpg,UV,3,HN,0,11,4,11,1.6453542160527341,2.8139448191824012,-2.011162529210564,0.0
B3HN10.jpg,UV,3,HN,10,12,5,12,1.9263317348570261,2.8488244526851254,-2.0360719170344876,0.17020092761421426
B3HN50.jpg,UV,3,HN,50,14,3,9,1.609928833504803,3.8330965362906726,-1.2137935958333235,1.4751652855893804
B3HN100.jpg,UV,3,HN,100,15,4,12,1.9416539401479973,4.197458559497242,-1.988338975240861,1.692185404535252
B3HN500.jpg,UV,3,HN,500,17,6,14,2.53956243224858,4.437573598107147,-2.0555704745030488,2.026432499848667
B3L0.jpg,UV,3,L,0,9,4,11,1.52725003054314,2.284278822109867,-2.197788801440592,0.0
B3L10.jpg,UV,3,L,10,6,3,10,1.1359545320318105,1.7577524464680723,-2.3724502759800092,0.7669127883880666
B3L50.jpg,UV,3,L,50,4,3,9,0.9995502018515126,1.0957100064953456,-2.178303771173934,1.6447672971346803
B3L100.jpg,UV,3,L,100,4,3,9,0.9995502018515126,1.0957100064953456,-2.178303771173934,1.6447672971346803
B3L500.jpg,UV,3,L,500,7,5,16,1.7263322656352926,2.201312997328994,-4.383518042511375,1.956398499713708
B3PS0.jpg,UV,3,PS,0,8,3,9,1.2327852081430244,2.1417072472076635,-1.8097496882689246,0.0
B3PS10.jpg,UV,3,PS,10,10,3,10,1.3691895383233152,2.80374968718039,-2.0038961930750054,0.8621218447576903
B3PS50.jpg,UV,3,PS,50,10,4,9,1.5454806287051532,2.2641453306418144,-1.3391546260669906,0.5036181370248899
B3PS100.jpg,UV,3,PS,100,10,3,10,1.3691895383233152,2.80374968718039,-2.0038961930750054,0.8621218447576903
B3PS500.jpg,UV,3,PS,500,9,4,10,1.50695870416682,2.141689840080299,-1.8097166930518216,0.15881348076076554
B4AC0.jpg,UV,4,AC,0,8,9,23,2.7897246395538673,2.4119545991368034,-7.368376380736735,0.0
B4AC10.jpg,UV,4,AC,10,8,8,21,2.5239528537313625,2.322770031898111,-6.321797480282765,0.830042187717591
B4AC50.jpg,UV,4,AC,50,7,8,19,2.401305717507551,1.6091590853162252,-5.183462836329622,1.9130165738560856
B4AC100.jpg,UV,4,AC,100,9,11,29,3.4875874495994417,3.5654786507500065,-11.064642164543315,2.8206342566708633
B4AC500.jpg,UV,4,AC,500,3,5,26,1.828713703153312,3.5137228014622406,-11.164149260708012,2.887397518815467
B4CG0.jpg,UV,4,CG,0,7,8,21,2.4656441021584854,2.061270721720035,-6.413936001009018,0.0
B4CG10.jpg,UV,4,CG,10,4,5,12,1.4532949306251304,0.7273796496544971,-2.7835568179335524,3.4316943416851378
B4CG50.jpg,UV,4,CG,50,5,6,16,1.8057926799059167,1.277753840050827,-4.281477063214445,1.9627098654674597
B4CG100.jpg,UV,4,CG,100,9,10,28,3.2425564897097807,3.667385572973872,-10.63898502323672,3.4264534810878855
B4CG500.jpg,UV,4,CG,500,1,68,188,33.49868515264007,31.42847014634309,-67.37297545399981,30.873961339107186
B4CK0.jpg,UV,4,CK,0,6,8,19,2.342996965934674,1.3476597751381352,-5.2756013570558755,0.0
B4CK10.jpg,UV,4,CK,10,8,8,19,2.4596144690804316,1.8706583954943012,-5.0913243156033685,0.7763530956524399
B4CK50.jpg,UV,4,CK,50,9,10,29,3.286510186906444,3.9762521706261795,-11.365731752619984,5.166435446009164
B4CK100.jpg,UV,4,CK,100,10,15,41,5.114499837291429,6.468629350710284,-17.818887141509915,9.3629213193088
B4CK500.jpg,UV,4,CK,500,9,21,78,10.139327655598933,19.49484750357576,-36.30707691234166,17.629210594177067
B4HD0.jpg,UV,4,HD,0,4,4,12,1.2572170132087557,1.1279401865764982,-3.0698748386829844,0.0
B4HD10.jpg,UV,4,HD,10,8,8,19,2.4596144690804316,1.8706583954943012,-5.0913243156033685,2.03197524826006
B4HD50.jpg,UV,4,HD,50,7,7,16,2.1184881004680456,1.400191923484992,-3.8108820010125113,0.8758643577749426
B4HD100.jpg,UV,4,HD,100,5,5,16,1.6097147624895385,1.6783143769728281,-4.567795083963877,1.4441636125459918
B4HD500.jpg,UV,4,HD,500,1,1,6,0.37310763119650403,0.6952016909554382,-1.8920847360758053,1.2970568485589542
B4HN0.jpg,UV,4,HN,0,5,6,17,1.8334249505697855,1.4719283002144479,-4.809944908895036,0.0
B4HN10.jpg,UV,4,HN,10,11,13,27,3.9573283535082666,2.5925448494762,-8.772563550917505,3.4567474592512064
B4HN50.jpg,UV,4,HN,50,6,10,22,2.8336610696886098,1.2387651987868786,-6.586938344475207,1.629044844789154
B4HN100.jpg,UV,4,HN,100,3,5,17,1.520729530007653,1.349490216780297,-5.280539971096976,0.48432885425625327
B4HN500.jpg,UV,4,HN,500,1,3,19,1.0710636209884008,2.0429659088577607,-7.167884064434293,1.9905496166948449
B4L0.jpg,UV,4,L,0,8,9,22,2.754200655417982,2.1623243560650596,-6.688979323772138,0.0
B4L10.jpg,UV,4,L,10,9,11,25,3.3203582507124167,2.3903439753380216,-8.133885646428496,1.152793065841252
B4L50.jpg,UV,4,L,50,22,38,74,15.752534696498177,6.903262544462274,-24.422911198716324,13.551775853576547
B4L100.jpg,UV,4,L,100,30,69,154,31.495758759477965,18.817717354904755,-50.302972934209414,27.318633491060876
B4L500.jpg,UV,4,L,500,1,91,228,42.894399805177684,31.94659560364216,-75.0627114820623,37.24182862996883
B4PS0.jpg,UV,4,PS,0,7,7,18,2.175028174163266,1.797504124893573,-4.892212279794162,0.0
B4PS10.jpg,UV,4,PS,10,4,4,11,1.2357062726787582,0.976782271219459,-2.658481405071844,2.204511750668939
B4PS50.jpg,UV,4,PS,50,4,4,14,1.3038233786425693,1.455447323372605,-3.961222706377926,1.003019220407647
B4PS100.jpg,UV,4,PS,100,4,6,19,1.8342236279561632,1.6257822286259993,-6.0325144400072475,1.0249053268277344
B4PS500.jpg,UV,4,PS,500,3,3,21,1.2520195087850894,3.018076165617736,-8.214080187661189,2.8859225761601977
B5AC0.jpg,UV,5,AC,0,252,80,2,58.45587109203329,62.99413219238825,68.67257889355766,0.0
B5AC10.jpg,UV,5,AC,10,252,64,1,56.4574830097185,68.48746412935253,67.91575956696033,2.9942816827614966
B5AC50.jpg,UV,5,AC,50,254,65,1,56.93918830047453,68.7700857411308,68.34891860960373,2.7270559698515644
B5AC100.jpg,UV,5,AC,100,247,64,0,55.53016510500312,66.98570548520416,67.17853645290498,3.373480343580501
B5AC500.jpg,UV,5,AC,500,253,70,2,57.34149243667875,66.85748357379495,68.22437096436596,1.9419184833069472
B5CG0.jpg,UV,5,CG,0,254,75,2,58.14521467223733,65.4472978383025,68.7155407424289,0.0
B5CG10.jpg,UV,5,CG,10,250,60,1,55.64910693590579,69.11433947078332,67.33442956797242,2.9434401986578442
B5CG50.jpg,UV,5,CG,50,254,65,1,56.93918830047453,68.7700857411308,68.34891860960373,1.7722562971833102
B5CG100.jpg,UV,5,CG,100,244,61,1,54.636031420887036,67.03908404319886,66.22762318926259,3.5728290765077864
B5CG500.jpg,UV,5,CG,500,250,67,1,56.43361224083546,66.92985554001312,67.69331152267102,1.809918637783179
B5CK0.jpg,UV,5,CK,0,253,80,2,58.63121186769497,63.315455998835205,68.85813424533434,0.0
B5CK10.jpg,UV,5,CK,10,253,64,0,56.64043217167948,68.77718059208243,68.32037807619497,2.9203616043309557
B5CK50.jpg,UV,5,CK,50,253,66,1,56.86829659259297,68.15625409268605,68.21041237912056,2.63158740705763
B5CK100.jpg,UV,5,CK,100,246,63,1,55.23304960506866,67.01044100564879,66.7150685443009,3.787212402707733
B5CK500.jpg,UV,5,CK,500,251,70,1,56.976237221209374,66.23777106373885,68.05186408198917,2.0549699770342404
B5HD0.jpg,UV,5,HD,0,247,58,1,54.874944455054134,68.82747058499477,66.66088041268775,0.0
B5HD10.jpg,UV,5,HD,10,229,43,1,49.96985343946973,67.72981025932518,62.49517994902129,5.0069875997596105
B5HD50.jpg,UV,5,HD,50,229,44,0,50.05512300793487,67.47301814411539,62.797234750298614,4.879540884421347
B5HD100.jpg,UV,5,HD,100,224,46,0,49.260526558606045,65.52755658632925,61.88441566339973,5.681393539409202
B5HD500.jpg,UV,5,HD,500,230,48,0,50.619747551515346,66.71474617551232,63.14884477152407,4.268859585754675
B5HN0.jpg,UV,5,HN,0,253,72,2,57.58674569164985,66.18014451090865,68.34253185572801,0.0
B5HN10.jpg,UV,5,HN,10,249,58,2,55.253969589956085,69.41661788209119,66.82568424389815,2.760796864124261
B5HN50.jpg,UV,5,HN,50,248,59,1,55.168072149961716,68.82551991544584,66.90116437827731,2.684561764321533
B5HN100.jpg,UV,5,HN,100,241,58,0,53.7425172052059,67.05891356732118,65.73124783597312,3.8241322989929905
B5HN500.jpg,UV,5,HN,500,244,63,0,54.85986074605624,66.4020644409296,66.55480237731376,2.643863926877531
B5L0.jpg,UV,5,L,0,252,79,2,58.3192038879114,63.366950492795226,68.60387801005928,0.0
B5L10.jpg,UV,5,L,10,253,63,1,56.532219178839526,69.09202388340479,68.05670770822377,2.893772671128874
B5L50.jpg,UV,5,L,50,253,64,1,56.6425920583017,68.78433193001798,68.10692146732259,2.7280116296759895
B5L100.jpg,UV,5,L,100,247,62,0,55.304179702527804,67.61472937087348,67.07719808338342,3.5061035043213096
B5L500.jpg,UV,5,L,500,252,67,0,56.79808950466182,67.5273539442871,68.28476921938706,2.2147283126459305
B5PS0.jpg,UV,5,PS,0,252,68,2,56.91992925655818,67.21587737079277,67.91982031786561,0.0
B5PS10.jpg,UV,5,PS,10,241,54,0,53.32524639774839,68.22769842886761,65.54969395809476,3.6138531304580876
B5PS50.jpg,UV,5,PS,50,246,58,0,54.68428607648916,68.52818439898311,66.69446846888766,2.2804602022334524
B5PS100.jpg,UV,5,PS,100,234,53,0,51.88729555766447,66.47684138960702,64.14449919094665,4.972640029300582
B5PS500.jpg,UV,5,PS,500,242,59,1,54.04131961387691,67.05952882520211,65.74133178348654,2.820353886499757
B6AC0.jpg,UV,6,AC,0,33,15,38,7.271050426356286,14.406620474402027,-12.00740802973761,0.0
B6AC10.jpg,UV,6,AC,10,39,19,45,9.692810059973944,15.861927196325427,-13.371166320223594,1.8793029017757992
B6AC50.jpg,UV,6,AC,50,36,18,41,8.720339504475486,14.35563926930411,-11.961058771643913,0.8919678581059279
B6AC100.jpg,UV,6,AC,100,37,19,41,9.150304239702887,14.040947710631594,-11.278709437303663,1.2518186499875543
B6AC500.jpg,UV,6,AC,500,33,18,41,8.271614821645109,13.20186154672244,-12.69601811050254,1.3069209110803395
B6CG0.jpg,UV,6,CG,0,29,14,35,6.292815291251362,12.254129815016112,-11.287132937658539,0.0
B6CG10.jpg,UV,6,CG,10,35,17,43,8.4174047035863,15.225379593036173,-13.937174057688445,2.7116757534154745
B6CG50.jpg,UV,6,CG,50,31,16,39,7.302081095247281,13.219944124942165,-12.73538820252551,1.2011702570400005
B6CG100.jpg,UV,6,CG,100,35,17,39,8.171256695069811,14.139858892085162,-11.333352123947616,1.8677321302054806
B6CG500.jpg,UV,6,CG,500,29,10,27,5.035547917236617,11.600392847083683,-6.985564654428067,2.9720212866131535
B6CK0.jpg,UV,6,CK,0,32,14,36,6.761657811009346,13.98709468737483,-11.292295403678532,0.0
B6CK10.jpg,UV,6,CK,10,39,19,46,9.75407836859964,16.128358213558332,-14.011354430843287,2.6796834147494493
B6CK50.jpg,UV,6,CK,50,35,17,39,8.171256695069811,14.139858892085162,-11.333352123947616,0.869485217782852
B6CK100.jpg,UV,6,CK,100,38,20,42,9.637581625120497,13.991878711589564,-11.251144841942418,1.7717206710905553
B6CK500.jpg,UV,6,CK,500,35,17,41,8.29182300050772,14.675769489520956,-12.643106552301647,1.2843623563699849
B6HD0.jpg,UV,6,HD,0,21,8,26,3.6826153492932185,7.988226535760923,-8.29427207206318,0.0
B6HD10.jpg,UV,6,HD,10,24,11,29,4.71749801649662,9.081301853076123,-9.095561046396277,1.2325227748860152
B6HD50.jpg,UV,6,HD,50,23,10,28,4.363749040090475,8.695637260628525,-8.849374344534239,0.813466169465691
B6HD100.jpg,UV,6,HD,100,21,12,27,4.530096679454726,6.629596054624779,-7.835907221128729,1.4425285159627252
B6HD500.jpg,UV,6,HD,500,24,11,29,4.71749801649662,9.081301853076123,-9.095561046396277,1.2325227748860152
B6HN0.jpg,UV,6,HN,0,27,12,33,5.4719337405343005,11.553588048637875,-11.03216656486518,0.0
B6HN10.jpg,UV,6,HN,10,34,16,40,7.803463667216491,14.720279755330315,-12.671024184067626,2.782259771029816
B6HN50.jpg,UV,6,HN,50,31,16,37,7.185499591400582,12.616821175453902,-11.405970732649962,1.3334969062380924
B6HN100.jpg,UV,6,HN,100,30,16,37,7.047367065446082,12.176451561093218,-11.631230122974506,1.1024318218395068
B6HN500.jpg,UV,6,HN,500,30,15,36,6.730069846577461,12.47817423545207,-11.363731850434016,1.0544461844398825
B6L0.jpg,UV,6,L,0,32,14,36,6.761657811009346,13.98709468737483,-11.292295403678532,0.0
B6L10.jpg,UV,6,L,10,36,18,43,8.841636967294118,14.89669569180882,-13.25949761118893,1.789410285527135
B6L50.jpg,UV,6,L,50,39,18,46,9.491522547331208,16.809204847799826,-14.424379032313839,2.8914993902682404
B6L100.jpg,UV,6,L,100,34,16,36,7.570276537315646,13.632814051277059,-10.016934724480198,0.9528462939125145
B6L500.jpg,UV,6,L,500,32,13,33,6.366118889744953,13.666459765715121,-9.605653031434441,1.1071675449334297
B6PS0.jpg,UV,6,PS,0,23,10,28,4.363749040090475,8.695637260628525,-8.849374344534239,0.0
B6PS10.jpg,UV,6,PS,10,27,13,36,5.855511793545855,12.131610578690042,-12.74788380762238,3.5412103647494586
B6PS50.jpg,UV,6,PS,50,26,13,31,5.477595249799069,9.864983716473347,-9.486673958940866,1.2581061431903493
B6PS100.jpg,UV,6,PS,100,28,15,33,6.308100951785061,10.562916712309814,-9.742511712748659,2.033792102386422
B6PS500.jpg,UV,6,PS,500,22,10,24,4.097513110261755,7.090916601521044,-6.0892289683990075,2.309783058099436
B7AC0.jpg,UV,7,AC,0,18,33,40,11.752650569769354,-3.973667430734462,-6.700265256317217,0.0
B7AC10.jpg,UV,7,AC,10,14,22,19,6.451103838157671,-3.821569454980786,0.7823924409625149,7.316466454375743
B7AC50.jpg,UV,7,AC,50,9,22,20,6.1637764012133545,-5.030053831180909,-0.3240056234874056,6.694083727344313
B7AC100.jpg,UV,7,AC,100,10,25,19,7.2874985610259415,-7.230820331004015,1.9724654353991788,9.006434605845973
B7AC500.jpg,UV,7,AC,500,9,56,74,21.50746015954961,-7.944597807167026,-15.389759197869123,9.136892824708845
B7CG0.jpg,UV,7,CG,0,15,29,31,9.634202052007034,-5.359058166985231,-3.2926946292938353,0.0
B7CG10.jpg,UV,7,CG,10,7,15,17,3.859478809025628,-1.9057920475793328,-1.837459765260141,5.512445678871694
B7CG50.jpg,UV,7,CG,50,4,9,15,2.309344333482599,-0.3707549715346592,-3.010270619669242,7.625917578526933
B7CG100.jpg,UV,7,CG,100,3,10,19,2.5602265460488027,-0.23795922924010893,-4.979380877735762,7.866694418202811
B7CG500.jpg,UV,7,CG,500,63,254,251,91.18848970472082,-45.6278500159294,-11.888907527858139,83.87080255905197
B7CK0.jpg,UV,7,CK,0,15,30,35,10.193769839651818,-4.654333166538197,-5.417133134036312,0.0
B7CK10.jpg,UV,7,CK,10,13,21,20,6.073554846142958,-3.2243822739133483,-0.4259537142550729,5.179109900686496
B7CK50.jpg,UV,7,CK,50,8,21,18,5.705153505784626,-5.033445993824507,0.26956215252563753,5.751671083967787
B7CK100.jpg,UV,7,CK,100,10,22,19,6.190577715941647,-4.989960123707643,0.3707133899794157,5.694298936615242
B7CK500.jpg,UV,7,CK,500,4,143,187,55.335012202018106,-15.959226830614181,-31.81762255000247,39.03896996065248
B7HD0.jpg,UV,7,HD,0,10,19,23,5.348440511175152,-2.0539218490628204,-3.6180844583095393,0.0
B7HD10.jpg,UV,7,HD,10,5,14,13,3.39077789401739,-2.644133512492222,-0.4146783150690114,3.284737102839188
B7HD50.jpg,UV,7,HD,50,5,16,14,3.925071476501927,-3.5187901295392483,-0.12661419923649664,3.890491406612369
B7HD100.jpg,UV,7,HD,100,6,18,17,4.622802088042068,-3.8457739307148353,-0.7298300515905076,3.6043791970686594
B7HD500.jpg,UV,7,HD,500,4,22,23,5.974757459561442,-5.61709924421161,-2.7454878202608946,4.438377546085813
B7HN0.jpg,UV,7,HN,0,16,28,35,9.497245556555011,-2.875342769633013,-6.4686645998249634,0.0
B7HN10.jpg,UV,7,HN,10,10,18,17,4.856037094333576,-2.7997766900025036,-0.3612759686855038,5.988791641977299
B7HN50.jpg,UV,7,HN,50,6,19,17,4.922065822867324,-4.4571290689292695,-0.29283744494579267,6.464184421442621
B7HN100.jpg,UV,7,HN,100,8,23,23,6.560018023843487,-5.290242375739787,-1.862896958787752,5.369264112957517
B7HN500.jpg,UV,7,HN,500,8,37,63,14.0211118661806,0.2855389905732919,-19.61234232756287,9.509064751767987
B7L0.jpg,UV,7,L,0,18,33,37,11.61946535391112,-5.030262714924627,-4.71485357527936,0.0
B7L10.jpg,UV,7,L,10,13,30,47,10.698527284642324,-0.5230197747170817,-13.445172361004893,8.484593931858894
B7L50.jpg,UV,7,L,50,1,107,166,43.172111621113025,-3.179183237748018,-38.77530000500391,29.064235352331725
B7L100.jpg,UV,7,L,100,0,136,200,53.78817804012898,-7.310348780828868,-41.6315983831812,37.981179963322646
B7L500.jpg,UV,7,L,500,1,242,253,87.28833819687154,-42.97180648468463,-18.83061539473916,78.03428103472916
B7PS0.jpg,UV,7,PS,0,7,16,19,4.179933394128518,-2.024335530085686,-2.5862649329121745,0.0
B7PS10.jpg,UV,7,PS,10,7,12,14,3.0694554696740077,-1.009650581637267,-1.3620175478546992,1.8410724699291625
B7PS50.jpg,UV,7,PS,50,4,10,12,2.433684517707025,-1.2754230349555362,-1.3519667141863867,1.789212679347915
B7PS100.jpg,UV,7,PS,100,2,6,8,1.4513796239203565,-0.768014044243398,-1.1252032041195514,2.6551055389000044
B7PS500.jpg,UV,7,PS,500,4,29,50,10.066572404063194,-0.4741357302675414,-16.64656394724488,10.711158737978343
B8AC0.jpg,UV,8,AC,0,0,0,0,0.0,0.0,0.0,0.0
B8AC10.jpg,UV,8,AC,10,0,0,0,0.0,0.0,0.0,0.0
B8AC50.jpg,UV,8,AC,50,0,0,0,0.0,0.0,0.0,0.0
B8AC100.jpg,UV,8,AC,100,0,0,0,0.0,0.0,0.0,0.0
B8AC500.jpg,UV,8,AC,500,0,0,0,0.0,0.0,0.0,0.0
B8CG0.jpg,UV,8,CG,0,0,0,0,0.0,0.0,0.0,0.0
B8CG10.jpg,UV,8,CG,10,0,0,0,0.0,0.0,0.0,0.0
B8CG50.jpg,UV,8,CG,50,0,0,0,0.0,0.0,0.0,0.0
B8CG100.jpg,UV,8,CG,100,0,0,0,0.0,0.0,0.0,0.0
B8CG500.jpg,UV,8,CG,500,0,0,0,0.0,0.0,0.0,0.0
B8CK0.jpg,UV,8,CK,0,0,0,0,0.0,0.0,0.0,0.0
B8CK10.jpg,UV,8,CK,10,0,0,0,0.0,0.0,0.0,0.0
B8CK50.jpg,UV,8,CK,50,0,0,0,0.0,0.0,0.0,0.0
B8CK100.jpg,UV,8,CK,100,0,0,0,0.0,0.0,0.0,0.0
B8CK500.jpg,UV,8,CK,500,0,0,0,0.0,0.0,0.0,0.0
B8HD0.jpg,UV,8,HD,0,0,0,0,0.0,0.0,0.0,0.0
B8HD10.jpg,UV,8,HD,10,0,0,0,0.0,0.0,0.0,0.0
B8HD50.jpg,UV,8,HD,50,0,0,0,0.0,0.0,0.0,0.0
B8HD100.jpg,UV,8,HD,100,0,0,0,0.0,0.0,0.0,0.0
B8HD500.jpg,UV,8,HD,500,0,0,0,0.0,0.0,0.0,0.0
B8HN0.jpg,UV,8,HN,0,0,0,0,0.0,0.0,0.0,0.0
B8HN10.jpg,UV,8,HN,10,0,0,0,0.0,0.0,0.0,0.0
B8HN50.jpg,UV,8,HN,50,0,0,0,0.0,0.0,0.0,0.0
B8HN100.jpg,UV,8,HN,100,0,0,0,0.0,0.0,0.0,0.0
B8HN500.jpg,UV,8,HN,500,0,0,0,0.0,0.0,0.0,0.0
B8L0.jpg,UV,8,L,0,0,0,0,0.0,0.0,0.0,0.0
B8L10.jpg,UV,8,L,10,0,0,0,0.0,0.0,0.0,0.0
B8L50.jpg,UV,8,L,50,0,0,0,0.0,0.0,0.0,0.0
B8L100.jpg,UV,8,L,100,0,0,0,0.0,0.0,0.0,0.0
B8L500.jpg,UV,8,L,500,0,0,0,0.0,0.0,0.0,0.0
B8PS0.jpg,UV,8,PS,0,0,0,0,0.0,0.0,0.0,0.0
B8PS10.jpg,UV,8,PS,10,0,0,0,0.0,0.0,0.0,0.0
B8PS50.jpg,UV,8,PS,50,0,0,0,0.0,0.0,0.0,0.0
B8PS100.jpg,UV,8,PS,100,0,0,0,0.0,0.0,0.0,0.0
B8PS500.jpg,UV,8,PS,500,0,0,0,0.0,0.0,0.0,0.0
B9AC0.jpg,UV,9,AC,0,254,0,9,53.05612708812873,79.91292773498715,64.789609605537,0.0
B9AC10.jpg,UV,9,AC,10,254,0,11,53.06096766782058,79.92616989210998,64.31650074785655,0.18578673118076314
B9AC50.jpg,UV,9,AC,50,254,0,6,53.04895637047055,79.89330858629002,65.5064353983686,0.2804415432187455
B9AC100.jpg,UV,9,AC,100,254,0,5,53.04656580025288,79.88676729079836,65.74984453959286,0.3753799373273109
B9AC500.jpg,UV,9,AC,500,254,0,12,53.0635654232194,79.93327588618088,64.06602783920721,0.2843677281794824
B9CG0.jpg,UV,9,CG,0,254,0,8,53.05373701437982,79.9063888081727,65.02636825412674,0.0
B9CG10.jpg,UV,9,CG,10,254,0,16,53.07541137954982,79.96567470726434,62.95252557896147,0.8172294877637405
B9CG50.jpg,UV,9,CG,50,254,0,3,53.04178416314828,79.87368232965453,66.24367985184745,0.4747729159092013
B9CG100.jpg,UV,9,CG,100,254,0,2,53.039393096203995,79.86713866357842,66.49421851328742,0.5720283151816767
B9CG500.jpg,UV,9,CG,500,254,0,10,53.05851699644535,79.91946587266602,64.55497009957136,0.1848395641918457
B9CK0.jpg,UV,9,CK,0,254,0,10,53.05851699644535,79.91946587266602,64.55497009957136,0.0
B9CK10.jpg,UV,9,CK,10,254,0,15,53.07222745433879,79.95696744828335,63.24733655641791,0.5155794965113201
B9CK50.jpg,UV,9,CK,50,254,0,6,53.04895637047055,79.89330858629002,65.5064353983686,0.3725141653818891
B9CK100.jpg,UV,9,CK,100,254,0,5,53.04656580025288,79.88676729079836,65.74984453959286,0.46745249412498313
B9CK500.jpg,UV,9,CK,500,253,0,11,52.85499444867273,79.68816496529202,64.1015357429685,0.23677938756434955
B9HD0.jpg,UV,9,HD,0,249,0,1,52.00486733654665,78.66681413895577,65.73766470067255,0.0
B9HD10.jpg,UV,9,HD,10,246,0,2,51.386216757141455,77.95524387366487,64.8646000457218,0.6524098563562594
B9HD50.jpg,UV,9,HD,50,254,0,2,53.039393096203995,79.86713866357842,66.49421851328742,1.0495726373340322
B9HD100.jpg,UV,9,HD,100,253,0,2,52.83329054634983,79.62878004817014,66.29114887884859,0.8420623627579976
B9HD500.jpg,UV,9,HD,500,250,0,4,52.2189534793246,78.92603871025183,65.17062509592854,0.3577400577796391
B9HN0.jpg,UV,9,HN,0,254,0,6,53.04895637047055,79.89330858629002,65.5064353983686,0.0
B9HN10.jpg,UV,9,HN,10,254,0,5,53.04656580025288,79.88676729079836,65.74984453959286,0.09493849624023584
B9HN50.jpg,UV,9,HN,50,254,0,2,53.039393096203995,79.86713866357842,66.49421851328742,0.384354023246208
B9HN100.jpg,UV,9,HN,100,254,0,2,53.039393096203995,79.86713866357842,66.49421851328742,0.384354023246208
B9HN500.jpg,UV,9,HN,500,254,0,9,53.05612708812873,79.91292773498715,64.789609605537,0.2804415432187455
B9L0.jpg,UV,9,L,0,254,0,8,53.05373701437982,79.9063888081727,65.02636825412674,0.0
B9L10.jpg,UV,9,L,10,254,0,5,53.04656580025288,79.88676729079836,65.74984453959286,0.2826131730109009
B9L50.jpg,UV,9,L,50,254,0,3,53.04178416314828,79.87368232965453,66.24367985184745,0.4747729159092013
B9L100.jpg,UV,9,L,100,255,1,3,53.27126381068214,80.04353112686636,66.45700999894333,0.5565323621719522
B9L500.jpg,UV,9,L,500,250,0,8,52.22874811393564,78.95283868549797,64.17985244962077,0.8404096329697844
B9PS0.jpg,UV,9,PS,0,254,0,3,53.04178416314828,79.87368232965453,66.24367985184745,0.0
B9PS10.jpg,UV,9,PS,10,254,0,5,53.04656580025288,79.88676729079836,65.74984453959286,0.1921600157372415
B9PS50.jpg,UV,9,PS,50,254,0,2,53.039393096203995,79.86713866357842,66.49421851328742,0.09725568615705625
B9PS100.jpg,UV,9,PS,100,254,0,2,53.039393096203995,79.86713866357842,66.49421851328742,0.09725568615705625
B9PS500.jpg,UV,9,PS,500,254,0,8,53.05373701437982,79.9063888081727,65.02636825412674,0.4747729159092013
B10AC0.jpg,UV,10,AC,0,253,187,1,79.85818793167904,11.617312708751381,82.02892347059112,0.0
B10AC10.jpg,UV,10,AC,10,253,187,1,79.85818793167904,11.617312708751381,82.02892347059112,0.0
B10AC50.jpg,UV,10,AC,50,252,187,1,79.75203652471244,11.19075680871745,81.90611576520276,0.24942824550130444
B10AC100.jpg,UV,10,AC,100,254,191,0,80.92600504936414,9.95806229795637,82.9089055515624,1.2634169525325631
B10AC500.jpg,UV,10,AC,500,253,185,1,79.37864240844328,12.658280975789527,81.7014894616572,0.7096817524036736
B10CG0.jpg,UV,10,CG,0,249,178,0,77.2721493987957,14.59971078753125,80.17061886646192,0.0
B10CG10.jpg,UV,10,CG,10,250,184,1,78.81726826574828,11.899670290577868,81.16615288679249,1.9820475481707165
B10CG50.jpg,UV,10,CG,50,248,182,0,78.12064430304973,12.080647741829488,80.69363939914514,1.6192432379489412
B10CG100.jpg,UV,10,CG,100,254,185,2,79.48743693926329,13.091987286032946,81.72500425687318,1.8829283042455076
B10CG500.jpg,UV,10,CG,500,249,182,1,78.22948597917421,12.516379335939353,80.71418155346237,1.4263232622145927
B10CK0.jpg,UV,10,CK,0,253,183,1,78.90102714598315,13.70037479183306,81.37638043691248,0.0
B10CK10.jpg,UV,10,CK,10,253,189,2,80.3408371452366,10.585559826413625,82.26014811248218,2.117310371444985
B10CK50.jpg,UV,10,CK,50,253,186,1,79.61817732454598,12.137647006132346,81.8649190092309,1.067276494075498
B10CK100.jpg,UV,10,CK,100,254,191,0,80.92600504936414,9.95806229795637,82.9089055515624,2.6791447669880615
B10CK500.jpg,UV,10,CK,500,251,185,1,79.16451859470658,11.805362678850573,81.45396330881735,1.1125546885384865
B10HD0.jpg,UV,10,HD,0,234,165,1,72.50117481491927,15.024191447151281,76.04192813152318,0.0
B10HD10.jpg,UV,10,HD,10,232,160,2,71.08146450656692,16.82513086820364,74.85422666994018,1.622924330907201
B10HD50.jpg,UV,10,HD,50,230,162,0,71.32893585523544,14.881120070993125,75.15773422504434,0.909203840821752
B10HD100.jpg,UV,10,HD,100,228,157,1,69.90482313670799,16.68821870189763,73.96749460778611,2.364386320966617
B10HD500.jpg,UV,10,HD,500,225,156,0,69.31862550095981,15.914878945675948,73.5371236458882,2.623464997643181
B10HN0.jpg,UV,10,HN,0,254,181,0,78.53384565831793,15.160421269760304,81.28363070680278,0.0
B10HN10.jpg,UV,10,HN,10,250,179,1,77.621245359535,14.511077358049128,80.35230621537454,0.7342558526759011
B10HN50.jpg,UV,10,HN,50,249,179,1,77.51170352563595,14.084653984448025,80.22593993296441,0.9211608721030888
B10HN100.jpg,UV,10,HN,100,253,180,1,78.18834582155421,15.265296281041064,80.8931881424465,0.2748764135137394
B10HN500.jpg,UV,10,HN,500,243,176,1,76.13806017116582,13.09027777854016,78.98142723515515,2.03660592192373
B10L0.jpg,UV,10,L,0,253,190,0,80.57978463242982,10.05034390931564,82.62245880112079,0.0
B10L10.jpg,UV,10,L,10,252,186,2,79.5127408045551,11.719250181880081,81.64113334426399,1.279773562188831
B10L50.jpg,UV,10,L,50,250,184,1,78.81726826574828,11.899670290577868,81.16615288679249,1.7156769894616632
B10L100.jpg,UV,10,L,100,253,190,0,80.57978463242982,10.05034390931564,82.62245880112079,0.0
B10L500.jpg,UV,10,L,500,253,183,1,78.90102714598315,13.70037479183306,81.37638043691248,2.4926444128771963
B10PS0.jpg,UV,10,PS,0,236,166,1,72.96553046154699,15.355582061958362,76.4627337020972,0.0
B10PS10.jpg,UV,10,PS,10,240,172,0,74.84690435176186,13.898018662216515,78.06078874328118,1.7528743782749905
B10PS50.jpg,UV,10,PS,50,239,173,1,74.97888763527155,12.949864646508935,77.98544649535903,2.175152482821744
B10PS100.jpg,UV,10,PS,100,243,175,1,75.89798226333725,13.615606544512604,78.81823711331573,2.5401306352220008
B10PS500.jpg,UV,10,PS,500,240,173,0,75.08713521816142,13.371264590910037,78.22316819519072,2.089616636247834
B11AC0.jpg,UV,11,AC,0,82,19,72,18.919177551008502,35.35025800852623,-17.551037741780362,0.0
B11AC10.jpg,UV,11,AC,10,81,22,73,19.243434488663944,33.959856767106885,-17.742833305490013,0.6551308411809905
B11AC50.jpg,UV,11,AC,50,77,20,72,18.126582338345806,33.52009035607143,-18.86128521320467,1.3105667243047512
B11AC100.jpg,UV,11,AC,100,76,21,73,18.161733952356215,32.97542702756953,-19.50596669183223,1.74858714114792
B11AC500.jpg,UV,11,AC,500,79,25,74,19.442156023510044,32.149598745121715,-18.141524176589343,1.5296960625061353
B11CG0.jpg,UV,11,CG,0,77,19,69,17.798391992146477,33.40651520021759,-17.306487121071935,0.0
B11CG10.jpg,UV,11,CG,10,76,22,70,18.15575787094916,31.937837962035726,-17.45056748265914,0.7045789405926571
B11CG50.jpg,UV,11,CG,50,72,19,68,16.801683641657135,31.7834773346721,-18.243945696751695,1.2009479700322274
B11CG100.jpg,UV,11,CG,100,68,19,66,15.943726075501289,30.227422946469822,-18.252090641605257,2.0637530510471067
B11CG500.jpg,UV,11,CG,500,68,17,48,14.643756485317962,27.973267701520616,-7.48603002661633,5.791544926352259
B11CK0.jpg,UV,11,CK,0,82,19,72,18.919177551008502,35.35025800852623,-17.551037741780362,0.0
B11CK10.jpg,UV,11,CK,10,80,22,72,19.002924174998036,33.48740786859389,-17.44703349695066,0.7582628906211905
B11CK50.jpg,UV,11,CK,50,76,19,71,17.725156012003076,33.49006454093117,-18.816591010814278,1.4373394358512253
B11CK100.jpg,UV,11,CK,100,74,20,70,17.453787172836144,32.28482458307258,-18.578466501166048,1.8572488667784224
B11CK500.jpg,UV,11,CK,500,77,25,73,19.032008032178872,31.352364951670264,-18.125788606523983,1.8298789008841048
B11HD0.jpg,UV,11,HD,0,55,13,49,11.428371512906395,25.844777790353948,-13.385565456645438,0.0
B11HD10.jpg,UV,11,HD,10,55,15,50,11.852851252823417,25.026743743373174,-13.450389764064003,0.5013753168380499
B11HD50.jpg,UV,11,HD,50,49,13,46,10.093331852943852,23.313677236122516,-13.358226048965383,1.5439281441802712
B11HD100.jpg,UV,11,HD,100,49,13,49,10.279104827437862,23.952949845454043,-15.27056026163901,1.8349423169198749
B11HD500.jpg,UV,11,HD,500,54,18,52,12.383456754246097,23.47190238636157,-14.083039130015996,1.5250505379110295
B11HN0.jpg,UV,11,HN,0,71,18,63,16.162020286069747,31.00964819699775,-15.770402083637213,0.0
B11HN10.jpg,UV,11,HN,10,69,20,65,16.242545656561973,29.842793741283902,-17.07111958964824,1.023449310818405
B11HN50.jpg,UV,11,HN,50,63,18,61,14.548951235506578,28.218990807702237,-16.998373001523582,1.9543716698861526
B11HN100.jpg,UV,11,HN,100,65,18,64,15.098248815951969,29.425867423919698,-18.221416161536418,1.8765488196556934
B11HN500.jpg,UV,11,HN,500,67,23,66,16.50181913097039,27.889513733307336,-17.386589512691685,1.950786417881053
B11L0.jpg,UV,11,L,0,79,19,71,18.29111120222595,34.333534825549044,-17.8880659884291,0.0
B11L10.jpg,UV,11,L,10,76,18,59,16.918101276476847,31.82983835386255,-11.708170196234736,3.3276238104562252
B11L50.jpg,UV,11,L,50,70,14,52,14.75897765060503,30.57832151327311,-10.155437609662176,4.704573694207594
B11L100.jpg,UV,11,L,100,70,14,53,14.80896315413797,30.73681307058515,-10.796145059309525,4.3909093991739105
B11L500.jpg,UV,11,L,500,71,17,52,15.428055141438445,29.585268637488394,-9.111339439088884,5.072276620966332
B11PS0.jpg,UV,11,PS,0,66,17,62,14.992313469968611,29.801356841251152,-16.96851229415486,0.0
B11PS10.jpg,UV,11,PS,10,67,20,64,15.819488000251788,29.0379154155285,-17.061327954862293,0.6613063335124205
B11PS50.jpg,UV,11,PS,50,61,16,56,13.521944892427534,27.603321411854452,-15.082346040069483,1.5397397461640916
B11PS100.jpg,UV,11,PS,100,52,11,46,10.31024182762889,25.295292284497297,-12.976528559919936,3.9689232679874684
B11PS500.jpg,UV,11,PS,500,60,16,41,12.554351507413195,24.6017187034568,-5.701235237061647,6.591989843614726
B12AC0.jpg,UV,12,AC,0,135,23,95,30.85764340793793,51.37124673186924,-13.597277621460869,0.0
B12AC10.jpg,UV,12,AC,10,122,22,86,27.802829816858086,47.18198730657425,-12.602717832226606,2.6847111362173277
B12AC50.jpg,UV,12,AC,50,120,22,83,27.276178461322374,46.271050861417415,-11.456408319381751,3.234607227624278
B12AC100.jpg,UV,12,AC,100,121,19,82,27.132638626457172,47.26998706738236,-10.992778668079827,3.257103778846059
B12AC500.jpg,UV,12,AC,500,121,23,80,27.457516063679343,45.85779214026275,-9.168853250989029,3.5768741712012604
B12CG0.jpg,UV,12,CG,0,130,23,91,29.701204286456246,49.59984694288036,-12.845834942315859,0.0
B12CG10.jpg,UV,12,CG,10,120,21,85,27.259070736216678,46.82572744023886,-12.808592041653489,2.058510715603993
B12CG50.jpg,UV,12,CG,50,122,23,87,27.95200564771315,47.0107753383654,-13.034405560736728,1.5867280147631744
B12CG100.jpg,UV,12,CG,100,122,21,84,27.61419081106044,47.219610678291914,-11.567822173669217,1.810186747045768
B12CG500.jpg,UV,12,CG,500,124,24,85,28.367700145325934,46.97658044402642,-11.044562667580548,1.4751957097413957
B12CK0.jpg,UV,12,CK,0,139,25,97,31.917565205315285,52.082011701070684,-13.203303655588794,0.0
B12CK10.jpg,UV,12,CK,10,129,22,90,29.36281156843861,49.49845351486895,-12.726000478367517,2.1404953891610323
B12CK50.jpg,UV,12,CK,50,130,25,92,29.948560225827556,49.142463279590736,-13.12095986730679,1.7884598194814672
B12CK100.jpg,UV,12,CK,100,129,21,88,29.182383084263428,49.52384091192588,-11.688876844651997,2.327801394661444
B12CK500.jpg,UV,12,CK,500,127,25,86,29.108575302833678,47.594257728649445,-10.522318596764201,2.7584870116667606
B12HD0.jpg,UV,12,HD,0,112,22,80,25.559198629142493,43.7327993539817,-12.223430778682243,0.0
B12HD10.jpg,UV,12,HD,10,101,18,70,22.451509963198234,40.691278248776555,-10.413565610993224,2.569742366526964
B12HD50.jpg,UV,12,HD,50,99,19,70,22.164468516598376,39.80083721623362,-10.888271790463733,2.8268196415600695
B12HD100.jpg,UV,12,HD,100,101,17,69,22.29521670643897,40.8786958224974,-9.968288863108121,2.7148378276336147
B12HD500.jpg,UV,12,HD,500,100,21,69,22.57007698393935,39.242317013619996,-9.567910720472772,2.855396721966749
B12HN0.jpg,UV,12,HN,0,136,25,98,31.3765968084088,51.448465316419664,-14.729638220837938,0.0
B12HN10.jpg,UV,12,HN,10,127,22,89,28.923522352728995,48.86012897381478,-12.776789259247213,2.178267618595738
B12HN50.jpg,UV,12,HN,50,124,24,88,28.496003252202257,47.36006453030861,-12.825718433346777,2.6248201284120984
B12HN100.jpg,UV,12,HN,100,122,20,85,27.558758989268682,47.62825830155554,-12.31477329176226,3.272536871004738
B12HN500.jpg,UV,12,HN,500,124,24,85,28.367700145325934,46.97658044402642,-11.044562667580548,3.0488682231978905
B12L0.jpg,UV,12,L,0,138,24,98,31.669405633483073,52.22863794463087,-14.246852142958478,0.0
B12L10.jpg,UV,12,L,10,124,22,87,28.242549960635976,47.831176776153725,-12.554946393047484,3.009081808689032
B12L50.jpg,UV,12,L,50,124,23,84,28.218522107324745,47.1576630236846,-10.61088651957619,3.373892328998187
B12L100.jpg,UV,12,L,100,126,20,84,28.31970061283603,48.53637118146942,-10.420021268694946,3.2119418552450423
B12L500.jpg,UV,12,L,500,129,23,87,29.334798098304617,48.84553099898192,-10.79955518766791,2.4957140879847506
B12PS0.jpg,UV,12,PS,0,109,22,79,24.92209042254747,42.78047281678127,-12.581823801223846,0.0
B12PS10.jpg,UV,12,PS,10,102,18,75,22.882577028812513,41.64550583267598,-13.1377838671056,1.5672777416905854
B12PS50.jpg,UV,12,PS,50,105,21,71,23.655892303689896,40.93750403528673,-9.186716807887196,1.9376333364747098
B12PS100.jpg,UV,12,PS,100,106,19,68,23.49907980787065,41.50575720515573,-7.362132858162207,2.7941915973849674
B12PS500.jpg,UV,12,PS,500,105,20,62,23.176662053875646,40.175178629362065,-3.75693354681651,4.66779208532518
B13AC0.jpg,UV,13,AC,0,25,31,27,11.033870942088125,-3.8173747679179777,1.8126879200020707,0.0
B13AC10.jpg,UV,13,AC,10,25,31,27,11.033870942088125,-3.8173747679179777,1.8126879200020707,0.0
B13AC50.jpg,UV,13,AC,50,17,22,15,6.571195378554943,-3.5705642255922236,3.3141882140876264,3.08630050312862
B13AC100.jpg,UV,13,AC,100,18,23,16,7.034781155826728,-3.7223361436252573,3.4584449710989116,2.8743967469462737
B13AC500.jpg,UV,13,AC,500,20,26,23,8.562215605454977,-3.6232946150102223,1.1625193142505374,1.6634025105113384
B13CG0.jpg,UV,13,CG,0,21,27,23,9.03418836271037,-3.8865343867064697,1.8548852625743184,0.0
B13CG10.jpg,UV,13,CG,10,21,27,23,9.03418836271037,-3.8865343867064697,1.8548852625743184,0.0
B13CG50.jpg,UV,13,CG,50,15,20,14,5.722971771701577,-3.1045422555936315,2.573834946460263,2.3483291381624287
B13CG100.jpg,UV,13,CG,100,16,21,15,6.151160224000211,-3.2440193247187943,2.6910741516234737,2.091168006179547
B13CG500.jpg,UV,13,CG,500,14,19,23,5.6089666333911765,-0.8855311803359633,-3.2064054073264403,6.514306358252539
B13CK0.jpg,UV,13,CK,0,24,30,25,10.50493814432538,-4.089243897720529,2.51320068835289,0.0
B13CK10.jpg,UV,13,CK,10,25,30,26,10.629366427525191,-3.36836890125386,1.9668457853341315,0.9569446466889545
B13CK50.jpg,UV,13,CK,50,17,22,15,6.571195378554943,-3.5705642255922236,3.3141882140876264,2.6197457608079366
B13CK100.jpg,UV,13,CK,100,16,21,14,6.126028856242062,-3.420619714421522,3.1717121686619443,2.890870002155196
B13CK500.jpg,UV,13,CK,500,21,27,23,9.03418836271037,-3.8865343867064697,1.8548852625743184,1.101630580741817
B13HD0.jpg,UV,13,HD,0,17,23,19,7.036333983268179,-3.494849008438092,1.6649352345660617,0.0
B13HD10.jpg,UV,13,HD,10,16,21,17,6.205165841763648,-2.8645169739137666,1.6582154039197217,0.9292866987817311
B13HD50.jpg,UV,13,HD,50,11,16,10,4.188002235962895,-2.56438092593711,2.1193795655933823,2.127413524656889
B13HD100.jpg,UV,13,HD,100,12,14,9,3.7212173740603482,-1.376491427664897,1.852689057795609,3.395933475182016
B13HD500.jpg,UV,13,HD,500,10,15,11,3.8871509722588655,-2.1560619097060196,1.255193862966919,2.549034271875309
B13HN0.jpg,UV,13,HN,0,23,29,25,10.038709300750696,-3.8510687871256417,1.8331104460657388,0.0
B13HN10.jpg,UV,13,HN,10,22,28,24,9.537651121917357,-3.8685703429359592,1.843840395997176,0.31405453727252924
B13HN50.jpg,UV,13,HN,50,15,20,14,5.722971771701577,-3.1045422555936315,2.573834946460263,2.896048335858362
B13HN100.jpg,UV,13,HN,100,14,19,13,5.31278327909466,-2.9668383457719245,2.458108416946164,3.157965920424743
B13HN500.jpg,UV,13,HN,500,14,19,15,5.361821333611417,-2.622243510295122,1.5202544366460624,3.2470944315048125
B13L0.jpg,UV,13,L,0,23,32,27,11.235440600974787,-5.416873425516639,2.079675322091062,0.0
B13L10.jpg,UV,13,L,10,19,24,27,7.866070253817632,-1.4229472084810597,-2.8962590660565946,7.087693219345438
B13L50.jpg,UV,13,L,50,9,13,14,3.411015845817218,-0.9461796795060123,-0.8492731347218063,7.7567478805606855
B13L100.jpg,UV,13,L,100,9,13,14,3.411015845817218,-0.9461796795060123,-0.8492731347218063,7.7567478805606855
B13L500.jpg,UV,13,L,500,12,16,22,4.576552212562959,0.004837839903459873,-3.999168623110061,9.710111549977785
B13PS0.jpg,UV,13,PS,0,16,21,16,6.177533571099779,-3.0586914340773874,2.1866832496003075,0.0
B13PS10.jpg,UV,13,PS,10,17,22,16,6.597568725654515,-3.3852363349508305,2.809797312064466,0.6985389229673107
B13PS50.jpg,UV,13,PS,50,12,17,11,4.545504904982568,-2.6968918047380748,2.2313161165101736,1.0825031136011876
B13PS100.jpg,UV,13,PS,100,13,18,12,4.920370517818267,-2.8309425678008786,2.3439248255439136,0.8242600222333167
B13PS500.jpg,UV,13,PS,500,15,20,16,5.774476486559291,-2.742613975249497,1.5888060273986315,0.6891781072816949
B14AC0.jpg,UV,14,AC,0,0,0,0,0.0,0.0,0.0,0.0
B14AC10.jpg,UV,14,AC,10,0,0,0,0.0,0.0,0.0,0.0
B14AC50.jpg,UV,14,AC,50,0,0,0,0.0,0.0,0.0,0.0
B14AC100.jpg,UV,14,AC,100,0,0,0,0.0,0.0,0.0,0.0
B14AC500.jpg,UV,14,AC,500,0,0,0,0.0,0.0,0.0,0.0
B14CG0.jpg,UV,14,CG,0,0,0,0,0.0,0.0,0.0,0.0
B14CG10.jpg,UV,14,CG,10,0,0,0,0.0,0.0,0.0,0.0
B14CG50.jpg,UV,14,CG,50,0,0,0,0.0,0.0,0.0,0.0
B14CG100.jpg,UV,14,CG,100,0,0,0,0.0,0.0,0.0,0.0
B14CG500.jpg,UV,14,CG,500,0,0,0,0.0,0.0,0.0,0.0
B14CK0.jpg,UV,14,CK,0,0,0,0,0.0,0.0,0.0,0.0
B14CK10.jpg,UV,14,CK,10,0,0,0,0.0,0.0,0.0,0.0
B14CK50.jpg,UV,14,CK,50,0,0,0,0.0,0.0,0.0,0.0
B14CK100.jpg,UV,14,CK,100,0,0,0,0.0,0.0,0.0,0.0
B14CK500.jpg,UV,14,CK,500,0,0,0,0.0,0.0,0.0,0.0
B14HD0.jpg,UV,14,HD,0,0,0,0,0.0,0.0,0.0,0.0
B14HD10.jpg,UV,14,HD,10,0,0,0,0.0,0.0,0.0,0.0
B14HD50.jpg,UV,14,HD,50,0,0,0,0.0,0.0,0.0,0.0
B14HD100.jpg,UV,14,HD,100,0,0,0,0.0,0.0,0.0,0.0
B14HD500.jpg,UV,14,HD,500,0,0,0,0.0,0.0,0.0,0.0
B14HN0.jpg,UV,14,HN,0,0,0,0,0.0,0.0,0.0,0.0
B14HN10.jpg,UV,14,HN,10,0,0,0,0.0,0.0,0.0,0.0
B14HN50.jpg,UV,14,HN,50,0,0,0,0.0,0.0,0.0,0.0
B14HN100.jpg,UV,14,HN,100,0,0,0,0.0,0.0,0.0,0.0
B14HN500.jpg,UV,14,HN,500,0,0,0,0.0,0.0,0.0,0.0
B14L0.jpg,UV,14,L,0,0,0,0,0.0,0.0,0.0,0.0
B14L10.jpg,UV,14,L,10,0,0,0,0.0,0.0,0.0,0.0
B14L50.jpg,UV,14,L,50,0,0,0,0.0,0.0,0.0,0.0
B14L100.jpg,UV,14,L,100,0,0,0,0.0,0.0,0.0,0.0
B14L500.jpg,UV,14,L,500,0,0,0,0.0,0.0,0.0,0.0
B14PS0.jpg,UV,14,PS,0,0,0,0,0.0,0.0,0.0,0.0
B14PS10.jpg,UV,14,PS,10,0,0,0,0.0,0.0,0.0,0.0
B14PS50.jpg,UV,14,PS,50,0,0,0,0.0,0.0,0.0,0.0
B14PS100.jpg,UV,14,PS,100,0,0,0,0.0,0.0,0.0,0.0
B14PS500.jpg,UV,14,PS,500,0,0,0,0.0,0.0,0.0,0.0
B15AC0.jpg,UV,15,AC,0,18,24,22,7.585620938449711,-3.167436337058807,0.44941966092718055,0.0
B15AC10.jpg,UV,15,AC,10,23,31,28,10.892049637787714,-4.455083001166482,0.8506574711267978,2.5864746065094377
B15AC50.jpg,UV,15,AC,50,16,20,19,5.938934404545055,-1.7845406475489738,0.052716209087994015,2.069896901007226
B15AC100.jpg,UV,15,AC,100,16,20,19,5.938934404545055,-1.7845406475489738,0.052716209087994015,2.069896901007226
B15AC500.jpg,UV,15,AC,500,15,19,18,5.51879304969216,-1.7074715751197178,0.05155894394275884,2.2874914110442806
B15CG0.jpg,UV,15,CG,0,17,23,21,7.100672367919113,-3.0427373720342823,0.43446206988666525,0.0
B15CG10.jpg,UV,15,CG,10,21,26,24,8.689151948032315,-2.90113975619892,0.6064093914926905,1.0052416939431645
B15CG50.jpg,UV,15,CG,50,14,18,17,5.116563216549604,-1.6313860212756603,0.05040308229760093,2.212986555899334
B15CG100.jpg,UV,15,CG,100,15,19,18,5.51879304969216,-1.7074715751197178,0.05155894394275884,2.0032081945211173
B15CG500.jpg,UV,15,CG,500,15,18,17,5.190621511835559,-1.2992541781502442,0.16742877039910842,2.5658777309991945
B15CK0.jpg,UV,15,CK,0,18,24,22,7.585620938449711,-3.167436337058807,0.44941966092718055,0.0
B15CK10.jpg,UV,15,CK,10,23,28,26,9.697947633344466,-2.874440955891164,0.5976983921153756,1.364585158394346
B15CK50.jpg,UV,15,CK,50,15,19,18,5.51879304969216,-1.7074715751197178,0.05155894394275884,2.2874914110442806
B15CK100.jpg,UV,15,CK,100,15,19,18,5.51879304969216,-1.7074715751197178,0.05155894394275884,2.2874914110442806
B15CK500.jpg,UV,15,CK,500,16,20,19,5.938934404545055,-1.7845406475489738,0.052716209087994015,2.069896901007226
B15HD0.jpg,UV,15,HD,0,8,12,11,3.05964711528307,-1.2268163236123368,0.03286227417763077,0.0
B15HD10.jpg,UV,15,HD,10,14,17,16,4.802468553225488,-1.2403567454760678,0.16057117058400072,1.040198682785866
B15HD50.jpg,UV,15,HD,50,11,13,12,3.4825136658929985,-0.744020819229585,0.22870100520316905,0.7495031015231794
B15HD100.jpg,UV,15,HD,100,11,13,12,3.4825136658929985,-0.744020819229585,0.22870100520316905,0.7495031015231794
B15HD500.jpg,UV,15,HD,500,12,14,13,3.8055059466764085,-0.7841880196396839,0.24066806510380512,0.7895176004894844
B15HN0.jpg,UV,15,HN,0,14,20,18,5.756958264968549,-2.677433616966332,0.39045006051546816,0.0
B15HN10.jpg,UV,15,HN,10,21,26,24,8.689151948032315,-2.90113975619892,0.6064093914926905,1.8225096644508947
B15HN50.jpg,UV,15,HN,50,13,16,15,4.431823376564541,-1.1822491894405847,0.15379654914853824,2.146260925318395
B15HN100.jpg,UV,15,HN,100,13,17,16,4.7320192054495465,-1.5563034146973964,0.049248281393143856,1.624107480752878
B15HN500.jpg,UV,15,HN,500,14,18,17,5.116563216549604,-1.6313860212756603,0.05040308229760093,1.4557786868065143
B15L0.jpg,UV,15,L,0,17,23,21,7.100672367919113,-3.0427373720342823,0.43446206988666525,0.0
B15L10.jpg,UV,15,L,10,21,29,27,9.932409908313463,-4.210426396627318,0.17347146428988158,2.260255577819474
B15L50.jpg,UV,15,L,50,16,20,19,5.938934404545055,-1.7845406475489738,0.052716209087994015,1.801773951248307
B15L100.jpg,UV,15,L,100,15,19,18,5.51879304969216,-1.7074715751197178,0.05155894394275884,2.0032081945211173
B15L500.jpg,UV,15,L,500,15,19,18,5.51879304969216,-1.7074715751197178,0.05155894394275884,2.0032081945211173
B15PS0.jpg,UV,15,PS,0,15,20,18,5.831016560254504,-2.345301773840902,0.5074757486169756,0.0
B15PS10.jpg,UV,15,PS,10,17,21,20,6.377208781038867,-1.862574785908802,0.053875189971180903,0.830443210498945
B15PS50.jpg,UV,15,PS,50,13,16,15,4.431823376564541,-1.1822491894405847,0.15379654914853824,1.797360767341798
B15PS100.jpg,UV,15,PS,100,15,17,16,4.876526848511443,-0.9082249023506517,0.2775968586855082,2.033569821867318
B15PS500.jpg,UV,15,PS,500,13,16,15,4.431823376564541,-1.1822491894405847,0.15379654914853824,1.797360767341798
B16AC0.jpg,UV,16,AC,0,6,6,6,1.6450409761427771,-0.00010444276418719589,0.00019797130261234308,0.0
B16AC10.jpg,UV,16,AC,10,5,5,5,1.3708674801189815,-8.703563682266324e-05,0.00016497608551491183,0.15900504224785061
B16AC50.jpg,UV,16,AC,50,5,5,5,1.3708674801189815,-8.703563682266324e-05,0.00016497608551491183,0.15900504224785061
B16AC100.jpg,UV,16,AC,100,5,5,5,1.3708674801189815,-8.703563682266324e-05,0.00016497608551491183,0.15900504224785061
B16AC500.jpg,UV,16,AC,500,5,5,5,1.3708674801189815,-8.703563682266324e-05,0.00016497608551491183,0.15900504224785061
B16CG0.jpg,UV,16,CG,0,5,5,5,1.3708674801189815,-8.703563682266324e-05,0.00016497608551491183,0.0
B16CG10.jpg,UV,16,CG,10,4,4,4,1.096693984095186,-6.96285094581306e-05,0.00013198086841192946,0.15862513955382343
B16CG50.jpg,UV,16,CG,50,4,4,4,1.096693984095186,-6.96285094581306e-05,0.00013198086841192946,0.15862513955382343
B16CG100.jpg,UV,16,CG,100,4,4,4,1.096693984095186,-6.96285094581306e-05,0.00013198086841192946,0.15862513955382343
B16CG500.jpg,UV,16,CG,500,4,4,5,1.1164808111297297,0.1389741911071024,-0.37829156539017084,0.4525810760773388
B16CK0.jpg,UV,16,CK,0,4,4,4,1.096693984095186,-6.96285094581306e-05,0.00013198086841192946,0.0
B16CK10.jpg,UV,16,CK,10,5,5,5,1.3708674801189815,-8.703563682266324e-05,0.00016497608551491183,0.15862513955382343
B16CK50.jpg,UV,16,CK,50,5,5,5,1.3708674801189815,-8.703563682266324e-05,0.00016497608551491183,0.15862513955382343
B16CK100.jpg,UV,16,CK,100,4,4,4,1.096693984095186,-6.96285094581306e-05,0.00013198086841192946,0.0
B16CK500.jpg,UV,16,CK,500,4,4,4,1.096693984095186,-6.96285094581306e-05,0.00013198086841192946,0.0
B16HD0.jpg,UV,16,HD,0,2,2,2,0.5483469920475912,-3.48142547290653e-05,6.599043420041362e-05,0.0
B16HD10.jpg,UV,16,HD,10,3,3,3,0.8225204880713903,-5.2221382107475733e-05,9.89856513089471e-05,0.15787080514119306
B16HD50.jpg,UV,16,HD,50,4,4,6,1.13626763816427,0.27801801072366294,-0.7567151116487536,0.9128986243802809
B16HD100.jpg,UV,16,HD,100,3,3,5,0.8620941421404709,0.2780354178510275,-0.7567481068658621,0.86670990246616
B16HD500.jpg,UV,16,HD,500,3,3,4,0.8423073151059306,0.13899159823446694,-0.37832456060727937,0.460160841116478
B16HN0.jpg,UV,16,HN,0,4,4,4,1.096693984095186,-6.96285094581306e-05,0.00013198086841192946,0.0
B16HN10.jpg,UV,16,HN,10,4,4,4,1.096693984095186,-6.96285094581306e-05,0.00013198086841192946,0.0
B16HN50.jpg,UV,16,HN,50,4,4,4,1.096693984095186,-6.96285094581306e-05,0.00013198086841192946,0.0
B16HN100.jpg,UV,16,HN,100,4,4,4,1.096693984095186,-6.96285094581306e-05,0.00013198086841192946,0.0
B16HN500.jpg,UV,16,HN,500,3,3,3,0.8225204880713903,-5.2221382107475733e-05,9.89856513089471e-05,0.15824706499820088
B16L0.jpg,UV,16,L,0,5,5,5,1.3708674801189815,-8.703563682266324e-05,0.00016497608551491183,0.0
B16L10.jpg,UV,16,L,10,4,4,4,1.096693984095186,-6.96285094581306e-05,0.00013198086841192946,0.15862513955382343
B16L50.jpg,UV,16,L,50,5,5,7,1.4104411341880656,0.2780006035962984,-0.7566821164316506,0.8480213420128343
B16L100.jpg,UV,16,L,100,5,5,7,1.4104411341880656,0.2780006035962984,-0.7566821164316506,0.8480213420128343
B16L500.jpg,UV,16,L,500,8,7,12,2.078685771749395,0.972255816522799,-1.842366693529679,2.2695276142384215
B16PS0.jpg,UV,16,PS,0,4,4,4,1.096693984095186,-6.96285094581306e-05,0.00013198086841192946,0.0
B16PS10.jpg,UV,16,PS,10,3,3,3,0.8225204880713903,-5.2221382107475733e-05,9.89856513089471e-05,0.15824706499820088
B16PS50.jpg,UV,16,PS,50,3,3,5,0.8620941421404709,0.2780354178510275,-0.7567481068658621,0.8584988626033934
B16PS100.jpg,UV,16,PS,100,4,4,4,1.096693984095186,-6.96285094581306e-05,0.00013198086841192946,0.0
B16PS500.jpg,UV,16,PS,500,3,3,3,0.8225204880713903,-5.2221382107475733e-05,9.89856513089471e-05,0.15824706499820088
B17AC0.jpg,UV,17,AC,0,254,157,1,73.01856626414126,27.687694867575942,77.52625630629554,0.0
B17AC10.jpg,UV,17,AC,10,254,161,0,73.91142078267124,25.599205816218497,78.22407772017542,1.4407392710342828
B17AC50.jpg,UV,17,AC,50,254,162,1,74.13810339808214,25.086272653970788,78.25396743205462,1.7743456694288384
B17AC100.jpg,UV,17,AC,100,249,160,6,73.08887069461908,24.081050903783485,76.68001824040728,1.8870981594286498
B17AC500.jpg,UV,17,AC,500,246,160,15,72.74286818611516,22.902372882659172,75.13842859695811,2.379416421079547
B17CG0.jpg,UV,17,CG,0,251,150,1,71.09766864125048,30.08115158765845,76.10605146246753,0.0
B17CG10.jpg,UV,17,CG,10,252,154,0,72.10283862130882,28.41039532942752,76.9370651789909,1.3210832547153437
B17CG50.jpg,UV,17,CG,50,249,151,0,71.06246956592706,28.728849768914657,76.08568683412886,0.737238532931968
B17CG100.jpg,UV,17,CG,100,244,148,1,69.76786996591204,28.22803914334937,74.81590660590976,1.3240103991309489
B17CG500.jpg,UV,17,CG,500,126,29,18,27.735188791329307,40.673508193633275,31.850015188937363,48.627079509590224
B17CK0.jpg,UV,17,CK,0,254,150,1,71.48128848645474,31.311767607441364,76.54012927815664,0.0
B17CK10.jpg,UV,17,CK,10,253,154,0,72.22818322363077,28.823535241250475,77.07905692181119,1.561622002736859
B17CK50.jpg,UV,17,CK,50,250,152,1,71.4109731292621,28.63071687546004,76.24458454518151,1.4100984119843207
B17CK100.jpg,UV,17,CK,100,247,151,2,70.81374110982877,27.916639744029304,75.54777378790996,1.7677318062618608
B17CK500.jpg,UV,17,CK,500,244,149,3,69.99322173482634,27.72262332260955,74.70229636078581,2.03671914989044
B17HD0.jpg,UV,17,HD,0,228,122,0,62.01303045937446,35.14959126814116,69.03370706557789,0.0
B17HD10.jpg,UV,17,HD,10,228,124,0,62.43495589433586,34.11772353002379,69.29201970187503,0.710745694943562
B17HD50.jpg,UV,17,HD,50,223,123,1,61.533697459984666,32.59895018433351,68.22623041203975,1.2824000506790618
B17HD100.jpg,UV,17,HD,100,222,123,1,61.39632912598822,32.187128414967844,68.07183286957928,1.5064072618447468
B17HD500.jpg,UV,17,HD,500,220,121,2,60.69246395179604,32.41745328786683,67.3291343117604,1.6393106116766751
B17HN0.jpg,UV,17,HN,0,245,142,1,68.58147434086659,31.76061391807139,74.12268614147231,0.0
B17HN10.jpg,UV,17,HN,10,245,146,0,69.45213367124262,29.67623935017677,74.80861637156494,1.4466859101682095
B17HN50.jpg,UV,17,HN,50,241,146,0,68.94180701795449,28.017561867050123,74.23138785758393,2.0937072631335982
B17HN100.jpg,UV,17,HN,100,239,144,0,68.24279404324733,28.2319800878143,73.65955061999976,1.872001772150826
B17HN500.jpg,UV,17,HN,500,235,143,10,67.52670790007033,27.176385277369153,71.59564848562124,2.299541726302339
B17L0.jpg,UV,17,L,0,254,153,1,72.13565879741356,29.761702182572016,76.95796097178177,0.0
B17L10.jpg,UV,17,L,10,168,41,22,37.790873955604496,50.34197301630289,41.94785780187817,39.28114210191709
B17L50.jpg,UV,17,L,50,158,23,7,33.77295089086773,52.301166881902034,44.42525363616137,43.33265034267842
B17L100.jpg,UV,17,L,100,144,30,17,31.578671090320867,46.228384669412314,37.197805731904424,45.917869572690606
B17L500.jpg,UV,17,L,500,137,29,17,30.008284382579703,44.30000446634524,35.28221915305484,47.562149846621246
B17PS0.jpg,UV,17,PS,0,244,141,1,68.23410154464146,31.86848315754026,73.8379998013156,0.0
B17PS10.jpg,UV,17,PS,10,244,143,0,68.6666777571979,30.823134166873878,74.24739040356539,0.7376132081661994
B17PS50.jpg,UV,17,PS,50,236,134,1,65.66313202799402,32.216974710474524,71.69076128301779,2.212961419553516
B17PS100.jpg,UV,17,PS,100,222,121,17,61.00094575059515,33.39954112581217,65.05620942428568,6.901349430736218
B17PS500.jpg,UV,17,PS,500,178,72,32,44.528127555049544,41.087486437916986,43.91440512528396,26.715307868998114
B18AC0.jpg,UV,18,AC,0,249,255,1,96.68305756975019,-24.003129138785052,93.86823222714872,0.0
B18AC10.jpg,UV,18,AC,10,248,254,0,96.3452709372338,-23.94821382096768,93.65535568682866,0.20352548093578515
B18AC50.jpg,UV,18,AC,50,244,250,0,94.99517750339565,-23.698579242308448,92.5274907173048,1.0349066384600478
B18AC100.jpg,UV,18,AC,100,243,250,0,94.91975444791247,-24.10846412263612,92.4381392241642,1.0990348785314357
B18AC500.jpg,UV,18,AC,500,244,249,0,94.73279531696367,-23.2255922955521,92.33474309814027,1.2142761981866494
B18CG0.jpg,UV,18,CG,0,246,253,0,95.93285410629818,-24.294846280761117,93.28453419305256,0.0
B18CG10.jpg,UV,18,CG,10,246,253,0,95.93285410629818,-24.294846280761117,93.28453419305256,0.0
B18CG50.jpg,UV,18,CG,50,241,245,2,93.45595596440943,-22.546323574487438,91.14781152289937,1.6540474812603265
B18CG100.jpg,UV,18,CG,100,240,243,1,92.85275237238295,-22.014425921546565,90.74325492589499,2.0803592058860567
B18CG500.jpg,UV,18,CG,500,23,13,1,4.265718520546908,2.2094235974168956,6.019042036387351,96.14179950233822
B18CK0.jpg,UV,18,CK,0,248,254,0,96.3452709372338,-23.94821382096768,93.65535568682866,0.0
B18CK10.jpg,UV,18,CK,10,248,254,0,96.3452709372338,-23.94821382096768,93.65535568682866,0.0
B18CK50.jpg,UV,18,CK,50,244,251,0,95.25771017370208,-24.170630406106785,92.72048508500863,0.6976435069525335
B18CK100.jpg,UV,18,CK,100,242,249,0,94.58154132585814,-24.046258752843663,92.15557785305548,1.1065434332102217
B18CK500.jpg,UV,18,CK,500,243,247,0,94.13198958169001,-22.68846252261364,91.8594346146129,1.4251495335854727
B18HD0.jpg,UV,18,HD,0,227,233,1,89.21145521137177,-22.621800674639093,87.61623915852385,0.0
B18HD10.jpg,UV,18,HD,10,227,233,1,89.21145521137177,-22.621800674639093,87.61623915852385,0.0
B18HD50.jpg,UV,18,HD,50,223,229,0,87.83784080391676,-22.377149466019265,86.54815456586064,0.899378819021917
B18HD100.jpg,UV,18,HD,100,226,232,0,88.8677008351524,-22.567073167568232,87.40852592997722,0.2214163148568015
B18HD500.jpg,UV,18,HD,500,221,226,2,86.88459164611866,-21.751208282600242,85.61254243415357,1.5550727091332082
B18HN0.jpg,UV,18,HN,0,242,248,0,94.31859219192553,-23.573520005405967,91.96227044348477,0.0
B18HN10.jpg,UV,18,HN,10,241,247,0,93.97991077152527,-23.51092936320043,91.67933490841467,0.21149215721089124
B18HN50.jpg,UV,18,HN,50,238,243,1,92.69962191057157,-22.83988844567353,90.56182496856773,1.03923208540733
B18HN100.jpg,UV,18,HN,100,239,244,1,93.03929538598474,-22.903007225064943,90.84603436925987,0.8294222460115678
B18HN500.jpg,UV,18,HN,500,240,241,0,92.32647865046205,-21.066866112350702,90.43190142701707,1.612950603345625
B18L0.jpg,UV,18,L,0,248,254,0,96.3452709372338,-23.94821382096768,93.65535568682866,0.0
B18L10.jpg,UV,18,L,10,254,244,0,94.21632796305991,-16.70201931581389,92.31165253165756,3.550440134566432
B18L50.jpg,UV,18,L,50,31,25,1,8.897930443476245,-0.828783894717966,12.892460305944397,89.17962241450016
B18L100.jpg,UV,18,L,100,26,18,1,5.911723174300942,1.0559896208360149,8.463177555839913,94.05568680230131
B18L500.jpg,UV,18,L,500,25,17,0,5.488558355539183,0.9778140355580361,8.23855325702847,94.59358800313717
B18PS0.jpg,UV,18,PS,0,238,246,2,93.49193789126323,-24.254450068351197,91.07241969901658,0.0
B18PS10.jpg,UV,18,PS,10,241,245,2,93.45595596440943,-22.546323574487438,91.14781152289937,0.7958698052179283
B18PS50.jpg,UV,18,PS,50,237,228,0,88.68290256869918,-16.028000099641503,87.66649572824544,4.751881395579676
B18PS100.jpg,UV,18,PS,100,236,212,1,84.44525240197608,-8.504297770737246,84.48224545083363,9.414437260834582
B18PS500.jpg,UV,18,PS,500,216,152,1,67.32292950628056,14.151131257581717,71.57076161992975,27.961157451291392
B19AC0.jpg,UV,19,AC,0,11,15,41,5.1742952712281465,6.736796037604742,-17.720804033186244,0.0
B19AC10.jpg,UV,19,AC,10,10,15,37,4.875014812073836,4.785746461549056,-15.152417921548134,2.0756523934795754
B19AC50.jpg,UV,19,AC,50,12,15,33,4.783613864129389,3.8302855333888637,-12.208681798858578,3.885378328377765
B19AC100.jpg,UV,19,AC,100,12,15,32,4.73376521735754,3.479994592968008,-11.51090339728576,4.4320000810099325
B19AC500.jpg,UV,19,AC,500,13,16,33,5.111853499918475,3.596383869836253,-11.700991959066641,4.262027108933668
B19CG0.jpg,UV,19,CG,0,10,15,42,5.17835191566834,6.917323669030403,-18.47325514565644,0.0
B19CG10.jpg,UV,19,CG,10,10,15,37,4.875014812073836,4.785746461549056,-15.152417921548134,2.375863433481997
B19CG50.jpg,UV,19,CG,50,10,16,35,5.026005984500216,3.4763682816621455,-13.387250283481949,3.9299582504658686
B19CG100.jpg,UV,19,CG,100,12,15,34,4.834968921582167,4.191162157639789,-12.901664769755966,3.7150103914371533
B19CG500.jpg,UV,19,CG,500,11,16,36,5.140207339429203,4.126850286283706,-13.97219224924311,3.2471519673299936
B19CK0.jpg,UV,19,CK,0,10,15,37,4.875014812073836,4.785746461549056,-15.152417921548134,0.0
B19CK10.jpg,UV,19,CK,10,10,15,34,4.711784626787534,3.6387132156776305,-13.101310721549735,1.5673252245400155
B19CK50.jpg,UV,19,CK,50,13,16,34,5.163208557371256,3.957260494087178,-12.39212856468052,1.8011216431625423
B19CK100.jpg,UV,19,CK,100,12,17,36,5.477418682072553,3.8517504254531736,-13.445551592597415,1.3271385030513596
B19CK500.jpg,UV,19,CK,500,14,18,44,6.3930728564201225,7.337294268394564,-18.03752999373649,2.718161511850384
B19HD0.jpg,UV,19,HD,0,7,10,26,3.042338296526708,2.556917357564539,-9.354824063204553,0.0
B19HD10.jpg,UV,19,HD,10,8,11,28,3.3853250008299014,2.995112742919623,-10.43263918491112,0.8755611262910168
B19HD50.jpg,UV,19,HD,50,9,12,29,3.7007485187209817,3.1300195566140996,-10.745357060612637,1.1636673282046246
B19HD100.jpg,UV,19,HD,100,11,14,33,4.47118526368919,4.0547576200462565,-12.691760053750173,2.737361143237715
B19HD500.jpg,UV,19,HD,500,11,14,33,4.47118526368919,4.0547576200462565,-12.691760053750173,2.737361143237715
B19HN0.jpg,UV,19,HN,0,11,13,34,4.285636579891673,4.899596390797026,-13.749916451736539,0.0
B19HN10.jpg,UV,19,HN,10,9,14,34,4.404436135632373,3.885968247224661,-13.577897157909941,1.1962536334489597
B19HN50.jpg,UV,19,HN,50,11,14,32,4.4213366169173405,3.7044666796254013,-11.992119164038762,1.5507136014298157
B19HN100.jpg,UV,19,HN,100,11,14,32,4.4213366169173405,3.7044666796254013,-11.992119164038762,1.5507136014298157
B19HN500.jpg,UV,19,HN,500,10,16,34,4.973131782931169,3.1048164945816636,-12.700230373799137,2.124892854101047
B19L0.jpg,UV,19,L,0,11,15,42,5.238147349605054,7.185490355924876,-18.375033654465156,0.0
B19L10.jpg,UV,19,L,10,12,17,39,5.649950248644242,5.064145317200036,-15.458222036496815,2.229692579263444
B19L50.jpg,UV,19,L,50,12,17,38,5.590875223433027,4.6490197826727915,-14.792073795575345,2.7332043627174385
B19L100.jpg,UV,19,L,100,13,18,40,6.063960684279099,5.205168757328418,-15.561214445845795,2.145034103821704
B19L500.jpg,UV,19,L,500,12,17,39,5.649950248644242,5.064145317200036,-15.458222036496815,2.229692579263444
B19PS0.jpg,UV,19,PS,0,9,14,34,4.404436135632373,3.885968247224661,-13.577897157909941,0.0
B19PS10.jpg,UV,19,PS,10,10,12,33,3.9495432155047183,4.730080797876554,-13.493913759075593,1.08852472765396
B19PS50.jpg,UV,19,PS,50,10,13,30,4.029407623038551,3.251073607427185,-11.03121601849582,1.7175477873452474
B19PS100.jpg,UV,19,PS,100,9,12,27,3.614281295001213,2.522406570628577,-9.29378483937764,3.0658527042675834
B19PS500.jpg,UV,19,PS,500,9,12,29,3.7007485187209817,3.1300195566140996,-10.745357060612637,1.9574132074582866
B20AC0.jpg,UV,20,AC,0,37,53,27,20.118264556633285,-12.461120341008519,14.311485012393549,0.0
B20AC10.jpg,UV,20,AC,10,38,54,27,20.555202936841653,-12.603732035327859,14.883882055965024,0.4518879597692092
B20AC50.jpg,UV,20,AC,50,37,53,26,20.100113779368797,-12.626325513107966,14.926507448260073,0.3600630406013315
B20AC100.jpg,UV,20,AC,100,38,51,25,19.432385397404722,-11.131132633545565,14.73409421445757,1.2642187179329314
B20AC500.jpg,UV,20,AC,500,37,51,25,19.35446457059362,-11.59533184648412,14.619194143775694,0.9308351376250831
B20CG0.jpg,UV,20,CG,0,39,54,30,20.686613470215896,-11.645120918055335,13.142245740852621,0.0
B20CG10.jpg,UV,20,CG,10,34,46,22,17.235515728410128,-10.440662561541414,13.820099663916475,2.650613395780253
B20CG50.jpg,UV,20,CG,50,34,50,24,18.74488174569054,-12.531240797196725,14.4404797837837,1.6165751232994667
B20CG100.jpg,UV,20,CG,100,33,46,22,17.156412432974435,-10.912134884803192,13.703452647297004,2.540296397509054
B20CG500.jpg,UV,20,CG,500,33,82,52,30.89144284543005,-24.455954502809906,12.748766719074622,11.117396376911206
B20CK0.jpg,UV,20,CK,0,40,56,30,21.48032256595782,-12.390635257322424,14.186410379436298,0.0
B20CK10.jpg,UV,20,CK,10,37,51,25,19.35446457059362,-11.59533184648412,14.619194143775694,1.6607418061845254
B20CK50.jpg,UV,20,CK,50,38,50,26,19.08902195154402,-10.359623375891358,13.652373201770802,2.3054303688339437
B20CK100.jpg,UV,20,CK,100,39,55,29,21.027532846037495,-12.414132299541636,14.227645145256401,0.31862380624464604
B20CK500.jpg,UV,20,CK,500,37,53,27,20.118264556633285,-12.461120341008519,14.311485012393549,0.9539131334863262
B20HD0.jpg,UV,20,HD,0,26,38,18,13.528477420782497,-9.944605161651104,11.513587570609761,0.0
B20HD10.jpg,UV,20,HD,10,26,38,18,13.528477420782497,-9.944605161651104,11.513587570609761,0.0
B20HD50.jpg,UV,20,HD,50,25,34,17,11.898859377336887,-8.051005929087987,9.900715232463153,2.0966182580455865
B20HD100.jpg,UV,20,HD,100,25,37,19,13.08820665847903,-9.605083676331713,10.292087078930201,0.8457679678784507
B20HD500.jpg,UV,20,HD,500,25,36,19,12.705764078141236,-8.969179350819006,9.779026310424427,1.382773366738778
B20HN0.jpg,UV,20,HN,0,32,48,22,17.822765330525733,-12.577410499517717,14.528395549333439,0.0
B20HN10.jpg,UV,20,HN,10,36,48,24,18.165091563158683,-10.400207947533492,13.735402939140807,1.7106742738505898
B20HN50.jpg,UV,20,HN,50,32,45,21,16.68956401462203,-10.93370181075734,13.746752983660127,1.4797304584862372
B20HN100.jpg,UV,20,HN,100,33,45,22,16.786872694170405,-10.297805847741703,13.233805641704565,1.9323323100055665
B20HN500.jpg,UV,20,HN,500,33,42,22,15.681162093888329,-8.41426287984831,11.813728583136879,3.7735990740201597
B20L0.jpg,UV,20,L,0,35,51,25,19.203963510180287,-12.507950774103605,14.397072919323916,0.0
B20L10.jpg,UV,20,L,10,33,86,53,32.33729879828067,-26.175457794091667,14.081853628665076,12.724127331849736
B20L50.jpg,UV,20,L,50,35,89,55,33.51517795862711,-26.64781560639312,14.457591484953202,13.53719864589387
B20L100.jpg,UV,20,L,100,35,89,57,33.55666041402942,-26.214041886690826,13.296145260605396,13.593851733551919
B20L500.jpg,UV,20,L,500,35,89,59,33.599737386324804,-25.766729586043173,12.131073573776474,13.675206554062568
B20PS0.jpg,UV,20,PS,0,29,41,20,14.940261336495418,-10.047922520354552,12.131129052505784,0.0
B20PS10.jpg,UV,20,PS,10,27,39,19,14.00732679225501,-9.920259292158882,11.537627843454468,0.7166018997210204
B20PS50.jpg,UV,20,PS,50,29,41,19,14.921291833094458,-10.218058589017351,12.755326671873291,0.3909922044126163
B20PS100.jpg,UV,20,PS,100,28,37,18,13.313203796021071,-8.340755596275674,11.257355128233348,1.8477645836630712
B20PS500.jpg,UV,20,PS,500,28,46,24,16.829161345362188,-12.811325638762833,11.896678074205447,2.6550236196534462
B21AC0.jpg,UV,21,AC,0,8,6,17,2.0083512052884167,2.2564262307486898,-4.53352934671628,0.0
B21AC10.jpg,UV,21,AC,10,4,3,9,0.9995502018515126,1.0957100064953456,-2.178303771173934,2.532175156844033
B21AC50.jpg,UV,21,AC,50,4,3,9,0.9995502018515126,1.0957100064953456,-2.178303771173934,2.532175156844033
B21AC100.jpg,UV,21,AC,100,4,3,9,0.9995502018515126,1.0957100064953456,-2.178303771173934,2.532175156844033
B21AC500.jpg,UV,21,AC,500,5,4,10,1.2737236978753081,1.095692599367995,-2.1782707759568307,2.5003546548917592
B21CG0.jpg,UV,21,CG,0,5,3,14,1.1660542127990645,2.117507170472696,-4.15540220640111,0.0
B21CG10.jpg,UV,21,CG,10,3,2,8,0.725376705827717,1.0957274136227102,-2.1783367663910367,2.136595891294089
B21CG50.jpg,UV,21,CG,50,4,3,9,0.9995502018515126,1.0957100064953456,-2.178303771173934,2.1236238023129967
B21CG100.jpg,UV,21,CG,100,4,3,9,0.9995502018515126,1.0957100064953456,-2.178303771173934,2.1236238023129967
B21CG500.jpg,UV,21,CG,500,2,1,6,0.4314163827693811,0.9567010011335142,-1.7999462153495571,2.540213324044692
B21CK0.jpg,UV,21,CK,0,6,4,15,1.445572249546462,2.1550463334315264,-4.2575836819639,0.0
B21CK10.jpg,UV,21,CK,10,4,3,9,0.9995502018515126,1.0957100064953456,-2.178303771173934,2.2293166343377555
B21CK50.jpg,UV,21,CK,50,4,3,9,0.9995502018515126,1.0957100064953456,-2.178303771173934,2.2293166343377555
B21CK100.jpg,UV,21,CK,100,4,3,9,0.9995502018515126,1.0957100064953456,-2.178303771173934,2.2293166343377555
B21CK500.jpg,UV,21,CK,500,4,3,9,0.9995502018515126,1.0957100064953456,-2.178303771173934,2.2293166343377555
B21HD0.jpg,UV,21,HD,0,3,2,7,0.7055898787931767,0.9566835940061497,-1.7999132201324541,0.0
B21HD10.jpg,UV,21,HD,10,3,2,7,0.7055898787931767,0.9566835940061497,-1.7999132201324541,0.0
B21HD50.jpg,UV,21,HD,50,3,2,7,0.7055898787931767,0.9566835940061497,-1.7999132201324541,0.0
B21HD100.jpg,UV,21,HD,100,2,1,6,0.4314163827693811,0.9567010011335142,-1.7999462153495571,0.1577108840567234
B21HD500.jpg,UV,21,HD,500,2,1,6,0.4314163827693811,0.9567010011335142,-1.7999462153495571,0.1577108840567234
B21HN0.jpg,UV,21,HN,0,5,4,10,1.2737236978753081,1.095692599367995,-2.1782707759568307,0.0
B21HN10.jpg,UV,21,HN,10,4,3,9,0.9995502018515126,1.0957100064953456,-2.178303771173934,0.15849097249298008
B21HN50.jpg,UV,21,HN,50,4,3,9,0.9995502018515126,1.0957100064953456,-2.178303771173934,0.15849097249298008
B21HN100.jpg,UV,21,HN,100,3,2,8,0.725376705827717,1.0957274136227102,-2.1783367663910367,0.31660406077285513
B21HN500.jpg,UV,21,HN,500,5,4,12,1.3155257647816327,1.3894394967545742,-2.9777363179567304,0.8003110593556013
B21L0.jpg,UV,21,L,0,6,4,15,1.445572249546462,2.1550463334315264,-4.2575836819639,0.0
B21L10.jpg,UV,21,L,10,4,3,9,0.9995502018515126,1.0957100064953456,-2.178303771173934,2.2293166343377555
B21L50.jpg,UV,21,L,50,3,2,7,0.7055898787931767,0.9566835940061497,-1.7999132201324541,2.632859590876362
B21L100.jpg,UV,21,L,100,3,2,7,0.7055898787931767,0.9566835940061497,-1.7999132201324541,2.632859590876362
B21L500.jpg,UV,21,L,500,3,2,8,0.725376705827717,1.0957274136227102,-2.1783367663910367,2.253060238749399
B21PS0.jpg,UV,21,PS,0,3,2,8,0.725376705827717,1.0957274136227102,-2.1783367663910367,0.0
B21PS10.jpg,UV,21,PS,10,2,1,6,0.4314163827693811,0.9567010011335142,-1.7999462153495571,0.42413413029376446
B21PS50.jpg,UV,21,PS,50,3,2,7,0.7055898787931767,0.9566835940061497,-1.7999132201324541,0.3891677927064738
B21PS100.jpg,UV,21,PS,100,2,1,6,0.4314163827693811,0.9567010011335142,-1.7999462153495571,0.42413413029376446
B21PS500.jpg,UV,21,PS,500,2,1,6,0.4314163827693811,0.9567010011335142,-1.7999462153495571,0.42413413029376446
B22AC0.jpg,UV,22,AC,0,4,2,13,0.887760857051191,2.088573951442574,-4.076642784615175,0.0
B22AC10.jpg,UV,22,AC,10,10,9,23,2.9063421426996214,2.9349532194929835,-7.184099339284239,2.8546629368001435
B22AC50.jpg,UV,22,AC,50,10,9,23,2.9063421426996214,2.9349532194929835,-7.184099339284239,2.8546629368001435
B22AC100.jpg,UV,22,AC,100,9,9,22,2.812509406990859,2.423823666243136,-6.596840803045883,2.3513138380033785
B22AC500.jpg,UV,22,AC,500,4,2,12,0.8650611783759956,1.9290612604205004,-3.6425108801818484,0.40823226098930054
B22CG0.jpg,UV,22,CG,0,4,2,13,0.887760857051191,2.088573951442574,-4.076642784615175,0.0
B22CG10.jpg,UV,22,CG,10,9,8,21,2.5822616053042395,2.584269342076187,-6.229658959556517,2.060002759251157
B22CG50.jpg,UV,22,CG,50,9,9,21,2.778339522720618,2.1837088051541858,-5.943340938807085,1.903998893549067
B22CG100.jpg,UV,22,CG,100,8,8,20,2.491121905925013,2.09206399819914,-5.693904808343947,1.6531921455561633
B22CG500.jpg,UV,22,CG,500,1,0,5,0.1572428867455855,0.9567184082608787,-1.7999792105666546,2.468565029775839
B22CK0.jpg,UV,22,CK,0,5,3,14,1.1660542127990645,2.117507170472696,-4.15540220640111,0.0
B22CK10.jpg,UV,22,CK,10,11,10,24,3.1991084909069087,3.0618097884817645,-7.508873025389789,3.0373733680658193
B22CK50.jpg,UV,22,CK,50,10,9,23,2.9063421426996214,2.9349532194929835,-7.184099339284239,2.725230000718124
B22CK100.jpg,UV,22,CK,100,10,9,23,2.9063421426996214,2.9349532194929835,-7.184099339284239,2.725230000718124
B22CK500.jpg,UV,22,CK,500,3,1,12,0.6106745093867438,2.0681224871644255,-4.020967421657534,0.34392530169951
B22HD0.jpg,UV,22,HD,0,2,0,11,0.33477709986749105,2.0560257985513113,-3.9880305295220797,0.0
B22HD10.jpg,UV,22,HD,10,5,3,14,1.1660542127990645,2.117507170472696,-4.15540220640111,0.5036578424245967
B22HD50.jpg,UV,22,HD,50,6,6,16,1.8641014314787938,1.5392531502289168,-4.189338542488197,1.1652837534982383
B22HD100.jpg,UV,22,HD,100,5,4,15,1.3872634979735885,1.8935470232534364,-4.349722202690148,0.7327452293534202
B22HD500.jpg,UV,22,HD,500,3,2,8,0.725376705827717,1.0957274136227102,-2.1783367663910367,1.9814241270948296
B22HN0.jpg,UV,22,HN,0,4,2,13,0.887760857051191,2.088573951442574,-4.076642784615175,0.0
B22HN10.jpg,UV,22,HN,10,8,7,20,2.2950439885086347,2.4926245351211405,-5.980222829093379,1.795813191540646
B22HN50.jpg,UV,22,HN,50,10,9,23,2.9063421426996214,2.9349532194929835,-7.184099339284239,2.8546629368001435
B22HN100.jpg,UV,22,HN,100,10,9,23,2.9063421426996214,2.9349532194929835,-7.184099339284239,2.8546629368001435
B22HN500.jpg,UV,22,HN,500,8,8,20,2.491121905925013,2.09206399819914,-5.693904808343947,1.6531921455561633
B22L0.jpg,UV,22,L,0,4,2,13,0.887760857051191,2.088573951442574,-4.076642784615175,0.0
B22L10.jpg,UV,22,L,10,10,9,23,2.9063421426996214,2.9349532194929835,-7.184099339284239,2.8546629368001435
B22L50.jpg,UV,22,L,50,10,12,25,3.591828071406834,2.216384191380177,-7.730179898918005,3.3537997617260396
B22L100.jpg,UV,22,L,100,11,13,28,3.999841880031372,2.891291237809415,-9.498311310258678,4.6100013559725355
B22L500.jpg,UV,22,L,500,6,8,21,2.407335350585612,1.799771411541945,-6.5060745217352665,2.3012752799005987
B22PS0.jpg,UV,22,PS,0,3,1,12,0.6106745093867438,2.0681224871644255,-4.020967421657534,0.0
B22PS10.jpg,UV,22,PS,10,6,6,18,1.9206415051740073,1.936565351637498,-5.270668821269853,1.342130960927228
B22PS50.jpg,UV,22,PS,50,6,6,16,1.8641014314787938,1.5392531502289168,-4.189338542488197,1.0546689710636912
B22PS100.jpg,UV,22,PS,100,6,6,16,1.8641014314787938,1.5392531502289168,-4.189338542488197,1.0546689710636912
B22PS500.jpg,UV,22,PS,500,3,1,12,0.6106745093867438,2.0681224871644255,-4.020967421657534,0.0
B23AC0.jpg,UV,23,AC,0,4,2,13,0.887760857051191,2.088573951442574,-4.076642784615175,0.0
B23AC10.jpg,UV,23,AC,10,10,9,23,2.9063421426996214,2.9349532194929835,-7.184099339284239,2.8546629368001435
B23AC50.jpg,UV,23,AC,50,10,9,23,2.9063421426996214,2.9349532194929835,-7.184099339284239,2.8546629368001435
B23AC100.jpg,UV,23,AC,100,9,9,22,2.812509406990859,2.423823666243136,-6.596840803045883,2.3513138380033785
B23AC500.jpg,UV,23,AC,500,4,2,12,0.8650611783759956,1.9290612604205004,-3.6425108801818484,0.40823226098930054
B23CG0.jpg,UV,23,CG,0,4,2,13,0.887760857051191,2.088573951442574,-4.076642784615175,0.0
B23CG10.jpg,UV,23,CG,10,9,8,21,2.5822616053042395,2.584269342076187,-6.229658959556517,2.060002759251157
B23CG50.jpg,UV,23,CG,50,9,9,21,2.778339522720618,2.1837088051541858,-5.943340938807085,1.903998893549067
B23CG100.jpg,UV,23,CG,100,8,8,20,2.491121905925013,2.09206399819914,-5.693904808343947,1.6531921455561633
B23CG500.jpg,UV,23,CG,500,1,0,5,0.1572428867455855,0.9567184082608787,-1.7999792105666546,2.468565029775839
B23CK0.jpg,UV,23,CK,0,5,3,14,1.1660542127990645,2.117507170472696,-4.15540220640111,0.0
B23CK10.jpg,UV,23,CK,10,11,10,24,3.1991084909069087,3.0618097884817645,-7.508873025389789,3.0373733680658193
B23CK50.jpg,UV,23,CK,50,10,9,23,2.9063421426996214,2.9349532194929835,-7.184099339284239,2.725230000718124
B23CK100.jpg,UV,23,CK,100,10,9,23,2.9063421426996214,2.9349532194929835,-7.184099339284239,2.725230000718124
B23CK500.jpg,UV,23,CK,500,3,1,12,0.6106745093867438,2.0681224871644255,-4.020967421657534,0.34392530169951
B23HD0.jpg,UV,23,HD,0,2,0,11,0.33477709986749105,2.0560257985513113,-3.9880305295220797,0.0
B23HD10.jpg,UV,23,HD,10,5,3,14,1.1660542127990645,2.117507170472696,-4.15540220640111,0.5036578424245967
B23HD50.jpg,UV,23,HD,50,6,6,16,1.8641014314787938,1.5392531502289168,-4.189338542488197,1.1652837534982383
B23HD100.jpg,UV,23,HD,100,5,4,15,1.3872634979735885,1.8935470232534364,-4.349722202690148,0.7327452293534202
B23HD500.jpg,UV,23,HD,500,3,2,8,0.725376705827717,1.0957274136227102,-2.1783367663910367,1.9814241270948296
B23HN0.jpg,UV,23,HN,0,4,2,13,0.887760857051191,2.088573951442574,-4.076642784615175,0.0
B23HN10.jpg,UV,23,HN,10,8,7,20,2.2950439885086347,2.4926245351211405,-5.980222829093379,1.795813191540646
B23HN50.jpg,UV,23,HN,50,10,9,23,2.9063421426996214,2.9349532194929835,-7.184099339284239,2.8546629368001435
B23HN100.jpg,UV,23,HN,100,10,9,23,2.9063421426996214,2.9349532194929835,-7.184099339284239,2.8546629368001435
B23HN500.jpg,UV,23,HN,500,8,8,20,2.491121905925013,2.09206399819914,-5.693904808343947,1.6531921455561633
B23L0.jpg,UV,23,L,0,4,2,13,0.887760857051191,2.088573951442574,-4.076642784615175,0.0
B23L10.jpg,UV,23,L,10,10,9,23,2.9063421426996214,2.9349532194929835,-7.184099339284239,2.8546629368001435
B23L50.jpg,UV,23,L,50,10,12,25,3.591828071406834,2.216384191380177,-7.730179898918005,3.3537997617260396
B23L100.jpg,UV,23,L,100,11,13,28,3.999841880031372,2.891291237809415,-9.498311310258678,4.6100013559725355
B23L500.jpg,UV,23,L,500,6,8,21,2.407335350585612,1.799771411541945,-6.5060745217352665,2.3012752799005987
B23PS0.jpg,UV,23,PS,0,3,1,12,0.6106745093867438,2.0681224871644255,-4.020967421657534,0.0
B23PS10.jpg,UV,23,PS,10,6,6,18,1.9206415051740073,1.936565351637498,-5.270668821269853,1.342130960927228
B23PS50.jpg,UV,23,PS,50,6,6,16,1.8641014314787938,1.5392531502289168,-4.189338542488197,1.0546689710636912
B23PS100.jpg,UV,23,PS,100,6,6,16,1.8641014314787938,1.5392531502289168,-4.189338542488197,1.0546689710636912
B23PS500.jpg,UV,23,PS,500,3,1,12,0.6106745093867438,2.0681224871644255,-4.020967421657534,0.0
B24AC0.jpg,UV,24,AC,0,4,2,13,0.887760857051191,2.088573951442574,-4.076642784615175,0.0
B24AC10.jpg,UV,24,AC,10,10,9,23,2.9063421426996214,2.9349532194929835,-7.184099339284239,2.8546629368001435
B24AC50.jpg,UV,24,AC,50,10,9,23,2.9063421426996214,2.9349532194929835,-7.184099339284239,2.8546629368001435
B24AC100.jpg,UV,24,AC,100,9,9,22,2.812509406990859,2.423823666243136,-6.596840803045883,2.3513138380033785
B24AC500.jpg,UV,24,AC,500,4,2,12,0.8650611783759956,1.9290612604205004,-3.6425108801818484,0.40823226098930054
B24CG0.jpg,UV,24,CG,0,4,2,13,0.887760857051191,2.088573951442574,-4.076642784615175,0.0
B24CG10.jpg,UV,24,CG,10,9,8,21,2.5822616053042395,2.584269342076187,-6.229658959556517,2.060002759251157
B24CG50.jpg,UV,24,CG,50,9,9,21,2.778339522720618,2.1837088051541858,-5.943340938807085,1.903998893549067
B24CG100.jpg,UV,24,CG,100,8,8,20,2.491121905925013,2.09206399819914,-5.693904808343947,1.6531921455561633
B24CG500.jpg,UV,24,CG,500,1,0,5,0.1572428867455855,0.9567184082608787,-1.7999792105666546,2.468565029775839
B24CK0.jpg,UV,24,CK,0,5,3,14,1.1660542127990645,2.117507170472696,-4.15540220640111,0.0
B24CK10.jpg,UV,24,CK,10,11,10,24,3.1991084909069087,3.0618097884817645,-7.508873025389789,3.0373733680658193
B24CK50.jpg,UV,24,CK,50,10,9,23,2.9063421426996214,2.9349532194929835,-7.184099339284239,2.725230000718124
B24CK100.jpg,UV,24,CK,100,10,9,23,2.9063421426996214,2.9349532194929835,-7.184099339284239,2.725230000718124
B24CK500.jpg,UV,24,CK,500,3,1,12,0.6106745093867438,2.0681224871644255,-4.020967421657534,0.34392530169951
B24HD0.jpg,UV,24,HD,0,2,0,11,0.33477709986749105,2.0560257985513113,-3.9880305295220797,0.0
B24HD10.jpg,UV,24,HD,10,5,3,14,1.1660542127990645,2.117507170472696,-4.15540220640111,0.5036578424245967
B24HD50.jpg,UV,24,HD,50,6,6,16,1.8641014314787938,1.5392531502289168,-4.189338542488197,1.1652837534982383
B24HD100.jpg,UV,24,HD,100,5,4,15,1.3872634979735885,1.8935470232534364,-4.349722202690148,0.7327452293534202
B24HD500.jpg,UV,24,HD,500,3,2,8,0.725376705827717,1.0957274136227102,-2.1783367663910367,1.9814241270948296
B24HN0.jpg,UV,24,HN,0,4,2,13,0.887760857051191,2.088573951442574,-4.076642784615175,0.0
B24HN10.jpg,UV,24,HN,10,8,7,20,2.2950439885086347,2.4926245351211405,-5.980222829093379,1.795813191540646
B24HN50.jpg,UV,24,HN,50,10,9,23,2.9063421426996214,2.9349532194929835,-7.184099339284239,2.8546629368001435
B24HN100.jpg,UV,24,HN,100,10,9,23,2.9063421426996214,2.9349532194929835,-7.184099339284239,2.8546629368001435
B24HN500.jpg,UV,24,HN,500,8,8,20,2.491121905925013,2.09206399819914,-5.693904808343947,1.6531921455561633
B24L0.jpg,UV,24,L,0,4,2,13,0.887760857051191,2.088573951442574,-4.076642784615175,0.0
B24L10.jpg,UV,24,L,10,10,9,23,2.9063421426996214,2.9349532194929835,-7.184099339284239,2.8546629368001435
B24L50.jpg,UV,24,L,50,10,12,25,3.591828071406834,2.216384191380177,-7.730179898918005,3.3537997617260396
B24L100.jpg,UV,24,L,100,11,13,28,3.999841880031372,2.891291237809415,-9.498311310258678,4.6100013559725355
B24L500.jpg,UV,24,L,500,6,8,21,2.407335350585612,1.799771411541945,-6.5060745217352665,2.3012752799005987
B24PS0.jpg,UV,24,PS,0,3,1,12,0.6106745093867438,2.0681224871644255,-4.020967421657534,0.0
B24PS10.jpg,UV,24,PS,10,6,6,18,1.9206415051740073,1.936565351637498,-5.270668821269853,1.342130960927228
B24PS50.jpg,UV,24,PS,50,6,6,16,1.8641014314787938,1.5392531502289168,-4.189338542488197,1.0546689710636912
B24PS100.jpg,UV,24,PS,100,6,6,16,1.8641014314787938,1.5392531502289168,-4.189338542488197,1.0546689710636912
B24PS500.jpg,UV,24,PS,500,3,1,12,0.6106745093867438,2.0681224871644255,-4.020967421657534,0.0
B25AC0.jpg,UV,25,AC,0,4,2,13,0.887760857051191,2.088573951442574,-4.076642784615175,0.0
B25AC10.jpg,UV,25,AC,10,10,9,23,2.9063421426996214,2.9349532194929835,-7.184099339284239,2.8546629368001435
B25AC50.jpg,UV,25,AC,50,10,9,23,2.9063421426996214,2.9349532194929835,-7.184099339284239,2.8546629368001435
B25AC100.jpg,UV,25,AC,100,9,9,22,2.812509406990859,2.423823666243136,-6.596840803045883,2.3513138380033785
B25AC500.jpg,UV,25,AC,500,4,2,12,0.8650611783759956,1.9290612604205004,-3.6425108801818484,0.40823226098930054
B25CG0.jpg,UV,25,CG,0,4,2,13,0.887760857051191,2.088573951442574,-4.076642784615175,0.0
B25CG10.jpg,UV,25,CG,10,9,8,21,2.5822616053042395,2.584269342076187,-6.229658959556517,2.060002759251157
B25CG50.jpg,UV,25,CG,50,9,9,21,2.778339522720618,2.1837088051541858,-5.943340938807085,1.903998893549067
B25CG100.jpg,UV,25,CG,100,8,8,20,2.491121905925013,2.09206399819914,-5.693904808343947,1.6531921455561633
B25CG500.jpg,UV,25,CG,500,1,0,5,0.1572428867455855,0.9567184082608787,-1.7999792105666546,2.468565029775839
B25CK0.jpg,UV,25,CK,0,5,3,14,1.1660542127990645,2.117507170472696,-4.15540220640111,0.0
B25CK10.jpg,UV,25,CK,10,11,10,24,3.1991084909069087,3.0618097884817645,-7.508873025389789,3.0373733680658193
B25CK50.jpg,UV,25,CK,50,10,9,23,2.9063421426996214,2.9349532194929835,-7.184099339284239,2.725230000718124
B25CK100.jpg,UV,25,CK,100,10,9,23,2.9063421426996214,2.9349532194929835,-7.184099339284239,2.725230000718124
B25CK500.jpg,UV,25,CK,500,3,1,12,0.6106745093867438,2.0681224871644255,-4.020967421657534,0.34392530169951
B25HD0.jpg,UV,25,HD,0,2,0,11,0.33477709986749105,2.0560257985513113,-3.9880305295220797,0.0
B25HD10.jpg,UV,25,HD,10,5,3,14,1.1660542127990645,2.117507170472696,-4.15540220640111,0.5036578424245967
B25HD50.jpg,UV,25,HD,50,6,6,16,1.8641014314787938,1.5392531502289168,-4.189338542488197,1.1652837534982383
B25HD100.jpg,UV,25,HD,100,5,4,15,1.3872634979735885,1.8935470232534364,-4.349722202690148,0.7327452293534202
B25HD500.jpg,UV,25,HD,500,3,2,8,0.725376705827717,1.0957274136227102,-2.1783367663910367,1.9814241270948296
B25HN0.jpg,UV,25,HN,0,4,2,13,0.887760857051191,2.088573951442574,-4.076642784615175,0.0
B25HN10.jpg,UV,25,HN,10,8,7,20,2.2950439885086347,2.4926245351211405,-5.980222829093379,1.795813191540646
B25HN50.jpg,UV,25,HN,50,10,9,23,2.9063421426996214,2.9349532194929835,-7.184099339284239,2.8546629368001435
B25HN100.jpg,UV,25,HN,100,10,9,23,2.9063421426996214,2.9349532194929835,-7.184099339284239,2.8546629368001435
B25HN500.jpg,UV,25,HN,500,8,8,20,2.491121905925013,2.09206399819914,-5.693904808343947,1.6531921455561633
B25L0.jpg,UV,25,L,0,4,2,13,0.887760857051191,2.088573951442574,-4.076642784615175,0.0
B25L10.jpg,UV,25,L,10,10,9,23,2.9063421426996214,2.9349532194929835,-7.184099339284239,2.8546629368001435
B25L50.jpg,UV,25,L,50,10,12,25,3.591828071406834,2.216384191380177,-7.730179898918005,3.3537997617260396
B25L100.jpg,UV,25,L,100,11,13,28,3.999841880031372,2.891291237809415,-9.498311310258678,4.6100013559725355
B25L500.jpg,UV,25,L,500,6,8,21,2.407335350585612,1.799771411541945,-6.5060745217352665,2.3012752799005987
B25PS0.jpg,UV,25,PS,0,3,1,12,0.6106745093867438,2.0681224871644255,-4.020967421657534,0.0
B25PS10.jpg,UV,25,PS,10,6,6,18,1.9206415051740073,1.936565351637498,-5.270668821269853,1.342130960927228
B25PS50.jpg,UV,25,PS,50,6,6,16,1.8641014314787938,1.5392531502289168,-4.189338542488197,1.0546689710636912
B25PS100.jpg,UV,25,PS,100,6,6,16,1.8641014314787938,1.5392531502289168,-4.189338542488197,1.0546689710636912
B25PS500.jpg,UV,25,PS,500,3,1,12,0.6106745093867438,2.0681224871644255,-4.020967421657534,0.0
B26AC0.jpg,UV,26,AC,0,4,2,13,0.887760857051191,2.088573951442574,-4.076642784615175,0.0
B26AC10.jpg,UV,26,AC,10,10,9,23,2.9063421426996214,2.9349532194929835,-7.184099339284239,2.8546629368001435
B26AC50.jpg,UV,26,AC,50,10,9,23,2.9063421426996214,2.9349532194929835,-7.184099339284239,2.8546629368001435
B26AC100.jpg,UV,26,AC,100,9,9,22,2.812509406990859,2.423823666243136,-6.596840803045883,2.3513138380033785
B26AC500.jpg,UV,26,AC,500,4,2,12,0.8650611783759956,1.9290612604205004,-3.6425108801818484,0.40823226098930054
B26CG0.jpg,UV,26,CG,0,4,2,13,0.887760857051191,2.088573951442574,-4.076642784615175,0.0
B26CG10.jpg,UV,26,CG,10,9,8,21,2.5822616053042395,2.584269342076187,-6.229658959556517,2.060002759251157
B26CG50.jpg,UV,26,CG,50,9,9,21,2.778339522720618,2.1837088051541858,-5.943340938807085,1.903998893549067
B26CG100.jpg,UV,26,CG,100,8,8,20,2.491121905925013,2.09206399819914,-5.693904808343947,1.6531921455561633
B26CG500.jpg,UV,26,CG,500,1,0,5,0.1572428867455855,0.9567184082608787,-1.7999792105666546,2.468565029775839
B26CK0.jpg,UV,26,CK,0,5,3,14,1.1660542127990645,2.117507170472696,-4.15540220640111,0.0
B26CK10.jpg,UV,26,CK,10,11,10,24,3.1991084909069087,3.0618097884817645,-7.508873025389789,3.0373733680658193
B26CK50.jpg,UV,26,CK,50,10,9,23,2.9063421426996214,2.9349532194929835,-7.184099339284239,2.725230000718124
B26CK100.jpg,UV,26,CK,100,10,9,23,2.9063421426996214,2.9349532194929835,-7.184099339284239,2.725230000718124
B26CK500.jpg,UV,26,CK,500,3,1,12,0.6106745093867438,2.0681224871644255,-4.020967421657534,0.34392530169951
B26HD0.jpg,UV,26,HD,0,2,0,11,0.33477709986749105,2.0560257985513113,-3.9880305295220797,0.0
B26HD10.jpg,UV,26,HD,10,5,3,14,1.1660542127990645,2.117507170472696,-4.15540220640111,0.5036578424245967
B26HD50.jpg,UV,26,HD,50,6,6,16,1.8641014314787938,1.5392531502289168,-4.189338542488197,1.1652837534982383
B26HD100.jpg,UV,26,HD,100,5,4,15,1.3872634979735885,1.8935470232534364,-4.349722202690148,0.7327452293534202
B26HD500.jpg,UV,26,HD,500,3,2,8,0.725376705827717,1.0957274136227102,-2.1783367663910367,1.9814241270948296
B26HN0.jpg,UV,26,HN,0,4,2,13,0.887760857051191,2.088573951442574,-4.076642784615175,0.0
B26HN10.jpg,UV,26,HN,10,8,7,20,2.2950439885086347,2.4926245351211405,-5.980222829093379,1.795813191540646
B26HN50.jpg,UV,26,HN,50,10,9,23,2.9063421426996214,2.9349532194929835,-7.184099339284239,2.8546629368001435
B26HN100.jpg,UV,26,HN,100,10,9,23,2.9063421426996214,2.9349532194929835,-7.184099339284239,2.8546629368001435
B26HN500.jpg,UV,26,HN,500,8,8,20,2.491121905925013,2.09206399819914,-5.693904808343947,1.6531921455561633
B26L0.jpg,UV,26,L,0,4,2,13,0.887760857051191,2.088573951442574,-4.076642784615175,0.0
B26L10.jpg,UV,26,L,10,10,9,23,2.9063421426996214,2.9349532194929835,-7.184099339284239,2.8546629368001435
B26L50.jpg,UV,26,L,50,10,12,25,3.591828071406834,2.216384191380177,-7.730179898918005,3.3537997617260396
B26L100.jpg,UV,26,L,100,11,13,28,3.999841880031372,2.891291237809415,-9.498311310258678,4.6100013559725355
B26L500.jpg,UV,26,L,500,6,8,21,2.407335350585612,1.799771411541945,-6.5060745217352665,2.3012752799005987
B26PS0.jpg,UV,26,PS,0,3,1,12,0.6106745093867438,2.0681224871644255,-4.020967421657534,0.0
B26PS10.jpg,UV,26,PS,10,6,6,18,1.9206415051740073,1.936565351637498,-5.270668821269853,1.342130960927228
B26PS50.jpg,UV,26,PS,50,6,6,16,1.8641014314787938,1.5392531502289168,-4.189338542488197,1.0546689710636912
B26PS100.jpg,UV,26,PS,100,6,6,16,1.8641014314787938,1.5392531502289168,-4.189338542488197,1.0546689710636912
B26PS500.jpg,UV,26,PS,500,3,1,12,0.6106745093867438,2.0681224871644255,-4.020967421657534,0.0
B27AC0.jpg,UV,27,AC,0,4,2,13,0.887760857051191,2.088573951442574,-4.076642784615175,0.0
B27AC10.jpg,UV,27,AC,10,10,9,23,2.9063421426996214,2.9349532194929835,-7.184099339284239,2.8546629368001435
B27AC50.jpg,UV,27,AC,50,10,9,23,2.9063421426996214,2.9349532194929835,-7.184099339284239,2.8546629368001435
B27AC100.jpg,UV,27,AC,100,9,9,22,2.812509406990859,2.423823666243136,-6.596840803045883,2.3513138380033785
B27AC500.jpg,UV,27,AC,500,4,2,12,0.8650611783759956,1.9290612604205004,-3.6425108801818484,0.40823226098930054
B27CG0.jpg,UV,27,CG,0,4,2,13,0.887760857051191,2.088573951442574,-4.076642784615175,0.0
B27CG10.jpg,UV,27,CG,10,9,8,21,2.5822616053042395,2.584269342076187,-6.229658959556517,2.060002759251157
B27CG50.jpg,UV,27,CG,50,9,9,21,2.778339522720618,2.1837088051541858,-5.943340938807085,1.903998893549067
B27CG100.jpg,UV,27,CG,100,8,8,20,2.491121905925013,2.09206399819914,-5.693904808343947,1.6531921455561633
B27CG500.jpg,UV,27,CG,500,1,0,5,0.1572428867455855,0.9567184082608787,-1.7999792105666546,2.468565029775839
B27CK0.jpg,UV,27,CK,0,5,3,14,1.1660542127990645,2.117507170472696,-4.15540220640111,0.0
B27CK10.jpg,UV,27,CK,10,11,10,24,3.1991084909069087,3.0618097884817645,-7.508873025389789,3.0373733680658193
B27CK50.jpg,UV,27,CK,50,10,9,23,2.9063421426996214,2.9349532194929835,-7.184099339284239,2.725230000718124
B27CK100.jpg,UV,27,CK,100,10,9,23,2.9063421426996214,2.9349532194929835,-7.184099339284239,2.725230000718124
B27CK500.jpg,UV,27,CK,500,3,1,12,0.6106745093867438,2.0681224871644255,-4.020967421657534,0.34392530169951
B27HD0.jpg,UV,27,HD,0,2,0,11,0.33477709986749105,2.0560257985513113,-3.9880305295220797,0.0
B27HD10.jpg,UV,27,HD,10,5,3,14,1.1660542127990645,2.117507170472696,-4.15540220640111,0.5036578424245967
B27HD50.jpg,UV,27,HD,50,6,6,16,1.8641014314787938,1.5392531502289168,-4.189338542488197,1.1652837534982383
B27HD100.jpg,UV,27,HD,100,5,4,15,1.3872634979735885,1.8935470232534364,-4.349722202690148,0.7327452293534202
B27HD500.jpg,UV,27,HD,500,3,2,8,0.725376705827717,1.0957274136227102,-2.1783367663910367,1.9814241270948296
B27HN0.jpg,UV,27,HN,0,4,2,13,0.887760857051191,2.088573951442574,-4.076642784615175,0.0
B27HN10.jpg,UV,27,HN,10,8,7,20,2.2950439885086347,2.4926245351211405,-5.980222829093379,1.795813191540646
B27HN50.jpg,UV,27,HN,50,10,9,23,2.9063421426996214,2.9349532194929835,-7.184099339284239,2.8546629368001435
B27HN100.jpg,UV,27,HN,100,10,9,23,2.9063421426996214,2.9349532194929835,-7.184099339284239,2.8546629368001435
B27HN500.jpg,UV,27,HN,500,8,8,20,2.491121905925013,2.09206399819914,-5.693904808343947,1.6531921455561633
B27L0.jpg,UV,27,L,0,4,2,13,0.887760857051191,2.088573951442574,-4.076642784615175,0.0
B27L10.jpg,UV,27,L,10,10,9,23,2.9063421426996214,2.9349532194929835,-7.184099339284239,2.8546629368001435
B27L50.jpg,UV,27,L,50,10,12,25,3.591828071406834,2.216384191380177,-7.730179898918005,3.3537997617260396
B27L100.jpg,UV,27,L,100,11,13,28,3.999841880031372,2.891291237809415,-9.498311310258678,4.6100013559725355
B27L500.jpg,UV,27,L,500,6,8,21,2.407335350585612,1.799771411541945,-6.5060745217352665,2.3012752799005987
B27PS0.jpg,UV,27,PS,0,3,1,12,0.6106745093867438,2.0681224871644255,-4.020967421657534,0.0
B27PS10.jpg,UV,27,PS,10,6,6,18,1.9206415051740073,1.936565351637498,-5.270668821269853,1.342130960927228
B27PS50.jpg,UV,27,PS,50,6,6,16,1.8641014314787938,1.5392531502289168,-4.189338542488197,1.0546689710636912
B27PS100.jpg,UV,27,PS,100,6,6,16,1.8641014314787938,1.5392531502289168,-4.189338542488197,1.0546689710636912
B27PS500.jpg,UV,27,PS,500,3,1,12,0.6106745093867438,2.0681224871644255,-4.020967421657534,0.0
B28AC0.jpg,UV,28,AC,0,17,52,152,26.277124877274368,28.58650208001179,-57.61969869402124,0.0
B28AC10.jpg,UV,28,AC,10,17,53,150,26.35051700120969,27.106751787303125,-56.2735757800115,0.5185208727426643
B28AC50.jpg,UV,28,AC,50,20,55,152,27.14958647468385,26.737096007213523,-56.185512485142844,0.9382755595812193
B28AC100.jpg,UV,28,AC,100,17,51,149,25.730517996160415,28.075397224062076,-56.6769045227324,0.48261033592600816
B28AC500.jpg,UV,28,AC,500,21,56,153,27.53613851307572,26.52369993170242,-56.1623314755033,1.222648864069456
B28CG0.jpg,UV,28,CG,0,19,49,146,24.98126860932495,28.37958903922416,-56.05777325543073,0.0
B28CG10.jpg,UV,28,CG,10,20,46,141,23.753638507311557,28.517913678206774,-54.9781527351695,1.06919070916717
B28CG50.jpg,UV,28,CG,50,21,46,143,23.985273813104335,29.37773531357271,-55.83683808485503,0.9954085346483792
B28CG100.jpg,UV,28,CG,100,17,42,135,22.029337489340676,28.65625858687673,-54.074438635720334,2.389720413506936
B28CG500.jpg,UV,28,CG,500,22,47,129,22.95728966226926,23.199934884961777,-48.777490264607394,2.5777787440221283
B28CK0.jpg,UV,28,CK,0,17,51,149,25.730517996160415,28.075397224062076,-56.6769045227324,0.0
B28CK10.jpg,UV,28,CK,10,19,52,149,26.049578794108406,27.523696607820806,-56.15118133325691,0.30337423514006556
B28CK50.jpg,UV,28,CK,50,20,53,149,26.34324381156585,26.910060918195615,-55.66849057664059,0.6132876099598917
B28CK100.jpg,UV,28,CK,100,17,49,148,25.115546833645233,29.039830209207697,-57.071879782193456,0.6279989143167597
B28CK500.jpg,UV,28,CK,500,21,55,151,27.088277319400916,26.410968310539545,-55.67282488496662,1.211615487022316
B28HD0.jpg,UV,28,HD,0,15,36,115,18.36736525390095,24.63083342045985,-47.39613515139579,0.0
B28HD10.jpg,UV,28,HD,10,18,41,121,20.417715154188542,23.802879923520702,-47.872926430681,1.586285068896485
B28HD50.jpg,UV,28,HD,50,19,38,114,18.96686435508613,23.16420036176911,-45.7620921390625,0.7086911942467258
B28HD100.jpg,UV,28,HD,100,16,37,116,18.772784988394193,24.415158115595414,-47.37258017625435,0.30300802911150815
B28HD500.jpg,UV,28,HD,500,20,42,120,20.673967517530436,22.873456275948804,-46.812166894147964,1.814760285384974
B28HN0.jpg,UV,28,HN,0,19,45,138,23.167015944528167,27.939801673935673,-54.076474699708314,0.0
B28HN10.jpg,UV,28,HN,10,20,48,143,24.465014914577388,27.945408572448482,-55.05007640774373,1.0481935356449668
B28HN50.jpg,UV,28,HN,50,21,47,134,23.3813467181876,25.12482879659933,-51.22353784866971,1.0217312602795552
B28HN100.jpg,UV,28,HN,100,18,43,134,22.219863342603347,27.647274299600898,-53.13337522196433,0.7546002788528243
B28HN500.jpg,UV,28,HN,500,21,48,141,24.307602529113467,27.22941261312367,-54.06737069850895,0.9249808848525607
B28L0.jpg,UV,28,L,0,17,51,149,25.730517996160415,28.075397224062076,-56.6769045227324,0.0
B28L10.jpg,UV,28,L,10,19,47,145,24.369426744281363,29.342559494082987,-56.44549717083862,1.3088524232097434
B28L50.jpg,UV,28,L,50,21,46,141,23.788869668363056,28.5937433404628,-54.9189723668992,1.8024880375807109
B28L100.jpg,UV,28,L,100,18,44,137,22.776213391373396,28.154177817695164,-54.095947514552066,2.4988111249100684
B28L500.jpg,UV,28,L,500,24,50,137,24.578521430312712,24.51772787436993,-51.13221216789492,1.7806343109009795
B28PS0.jpg,UV,28,PS,0,17,41,127,20.967753705841716,26.15194997935333,-50.78307398619872,0.0
B28PS10.jpg,UV,28,PS,10,17,39,121,19.8427357449848,25.124169202340312,-48.817594475266425,1.0011376318413674
B28PS50.jpg,UV,28,PS,50,18,39,121,19.88088909804025,25.207890040913146,-48.753528876633034,1.0091677353468393
B28PS100.jpg,UV,28,PS,100,15,33,115,17.582971628583167,26.7242783470647,-48.686047871396056,2.6905961536396132
B28PS500.jpg,UV,28,PS,500,19,34,105,16.998259687621513,22.33991436504934,-43.14586258802734,3.7388735350050712
B29AC0.jpg,UV,29,AC,0,255,255,1,97.14039740603509,-21.54746931967044,94.40989479941528,0.0
B29AC10.jpg,UV,29,AC,10,255,255,1,97.14039740603509,-21.54746931967044,94.40989479941528,0.0
B29AC50.jpg,UV,29,AC,50,255,255,1,97.14039740603509,-21.54746931967044,94.40989479941528,0.0
B29AC100.jpg,UV,29,AC,100,255,255,1,97.14039740603509,-21.54746931967044,94.40989479941528,0.0
B29AC500.jpg,UV,29,AC,500,255,255,1,97.14039740603509,-21.54746931967044,94.40989479941528,0.0
B29CG0.jpg,UV,29,CG,0,255,255,1,97.14039740603509,-21.54746931967044,94.40989479941528,0.0
B29CG10.jpg,UV,29,CG,10,255,255,1,97.14039740603509,-21.54746931967044,94.40989479941528,0.0
B29CG50.jpg,UV,29,CG,50,255,255,1,97.14039740603509,-21.54746931967044,94.40989479941528,0.0
B29CG100.jpg,UV,29,CG,100,255,255,1,97.14039740603509,-21.54746931967044,94.40989479941528,0.0
B29CG500.jpg,UV,29,CG,500,255,255,1,97.14039740603509,-21.54746931967044,94.40989479941528,0.0
B29CK0.jpg,UV,29,CK,0,255,255,1,97.14039740603509,-21.54746931967044,94.40989479941528,0.0
B29CK10.jpg,UV,29,CK,10,255,255,1,97.14039740603509,-21.54746931967044,94.40989479941528,0.0
B29CK50.jpg,UV,29,CK,50,255,255,1,97.14039740603509,-21.54746931967044,94.40989479941528,0.0
B29CK100.jpg,UV,29,CK,100,255,255,1,97.14039740603509,-21.54746931967044,94.40989479941528,0.0
B29CK500.jpg,UV,29,CK,500,255,255,1,97.14039740603509,-21.54746931967044,94.40989479941528,0.0
B29HD0.jpg,UV,29,HD,0,255,255,1,97.14039740603509,-21.54746931967044,94.40989479941528,0.0
B29HD10.jpg,UV,29,HD,10,255,255,1,97.14039740603509,-21.54746931967044,94.40989479941528,0.0
B29HD50.jpg,UV,29,HD,50,254,254,0,96.80293869079176,-21.490559972137003,94.19706797055278,0.2025977682758181
B29HD100.jpg,UV,29,HD,100,254,254,0,96.80293869079176,-21.490559972137003,94.19706797055278,0.2025977682758181
B29HD500.jpg,UV,29,HD,500,255,255,1,97.14039740603509,-21.54746931967044,94.40989479941528,0.0
B29HN0.jpg,UV,29,HN,0,255,255,1,97.14039740603509,-21.54746931967044,94.40989479941528,0.0
B29HN10.jpg,UV,29,HN,10,255,255,1,97.14039740603509,-21.54746931967044,94.40989479941528,0.0
B29HN50.jpg,UV,29,HN,50,255,255,1,97.14039740603509,-21.54746931967044,94.40989479941528,0.0
B29HN100.jpg,UV,29,HN,100,255,255,1,97.14039740603509,-21.54746931967044,94.40989479941528,0.0
B29HN500.jpg,UV,29,HN,500,255,255,1,97.14039740603509,-21.54746931967044,94.40989479941528,0.0
B29L0.jpg,UV,29,L,0,255,255,1,97.14039740603509,-21.54746931967044,94.40989479941528,0.0
B29L10.jpg,UV,29,L,10,255,255,1,97.14039740603509,-21.54746931967044,94.40989479941528,0.0
B29L50.jpg,UV,29,L,50,255,255,1,97.14039740603509,-21.54746931967044,94.40989479941528,0.0
B29L100.jpg,UV,29,L,100,255,255,1,97.14039740603509,-21.54746931967044,94.40989479941528,0.0
B29L500.jpg,UV,29,L,500,255,255,1,97.14039740603509,-21.54746931967044,94.40989479941528,0.0
B29PS0.jpg,UV,29,PS,0,255,255,1,97.14039740603509,-21.54746931967044,94.40989479941528,0.0
B29PS10.jpg,UV,29,PS,10,255,255,1,97.14039740603509,-21.54746931967044,94.40989479941528,0.0
B29PS50.jpg,UV,29,PS,50,255,255,1,97.14039740603509,-21.54746931967044,94.40989479941528,0.0
B29PS100.jpg,UV,29,PS,100,255,255,1,97.14039740603509,-21.54746931967044,94.40989479941528,0.0
B29PS500.jpg,UV,29,PS,500,255,255,1,97.14039740603509,-21.54746931967044,94.40989479941528,0.0
