filename,light,dye,agent,conc,R,G,B,L,a,b,DeltaE
1A0.jpg,Normal,1,A,0,193,194,196,78.40716378487276,0.023631037938065536,-1.119927594967951,0.0
1A10.jpg,Normal,1,A,10,197,198,200,79.85708826585085,0.02343409150401543,-1.1156133039390337,1.0125804869008481
1A50.jpg,Normal,1,A,50,193,194,196,78.40716378487276,0.023631037938065536,-1.119927594967951,0.0
1A100.jpg,Normal,1,A,100,188,189,191,76.58688421328068,0.02388519789064958,-1.1254604414201008,1.293644244799392
1A500.jpg,Normal,1,A,500,188,189,191,76.58688421328068,0.02388519789064958,-1.1254604414201008,1.293644244799392
1B0.jpg,Normal,1,B,0,192,193,195,78.0438145322781,0.02368114480333361,-1.121021502218933,0.0
1B10.jpg,Normal,1,B,10,191,192,194,77.68011400716546,0.023731609273935916,-1.1221216732259398,0.25746233004840224
1B50.jpg,Normal,1,B,50,177,177,179,72.25925367707019,0.37472983545500105,-1.0156214197141855,4.2514447845593395
1B100.jpg,Normal,1,B,100,177,178,180,72.5502349711595,0.024478592183407866,-1.1382211277373377,3.9992579398295436
1B500.jpg,Normal,1,B,500,165,165,163,67.69058913595205,-0.3792581543510809,1.0370792343451951,8.053227321279778
1C0.jpg,Normal,1,C,0,191,191,193,77.39322922225615,0.36920275520840873,-1.0011417279666146,0.0
1C10.jpg,Normal,1,C,10,187,188,190,76.22175790336516,0.023937142836161218,-1.126586345374303,0.9918705895128366
1C50.jpg,Normal,1,C,50,172,172,174,70.40766761850178,0.37682370908170837,-1.021099737151232,5.165388599857142
1C100.jpg,Normal,1,C,100,169,169,171,69.29194963117425,0.3781130286121259,-1.0244710134226676,6.028310105859508
1C500.jpg,Normal,1,C,500,157,157,155,64.68270298460656,-0.38256293124799834,1.0464828456232311,9.982150693992525
1D0.jpg,Normal,1,D,0,186,186,186,75.51479273287357,-0.001936751117370683,0.0036711799345612306,0.0
1D10.jpg,Normal,1,D,10,187,189,188,76.43044873267259,-0.8830998566387027,0.2635395208983038,1.465122953625194
1D50.jpg,Normal,1,D,50,169,169,169,69.23779560557699,-0.0018039094112909382,0.003419373803414949,4.722617292645287
1D100.jpg,Normal,1,D,100,165,165,165,67.74421637835061,-0.001772300409597083,0.0033594578277895693,5.896975631205148
1D500.jpg,Normal,1,D,500,160,159,155,65.46468003537836,-0.3935956700107379,2.2131521123541775,8.029133405697412
2A0.jpg,Normal,2,A,0,180,181,183,73.65562253860602,0.024311795127685,-1.1346568223694176,0.0
2A10.jpg,Normal,2,A,10,195,196,198,79.13281655389963,0.02353187784104316,-1.1177583098429755,3.9394691336506367
2A50.jpg,Normal,2,A,50,200,201,203,80.94094043436183,0.023289909171220202,-1.1124402320881632,5.188692576957
2A100.jpg,Normal,2,A,100,188,189,191,76.58688421328068,0.02388519789064958,-1.1254604414201008,2.1380862143675667
2A500.jpg,Normal,2,A,500,192,193,195,78.0438145322781,0.02368114480333361,-1.121021502218933,3.175113053931045
2B0.jpg,Normal,2,B,0,165,165,167,67.79861874030232,0.379872536829029,-1.0290691537955698,0.0
2B10.jpg,Normal,2,B,10,187,188,190,76.22175790336516,0.023937142836161218,-1.126586345374303,6.386871698461043
2B50.jpg,Normal,2,B,50,194,195,197,78.7701637906253,0.023581283859985813,-1.1188398857504556,8.187153637443139
2B100.jpg,Normal,2,B,100,186,187,189,75.85626986104174,0.023989470902763266,-1.1277188574089214,6.124593875665013
2B500.jpg,Normal,2,B,500,191,192,194,77.68011400716546,0.023731609273935916,-1.1221216732259398,7.423202395773353
2C0.jpg,Normal,2,C,0,162,162,162,66.61965165769043,-0.0017485009569107035,0.0033143451272810154,0.0
2C10.jpg,Normal,2,C,10,180,181,183,73.65562253860602,0.024311795127685,-1.1346568223694176,5.545986810102901
2C50.jpg,Normal,2,C,50,190,191,193,77.31606016221593,0.023782436259778272,-1.1232281747305617,8.160026725862583
2C100.jpg,Normal,2,C,100,186,187,189,75.85626986104174,0.023989470902763266,-1.1277188574089214,7.127529004487322
2C500.jpg,Normal,2,C,500,189,189,189,76.61119593527346,-0.0019599545806325835,0.003715162916106962,7.583674575349456
2D0.jpg,Normal,2,D,0,160,160,160,65.86781342007546,-0.0017325896107811545,0.003284184610397034,0.0
2D10.jpg,Normal,2,D,10,176,178,177,72.39205758988918,-0.8928815195027306,0.2663689797612001,5.267886866123505
2D50.jpg,Normal,2,D,50,189,190,192,76.95165092812964,0.02383363076507994,-1.124341074514268,8.50438516976652
2D100.jpg,Normal,2,D,100,187,188,190,76.22175790336516,0.023937142836161218,-1.126586345374303,7.987642967101685
2D500.jpg,Normal,2,D,500,191,191,191,77.34033035450727,-0.0019753854401116655,0.003744412653428064,8.70889400355342
3A0.jpg,Normal,3,A,0,197,163,147,69.59248770587139,10.05089422146338,13.000355672857488,0.0
3A10.jpg,Normal,3,A,10,191,146,127,64.29697787379725,14.297640274722523,16.6313440068665,5.468893664569986
3A50.jpg,Normal,3,A,50,192,149,132,65.25451333945942,13.695932491436691,15.181552076834869,4.527782455630733
3A100.jpg,Normal,3,A,100,194,148,132,65.21342590162175,15.035846132569919,15.155627863582355,5.230192702039526
3A500.jpg,Normal,3,A,500,195,150,133,65.83435512517426,14.461202888320091,15.477303751426795,4.576357683641871
3B0.jpg,Normal,3,B,0,190,153,137,66.16491183224778,11.389790070519656,13.63362181822052,0.0
3B10.jpg,Normal,3,B,10,186,139,121,61.90079119789313,15.408376384626276,16.60632847338972,4.668133853710406
3B50.jpg,Normal,3,B,50,184,139,122,61.70810496759826,14.736211873720762,15.742677809415051,4.499833693872518
3B100.jpg,Normal,3,B,100,185,136,119,61.00725400467965,16.422025091771985,16.48522605037188,5.662503818791057
3B500.jpg,Normal,3,B,500,190,144,127,63.694937343364785,15.005310742409018,15.781169177373089,3.3952123124673523
3C0.jpg,Normal,3,C,0,194,158,142,67.9303591070158,10.908817687351746,13.387933182208055,0.0
3C10.jpg,Normal,3,C,10,182,134,116,60.1211655032711,15.952547171525055,16.910719291676358,7.521150433359663
3C50.jpg,Normal,3,C,50,185,143,125,62.87865172124016,13.306406468204079,15.69170926912582,4.59504598845946
3C100.jpg,Normal,3,C,100,187,141,123,62.54683209763934,14.954143769354166,16.38930229397504,5.403577407826252
3C500.jpg,Normal,3,C,500,185,139,123,61.83618255629577,15.266082171549067,15.372155616698958,6.01155749649883
3D0.jpg,Normal,3,D,0,185,142,123,62.58530363415768,13.599130320574748,16.409690456160696,0.0
3D10.jpg,Normal,3,D,10,176,125,105,56.99649485482577,17.213662570139952,18.783958439850366,5.497309976877981
3D50.jpg,Normal,3,D,50,177,128,111,57.975221980004804,16.663634604146992,16.714983692407536,4.641558631900148
3D100.jpg,Normal,3,D,100,178,125,108,57.28604411615839,18.386326655281614,17.50200771639905,5.717479802077641
3D500.jpg,Normal,3,D,500,184,117,98,55.884052945946294,24.16641222134247,21.447129081879048,8.607222478159139
4A0.jpg,Normal,4,A,0,191,192,194,77.68011400716546,0.023731609273935916,-1.1221216732259398,0.0
4A10.jpg,Normal,4,A,10,195,196,198,79.13281655389963,0.02353187784104316,-1.1177583098429755,1.0223813398047406
4A50.jpg,Normal,4,A,50,194,195,197,78.7701637906253,0.023581283859985813,-1.1188398857504556,0.7686426801033724
4A100.jpg,Normal,4,A,100,193,194,196,78.40716378487276,0.023631037938065536,-1.119927594967951,0.5136730953963474
4A500.jpg,Normal,4,A,500,194,195,197,78.7701637906253,0.023581283859985813,-1.1188398857504556,0.7686426801033724
4B0.jpg,Normal,4,B,0,188,188,190,76.29915050404516,0.37034796563539807,-1.0041440965699033,0.0
4B10.jpg,Normal,4,B,10,187,187,189,75.93373784471947,0.37073427241191004,-1.0051566155151903,0.263623778892617
4B50.jpg,Normal,4,B,50,188,189,191,76.58688421328068,0.02388519789064958,-1.1254604414201008,0.5690759380559514
4B100.jpg,Normal,4,B,100,185,186,188,75.49041792556481,0.02404218749524345,-1.1288580496848333,0.7897639901842896
4B500.jpg,Normal,4,B,500,181,181,183,73.73355228317993,0.37310192696643485,-1.0113594638595291,1.8735514196638228
4C0.jpg,Normal,4,C,0,185,185,187,75.20181999441051,0.3715138951356223,-1.0071996334630073,0.0
4C10.jpg,Normal,4,C,10,177,177,177,72.20557671402477,-0.0018667173269371062,0.003538428418847772,2.489856367505883
4C50.jpg,Normal,4,C,50,183,183,185,74.46843078279966,0.37230304044155726,-1.0092670674711313,0.5366453999375179
4C100.jpg,Normal,4,C,100,174,174,174,71.0956280162427,-0.0018432271968182867,0.0034939020502999796,3.262820227852817
4C500.jpg,Normal,4,C,500,173,173,173,70.72486009431617,-0.0018353805399384804,0.00347902843571557,3.5302965571711633
4D0.jpg,Normal,4,D,0,186,186,188,75.56796173475493,0.3711229068361632,-1.0061751059450508,0.0
4D10.jpg,Normal,4,D,10,178,178,178,72.574782831502,-0.0018745309310341796,0.0035532393805493,2.4791537597880766
4D50.jpg,Normal,4,D,50,183,183,185,74.46843078279966,0.37230304044155726,-1.0092670674711313,0.8029260030945448
4D100.jpg,Normal,4,D,100,178,178,178,72.574782831502,-0.0018745309310341796,0.0035532393805493,2.4791537597880766
4D500.jpg,Normal,4,D,500,176,176,174,71.78297020406009,-0.3749892685201983,1.0249526499638284,3.619430902473506
5A0.jpg,Normal,5,A,0,215,31,158,49.37383603169512,75.52636313489292,-22.928667989319628,0.0
5A10.jpg,Normal,5,A,10,215,31,161,49.50086183053938,75.87400510491332,-24.517708170315355,0.5644002900607515
5A50.jpg,Normal,5,A,50,209,25,153,47.69306161326892,74.71385613427867,-22.62475211248716,1.6803500801942257
5A100.jpg,Normal,5,A,100,211,0,159,47.43765877843405,78.41868721501166,-26.582186814377252,2.2979823807078965
5A500.jpg,Normal,5,A,500,220,31,170,50.8059514851886,77.98413657485281,-27.750824929539107,2.1616832048128463
5B0.jpg,Normal,5,B,0,200,19,136,44.978008488742326,71.81478011638647,-16.658903896560282,0.0
5B10.jpg,Normal,5,B,10,203,30,144,46.50125231656413,71.51363841218755,-19.13497445369956,1.7431539501169377
5B50.jpg,Normal,5,B,50,196,18,136,44.159818146815255,71.09481410798374,-17.978772456005544,0.956096087388206
5B100.jpg,Normal,5,B,100,208,0,152,46.552360612647355,77.05296763254582,-23.801779354222475,2.990767297261038
5B500.jpg,Normal,5,B,500,211,22,158,48.127282360974675,76.15462222080276,-24.91518865924558,4.224791629711163
5C0.jpg,Normal,5,C,0,194,17,126,43.329952149226564,69.73757175900069,-13.141272598769604,0.0
5C10.jpg,Normal,5,C,10,199,32,137,45.61296302351265,69.42496103499401,-16.315788901455175,2.4832949955108026
5C50.jpg,Normal,5,C,50,195,19,142,44.26711714591066,71.41601498715056,-21.48709355219871,3.2274116327320757
5C100.jpg,Normal,5,C,100,213,2,166,48.19225688348733,79.44459734307779,-29.550063665176562,7.4209961982387025
5C500.jpg,Normal,5,C,500,200,180,189,75.19973455879531,8.698303354764182,-1.9552345291765638,36.02320250778293
5D0.jpg,Normal,5,D,0,190,16,122,42.34731463870091,68.58241970431317,-12.232228961860159,0.0
5D10.jpg,Normal,5,D,10,197,29,135,44.94369271464531,69.36768491333423,-16.1526363872861,2.841201191479072
5D50.jpg,Normal,5,D,50,189,15,131,42.463455280471834,69.44608462644297,-17.63107289980219,2.0725972422029018
5D100.jpg,Normal,5,D,100,210,0,159,47.24664939890108,78.22756635567724,-26.89376895788427,7.045991773582071
5D500.jpg,Normal,5,D,500,191,185,185,75.62353330021917,2.105789203344699,0.7538145571944321,39.609576286599996
6A0.jpg,Normal,6,A,0,4,24,110,14.425112521506183,30.139233248794696,-50.67052405168454,0.0
6A10.jpg,Normal,6,A,10,6,24,117,15.359545371012707,32.91994144875498,-53.65959182247991,1.195480386878126
6A50.jpg,Normal,6,A,50,8,26,115,15.631746942977301,30.99032463597984,-51.91491042999947,0.8841797198486561
6A100.jpg,Normal,6,A,100,6,26,112,15.205695730388793,29.71885150686812,-50.67781931424624,0.5679165578229808
6A500.jpg,Normal,6,A,500,4,27,121,16.45199214758496,32.45454519531313,-54.42363409967743,1.7706745740629026
6B0.jpg,Normal,6,B,0,5,20,93,11.432174512856488,26.12073986125997,-44.38207590077406,0.0
6B10.jpg,Normal,6,B,10,3,16,97,10.940037199729655,30.149961383535526,-47.87711262220806,1.5786881993045185
6B50.jpg,Normal,6,B,50,1,15,105,11.740066922827605,33.59355070050766,-51.853804542481626,2.8513243425668127
6B100.jpg,Normal,6,B,100,7,23,101,13.212656190782965,27.43144376995876,-46.76418512145427,1.4084123839638985
6B500.jpg,Normal,6,B,500,2,18,105,12.383681121468417,31.895607473739304,-50.782922185980375,2.37575841889647
6C0.jpg,Normal,6,C,0,8,21,92,11.690960635589214,25.24819616832817,-43.27860300664535,0.0
6C10.jpg,Normal,6,C,10,9,24,104,13.887418964577957,28.074159017335344,-47.625066288381404,2.0477613292412786
6C50.jpg,Normal,6,C,50,3,19,105,12.637065581179606,31.337525267506425,-50.361094716241126,2.5788308769657897
6C100.jpg,Normal,6,C,100,8,22,95,12.295021704319055,25.77288785260233,-44.29097697550014,0.5307560257508205
6C500.jpg,Normal,6,C,500,6,24,108,14.254693006286363,29.46929935577644,-49.644611957901084,2.701603919560397
6D0.jpg,Normal,6,D,0,9,21,93,11.853226606620659,25.72403513901496,-43.68044885623721,0.0
6D10.jpg,Normal,6,D,10,10,25,105,14.283371049461191,27.8598457022268,-47.6268199456012,2.0830616998197518
6D50.jpg,Normal,6,D,50,3,18,103,12.161226583901126,31.195580140723433,-49.832575132172174,2.2261581903224053
6D100.jpg,Normal,6,D,100,10,23,96,12.743938139213476,25.629165197898583,-44.21449633962736,0.657853118553103
6D500.jpg,Normal,6,D,500,7,26,112,15.240147471167848,29.773588368962017,-50.61973634858622,3.2005023411675837
7A0.jpg,Normal,7,A,0,195,196,198,79.13281655389963,0.02353187784104316,-1.1177583098429755,0.0
7A10.jpg,Normal,7,A,10,197,198,197,79.77839859785472,-0.5306215973926443,0.38205464324547744,1.740639214807747
7A50.jpg,Normal,7,A,50,198,199,199,80.16614429871127,-0.34647067453258407,-0.11730718400055906,1.3279462120798875
7A100.jpg,Normal,7,A,100,197,198,200,79.85708826585085,0.02343409150401543,-1.1156133039390337,0.5038717397377711
7A500.jpg,Normal,7,A,500,198,198,186,79.5792787793372,-2.141607467024742,6.013464116771372,7.023031210068734
7B0.jpg,Normal,7,B,0,195,195,197,78.84704071408561,0.3677068758618507,-0.9972183664065826,0.0
7B10.jpg,Normal,7,B,10,193,193,193,78.06804360790544,-0.0019907862229273654,0.003773605379708833,1.2431526201202185
7B50.jpg,Normal,7,B,50,197,197,199,79.57185737113011,0.36697182380712734,-0.9952898130347831,0.5057745651596098
7B100.jpg,Normal,7,B,100,196,196,196,79.15698471315477,-0.002013831763958418,0.0038172890139742677,1.1367924306509005
7B500.jpg,Normal,7,B,500,200,194,162,78.15307834789175,-3.197627464561925,16.88426608760718,13.980040908457642
7C0.jpg,Normal,7,C,0,193,193,193,78.06804360790544,-0.0019907862229273654,0.003773605379708833,0.0
7C10.jpg,Normal,7,C,10,192,192,192,77.7043635899527,-0.0019830895691130834,0.0037590161013234535,0.2573786239932668
7C50.jpg,Normal,7,C,50,194,194,196,78.48411312163468,0.36807758903401044,-0.9981908377387771,1.1547950871630757
7C100.jpg,Normal,7,C,100,192,192,192,77.7043635899527,-0.0019830895691130834,0.0037590161013234535,0.2573786239932668
7C500.jpg,Normal,7,C,500,193,193,193,78.06804360790544,-0.0019907862229273654,0.003773605379708833,0.0
7D0.jpg,Normal,7,D,0,193,193,195,78.12083669336252,0.3684504576234593,-0.9991688490882611,0.0
7D10.jpg,Normal,7,D,10,193,193,191,78.01590160889398,-0.3689385548231727,1.007800671843917,2.260874314981724
7D50.jpg,Normal,7,D,50,199,192,150,77.30737749740922,-4.270779312277762,22.109063524674898,16.630973560630053
7D100.jpg,Normal,7,D,100,199,185,88,74.53794388124201,-7.412556421243444,50.20965744935797,25.391383543281847
7D500.jpg,Normal,7,D,500,206,173,0,71.56288564963774,-1.4882226849785019,74.13350830181025,29.579361032474104
8A0.jpg,Normal,8,A,0,197,168,0,69.38253270829702,-2.84442009688346,72.18998625920118,0.0
8A10.jpg,Normal,8,A,10,204,174,0,71.63096711392603,-2.899669301466512,74.09238211302886,1.7847939798602657
8A50.jpg,Normal,8,A,50,203,176,1,72.06233625085356,-4.38039050226513,74.23850217475734,2.2751453076143755
8A100.jpg,Normal,8,A,100,203,175,1,71.79942142754379,-3.8564617115658395,74.05099395937094,1.985001711708438
8A500.jpg,Normal,8,A,500,206,179,1,73.13275052379025,-4.623888554255496,75.13202022301323,3.093655048865062
8B0.jpg,Normal,8,B,0,197,168,0,69.38253270829702,-2.84442009688346,72.18998625920118,0.0
8B10.jpg,Normal,8,B,10,205,175,1,71.98982923187893,-2.9719389503226057,74.27415423031243,2.0588413900598725
8B50.jpg,Normal,8,B,50,203,176,1,72.06233625085356,-4.38039050226513,74.23850217475734,2.2751453076143755
8B100.jpg,Normal,8,B,100,202,175,0,71.70334518787084,-4.309726696948735,74.0559831576788,2.008786368432252
8B500.jpg,Normal,8,B,500,207,177,1,72.70353241281032,-3.13738326205254,74.86962719342398,2.615306401309191
8C0.jpg,Normal,8,C,0,196,168,0,69.28636119178248,-3.290008660314925,72.07745821060924,0.0
8C10.jpg,Normal,8,C,10,201,172,0,70.81921566569086,-3.177027841320512,73.38486775880241,1.2275590001564656
8C50.jpg,Normal,8,C,50,203,176,1,72.06233625085356,-4.38039050226513,74.23850217475734,2.2653369594524277
8C100.jpg,Normal,8,C,100,201,174,0,71.34546795333739,-4.22819269404523,73.7582069251421,1.711803645311482
8C500.jpg,Normal,8,C,500,206,178,2,72.87186154802922,-4.091248058802844,74.83224906224213,2.840686847499287
8D0.jpg,Normal,8,D,0,195,166,0,68.66199264447002,-2.6771290898868205,71.59076577203913,0.0
8D10.jpg,Normal,8,D,10,198,169,1,69.7438001034437,-2.91664154793414,72.36758818571357,0.8737312467887642
8D50.jpg,Normal,8,D,50,201,173,1,71.08365494979908,-3.6921716574130348,73.45357961272,2.0055741295135716
8D100.jpg,Normal,8,D,100,199,171,1,70.36645448972736,-3.527254082095088,72.85494813652635,1.439898342370096
8D500.jpg,Normal,8,D,500,202,175,0,71.70334518787084,-4.309726696948735,74.0559831576788,2.57999064273439
9A0.jpg,Normal,9,A,0,232,2,98,49.60074834694004,77.34723081646777,14.186718804320764,0.0
9A10.jpg,Normal,9,A,10,228,3,97,48.79399338719067,76.30577909752695,13.561735488877513,0.8634144876549651
9A50.jpg,Normal,9,A,50,231,2,97,49.37545609162417,77.06087212709062,14.45914136104106,0.26856007356337225
9A100.jpg,Normal,9,A,100,233,6,101,49.97633660604116,77.45528515069583,12.895917066434448,0.6663555782604532
9A500.jpg,Normal,9,A,500,233,5,101,49.950380011540176,77.53082234473074,12.859875706286905,0.669003869073905
9B0.jpg,Normal,9,B,0,228,0,91,48.57911319249253,76.18260599919618,16.966865004188016,0.0
9B10.jpg,Normal,9,B,10,224,0,91,47.76174828787614,75.27514047863177,15.71960198045501,0.961176845113807
9B50.jpg,Normal,9,B,50,227,0,92,48.39673494320499,76.01414430275294,16.068021721907012,0.4187498829031252
9B100.jpg,Normal,9,B,100,229,0,93,48.82650189343077,76.52538406956056,16.104104213299863,0.471216535706381
9B500.jpg,Normal,9,B,500,227,0,91,48.374936270820754,75.95578798127417,16.655634593181567,0.24023476602962085
9C0.jpg,Normal,9,C,0,227,5,96,48.6221916621121,75.86005383938016,13.909334547273788,0.0
9C10.jpg,Normal,9,C,10,224,7,98,48.11607141964376,75.14465549833899,11.880149245489424,0.982463343580562
9C50.jpg,Normal,9,C,50,228,6,99,48.92125677300356,76.19693274396388,12.505988416011515,0.687903732826097
9C100.jpg,Normal,9,C,100,227,10,101,48.87481125869631,75.78674198197155,11.17959335598686,1.184206618834035
9C500.jpg,Normal,9,C,500,227,10,101,48.87481125869631,75.78674198197155,11.17959335598686,1.184206618834035
9D0.jpg,Normal,9,D,0,224,6,96,48.04130402201436,75.09720137930064,13.011880631306061,0.0
9D10.jpg,Normal,9,D,10,222,7,95,47.6399463898497,74.49630275443798,13.01191540193507,0.4202582023084603
9D50.jpg,Normal,9,D,50,224,7,97,48.0923106013602,75.08053578296575,12.464785588593031,0.23882376314296563
9D100.jpg,Normal,9,D,100,225,9,98,48.37288982731535,75.2138520124302,12.26810037653825,0.46220429642104754
9D500.jpg,Normal,9,D,500,226,9,97,48.55129949980126,75.3792050905494,13.163308000935448,0.5118810919185027
10A0.jpg,Normal,10,A,0,208,84,0,51.55869226554674,46.12356088610792,61.385196402056074,0.0
10A10.jpg,Normal,10,A,10,207,85,0,51.57213641763772,45.284956471413395,61.30436089618798,0.3823666187310064
10A50.jpg,Normal,10,A,50,213,88,2,53.096160858201785,46.140265526679215,62.23121218952179,1.5470534018959148
10A100.jpg,Normal,10,A,100,207,84,1,51.39601990657195,45.76247785938975,60.97833633785863,0.20407331562352027
10A500.jpg,Normal,10,A,500,216,92,2,54.30394740592713,45.38151052823436,63.17431133315438,2.8539300599423063
10B0.jpg,Normal,10,B,0,211,83,1,51.88451353127495,47.69805988051312,61.60157727527973,0.0
10B10.jpg,Normal,10,B,10,207,82,1,51.04361610204754,46.68714757657949,60.78347755246662,0.8984128865703437
10B50.jpg,Normal,10,B,50,211,86,1,52.410000071339695,46.31848409677991,61.89157514374354,0.9047880769178227
10B100.jpg,Normal,10,B,100,206,82,0,50.87439046142701,46.30779012237662,60.83546034695998,1.1166732584041865
10B500.jpg,Normal,10,B,500,215,91,1,53.95886422345616,45.4688773286801,63.10270054205128,2.543397683268465
10C0.jpg,Normal,10,C,0,207,80,2,50.700318410866714,47.60900410435526,60.360864174069725,0.0
10C10.jpg,Normal,10,C,10,206,82,0,50.87439046142701,46.30779012237662,60.83546034695998,0.7839287903911843
10C50.jpg,Normal,10,C,50,211,86,2,52.412435335429564,46.32860889055729,61.671878664304636,1.993842469995392
10C100.jpg,Normal,10,C,100,205,83,0,50.88508580984828,45.473241084229784,60.75217400238662,1.1503246496180917
10C500.jpg,Normal,10,C,500,214,90,2,53.61848709439113,45.57553305052808,62.6136547060509,3.3509751197719484
10D0.jpg,Normal,10,D,0,206,83,1,51.05320329606582,45.855686894773484,60.70022188601296,0.0
10D10.jpg,Normal,10,D,10,202,83,1,50.39237263098343,44.36122598960751,59.981644195415086,0.8635250344453413
10D50.jpg,Normal,10,D,50,206,84,1,51.231087571602544,45.38992047348339,60.799042374177425,0.309579353670124
10D100.jpg,Normal,10,D,100,202,83,1,50.39237263098343,44.36122598960751,59.981644195415086,0.8635250344453413
10D500.jpg,Normal,10,D,500,208,87,1,52.0991521055529,44.72886847108987,61.45808269868572,1.3014577155921403
11A0.jpg,Normal,11,A,0,12,24,141,18.599854202154518,41.69094718451871,-63.50466674780624,0.0
11A10.jpg,Normal,11,A,10,13,25,147,19.58347198831145,43.22077510447458,-65.60243962804402,0.8777108944686596
11A50.jpg,Normal,11,A,50,12,22,141,18.251072097508562,42.71492578500094,-64.08463263330702,0.42309980473601766
11A100.jpg,Normal,11,A,100,11,24,143,18.828852108539806,42.33355451158885,-64.37258962233727,0.2819935209182752
11A500.jpg,Normal,11,A,500,15,21,137,17.66003426413407,41.99328011595563,-62.55882133622731,0.8370183289094006
11B0.jpg,Normal,11,B,0,12,23,139,18.162092238468254,41.53738752415628,-62.98140676136109,0.0
11B10.jpg,Normal,11,B,10,14,25,148,19.74431656751856,43.58709337804548,-65.95373813891517,1.343347790983484
11B50.jpg,Normal,11,B,50,14,21,137,17.622341710027328,41.95637243416844,-62.62255326258989,0.5044484677994013
11B100.jpg,Normal,11,B,100,15,22,139,18.092544349439123,42.15522600378962,-63.09411575574669,0.2768278707385181
11B500.jpg,Normal,11,B,500,19,18,119,14.966590941883531,37.69106108966491,-55.58493464960762,3.0663251417181234
11C0.jpg,Normal,11,C,0,15,21,138,17.791878653806855,42.323226651301006,-62.9672573120439,0.0
11C10.jpg,Normal,11,C,10,16,23,141,18.563020171502693,42.35204841448473,-63.5619800947704,0.5797136303922624
11C50.jpg,Normal,11,C,50,14,18,127,15.786818697105439,40.12891699015819,-59.35126246852375,1.6857108344275233
11C100.jpg,Normal,11,C,100,14,20,131,16.658867441975147,40.46184440426664,-60.441002939370236,1.036685228051162
11C500.jpg,Normal,11,C,500,17,21,129,16.698540728015054,39.40360468022555,-59.103636247123426,1.3133409035700208
11D0.jpg,Normal,11,D,0,14,20,136,17.322471335304954,42.11991997475725,-62.49277141399594,0.0
11D10.jpg,Normal,11,D,10,13,20,139,17.68709562441815,43.068313818482615,-63.77056374451387,0.4275519452626978
11D50.jpg,Normal,11,D,50,13,13,113,13.016498223369837,37.867567712151775,-54.95233560660204,3.6031689487543055
11D100.jpg,Normal,11,D,100,14,6,91,8.812239373462148,34.10067278626176,-47.36871665742261,7.253973072198011
11D500.jpg,Normal,11,D,500,105,27,23,23.168939485337802,34.296753812977,22.80428429838829,36.270297751179555
12A0.jpg,Normal,12,A,0,15,36,143,21.377967036893523,35.55224333936086,-60.142150994641995,0.0
12A10.jpg,Normal,12,A,10,16,23,103,13.837425414620071,28.82768759842197,-47.0393485669778,6.5619545009039655
12A50.jpg,Normal,12,A,50,8,16,95,10.907360605074782,29.684353952161775,-46.587642029665474,8.299346007718105
12A100.jpg,Normal,12,A,100,17,27,113,15.976956011833494,30.122437683620134,-50.038245039169574,4.8105650376840465
12A500.jpg,Normal,12,A,500,20,30,118,17.38898619633609,30.309213528578155,-50.92988067000947,3.893073332712839
12B0.jpg,Normal,12,B,0,18,36,138,20.92150408584248,33.84886400242307,-57.776570891841,0.0
12B10.jpg,Normal,12,B,10,20,26,99,14.33281027397863,25.657030614004206,-43.57223292310199,6.351675181380918
12B50.jpg,Normal,12,B,50,19,28,103,15.210923149003339,25.751543990249566,-44.76926882508766,5.613129151287476
12B100.jpg,Normal,12,B,100,23,31,114,17.350718537297467,28.397726719813747,-48.409586931510205,3.7834972119289563
12B500.jpg,Normal,12,B,500,27,31,105,16.66288468470482,25.410979107943767,-43.678200364903894,5.329301604754053
12C0.jpg,Normal,12,C,0,19,25,99,14.02544919607691,26.231001796320708,-44.080341015667756,0.0
12C10.jpg,Normal,12,C,10,18,25,95,13.529934750576373,24.55396707281754,-42.238760751331704,0.7778234262686382
12C50.jpg,Normal,12,C,50,22,22,89,12.38622662963935,24.744170176469833,-40.08573126631471,1.9207343864251722
12C100.jpg,Normal,12,C,100,30,24,83,12.94488331049601,22.3879502623181,-35.07810666135413,3.6979528203143883
12C500.jpg,Normal,12,C,500,42,26,62,13.100517466254377,16.920149423824636,-20.209196434687527,10.975649333814493
12D0.jpg,Normal,12,D,0,20,28,111,16.13726309800608,28.953090717936615,-48.470780545212556,0.0
12D10.jpg,Normal,12,D,10,18,25,95,13.529934750576373,24.55396707281754,-42.238760751331704,2.736694165418096
12D50.jpg,Normal,12,D,50,20,21,90,12.109533834527404,25.553696936347347,-41.22042869688759,3.727843230128227
12D100.jpg,Normal,12,D,100,31,23,79,12.405949672680336,21.808244318419558,-33.21997864402523,6.403512174466798
12D500.jpg,Normal,12,D,500,149,41,15,34.00777486559723,43.86905401946148,40.51726402534474,42.36837064832837
13A0.jpg,Normal,13,A,0,192,185,167,75.26119674217966,-0.6301235787645743,10.021572031540082,0.0
13A10.jpg,Normal,13,A,10,192,185,166,75.23818221169083,-0.792795281165104,10.531132673268262,0.40082578683253395
13A50.jpg,Normal,13,A,50,196,190,168,76.91493493783523,-1.6464347649296496,11.87352115238205,2.1127218267202705
13A100.jpg,Normal,13,A,100,190,184,160,74.67763191327244,-1.9641591754379073,12.96717964835472,2.5161984045686103
13A500.jpg,Normal,13,A,500,194,190,142,76.22255966246944,-6.249616594819596,24.819252891665155,9.51027226488552
13B0.jpg,Normal,13,B,0,193,190,173,76.78908090197757,-1.9268332355100726,8.962692440033937,0.0
13B10.jpg,Normal,13,B,10,196,189,170,76.69952204185407,-0.7954145220913089,10.488470268765138,1.9280033384184396
13B50.jpg,Normal,13,B,50,197,191,169,77.27912929584963,-1.6464793053933557,11.861698087681116,2.1058691917574195
13B100.jpg,Normal,13,B,100,193,187,163,75.77561335178724,-1.964306435526253,12.927510883721771,2.782979845225904
13B500.jpg,Normal,13,B,500,197,192,135,76.87242223756081,-7.04225812259901,29.429291401312675,11.313576414355246
13C0.jpg,Normal,13,C,0,195,189,168,76.5729262150739,-1.48596870027351,11.37753677107407,0.0
13C10.jpg,Normal,13,C,10,196,191,161,77.02379016880927,-3.268805315922163,15.794303386678376,3.2633464595847483
13C50.jpg,Normal,13,C,50,196,191,136,76.54312988843829,-6.786002592024721,28.450864006492193,9.642661167037904
13C100.jpg,Normal,13,C,100,193,187,109,74.81455603035911,-9.027927015499538,40.13945538741277,13.813509076622905
13C500.jpg,Normal,13,C,500,198,195,62,76.91191245409253,-14.647952329036206,63.8426643412881,19.87236304066515
13D0.jpg,Normal,13,D,0,193,186,167,75.60405910819811,-0.7934687186056943,10.520369950604458,0.0
13D10.jpg,Normal,13,D,10,193,188,158,75.92986144331329,-3.270317037988968,15.841711065220142,4.246958479730878
13D50.jpg,Normal,13,D,50,194,187,132,75.24997326393196,-5.992605130009321,28.808493372746003,10.375467787760593
13D100.jpg,Normal,13,D,100,191,185,107,74.08546923485436,-9.0112582497206,40.20657077704095,14.52798056397793
13D500.jpg,Normal,13,D,500,195,192,62,75.85441869637374,-14.40348121875723,62.70630365812775,20.243881831419795
14A0.jpg,Normal,14,A,0,168,47,26,38.6122255245099,48.253939651651336,40.71648114569991,0.0
14A10.jpg,Normal,14,A,10,167,48,25,38.55477088142632,47.50277961538235,41.087131857036674,0.47217624793773044
14A50.jpg,Normal,14,A,50,163,43,22,37.068022243553024,47.99433386418681,40.94294068500712,1.3342372583116264
14A100.jpg,Normal,14,A,100,165,50,31,38.519417911235,46.19971507717538,37.84748609164343,1.0578496886334778
14A500.jpg,Normal,14,A,500,124,32,21,27.773691555866,38.921450938335326,30.0622101594468,9.688346383981784
14B0.jpg,Normal,14,B,0,167,47,30,38.45436324230127,48.03658404736513,38.44352137608475,0.0
14B10.jpg,Normal,14,B,10,163,49,30,37.98443378933271,45.88614212099204,37.727037448473446,0.8494846633769642
14B50.jpg,Normal,14,B,50,156,46,30,36.21022929306236,44.695677039001126,35.52702414688271,2.257135763316938
14B100.jpg,Normal,14,B,100,151,47,34,35.45890358737727,42.6871100852145,32.20414319770705,3.5276066172288423
14B500.jpg,Normal,14,B,500,87,36,45,21.864611420013993,24.57724979601725,5.638179429506951,21.036707099146682
14C0.jpg,Normal,14,C,0,167,48,29,38.58711637022522,47.61709392911165,39.09557695330705,0.0
14C10.jpg,Normal,14,C,10,150,47,32,35.24876010235896,42.25226762087211,33.06560899805433,3.676959592478918
14C50.jpg,Normal,14,C,50,118,37,33,27.53357639116023,35.14227175122828,22.148240918754848,11.460390996995354
14C100.jpg,Normal,14,C,100,109,38,40,26.13253357194921,31.73606599227266,15.473696839920192,14.660191933326933
14C500.jpg,Normal,14,C,500,48,18,34,10.38376373377433,17.648532197009693,-3.995628269973478,31.296049924912246
14D0.jpg,Normal,14,D,0,162,47,29,37.49112665809994,46.31682965742384,37.712598083221195,0.0
14D10.jpg,Normal,14,D,10,147,45,31,34.35635302297146,42.00530855806534,32.52268273821157,3.3206214659252913
14D50.jpg,Normal,14,D,50,89,35,40,21.870824278369184,25.40327520786059,9.142148162179852,18.591043980319718
14D100.jpg,Normal,14,D,100,51,32,52,15.407459668804513,13.34968901869782,-9.43605844362807,31.575709561046715
14D500.jpg,Normal,14,D,500,14,24,122,16.261336993060937,35.136556749288836,-55.37005346298335,43.004512411184685
15A0.jpg,Normal,15,A,0,193,193,60,75.9495025732617,-15.861195125202787,63.50151144947739,0.0
15A10.jpg,Normal,15,A,10,194,191,59,75.48137563523257,-14.478818337728516,63.43859616166555,0.8359766759887716
15A50.jpg,Normal,15,A,50,191,191,62,75.25633610713528,-15.593462622242038,61.99937903256204,0.638735058538351
15A100.jpg,Normal,15,A,100,189,189,59,74.52828710310342,-15.592998644749056,62.35946168357349,1.0777267109518125
15A500.jpg,Normal,15,A,500,195,195,65,76.68839543801403,-15.752575468110097,62.39056778749025,0.6090874953886964
15B0.jpg,Normal,15,B,0,195,195,63,76.67460779201511,-15.862608241829168,63.146482143195804,0.0
15B10.jpg,Normal,15,B,10,192,192,61,75.60296805846711,-15.728326396923563,62.75464058210473,0.7803170215200477
15B50.jpg,Normal,15,B,50,192,191,64,75.35151593096549,-15.058984625169302,61.345547905533294,1.0963006391032573
15B100.jpg,Normal,15,B,100,190,189,62,74.63000286886155,-15.006448725215781,61.34208413433886,1.5821870154225772
15B500.jpg,Normal,15,B,500,197,197,65,77.39194989356837,-15.915010912323558,63.154648065500666,0.5131388202072783
15C0.jpg,Normal,15,C,0,194,191,56,75.4625774349313,-14.627564302864716,64.5157012259388,0.0
15C10.jpg,Normal,15,C,10,190,188,52,74.29394928633953,-15.0048092664119,64.69024499590074,0.877236775790466
15C50.jpg,Normal,15,C,50,191,191,61,75.24954176536441,-15.64771014712324,62.375008794789174,0.9821083218345767
15C100.jpg,Normal,15,C,100,187,185,50,73.21631464378163,-14.859802291621094,64.27004631879284,1.6611962445163646
15C500.jpg,Normal,15,C,500,196,196,63,77.02664673866289,-15.94312910925294,63.525585370145365,1.4254160032288814
15D0.jpg,Normal,15,D,0,192,192,62,75.60971007875536,-15.674487730762298,62.3807767937278,0.0
15D10.jpg,Normal,15,D,10,190,190,59,74.88247113145462,-15.673257578198818,62.73756102541649,0.5394045341059844
15D50.jpg,Normal,15,D,50,190,189,62,74.63000286886155,-15.006448725215781,61.34208413433886,0.8088023700004439
15D100.jpg,Normal,15,D,100,189,188,61,74.268782327733,-14.97961203328324,61.33850993312897,1.054723484937351
15D500.jpg,Normal,15,D,500,195,195,63,76.67460779201511,-15.862608241829168,63.146482143195804,0.794045009273381
16A0.jpg,Normal,16,A,0,188,188,149,75.34442205547244,-6.507820729555358,19.80518373218043,0.0
16A10.jpg,Normal,16,A,10,191,188,144,75.48692710671011,-6.083102736757217,22.714574198139246,1.7071179697466092
16A50.jpg,Normal,16,A,50,190,187,133,74.93969894804127,-7.434485181045725,27.808742274393538,3.910802223061401
16A100.jpg,Normal,16,A,100,192,190,129,75.83503095985292,-8.716720179346938,31.128127204534238,5.312242084497857
16A500.jpg,Normal,16,A,500,184,181,78,72.08755512823143,-12.42373355373444,51.72026282735238,12.512692797433258
16B0.jpg,Normal,16,B,0,189,187,138,74.94793148243373,-7.159880065325918,25.15381000296275,0.0
16B10.jpg,Normal,16,B,10,193,190,137,76.0517410087489,-7.3050439605673585,27.223838433669066,1.2569651000667843
16B50.jpg,Normal,16,B,50,193,191,134,76.26602400916249,-8.213813104565926,29.090762999089435,2.038952615417267
16B100.jpg,Normal,16,B,100,195,192,125,76.54748157559663,-9.048510354040584,34.18595388878105,4.055556479274583
16B500.jpg,Normal,16,B,500,192,188,80,74.66923613341004,-12.501265531094596,53.87525124258441,10.371168937173428
16C0.jpg,Normal,16,C,0,195,192,150,76.98342770174591,-5.796406186979574,21.613018102043057,0.0
16C10.jpg,Normal,16,C,10,192,190,130,75.8515094226867,-8.592480008638436,30.626380114151242,4.355812967192539
16C50.jpg,Normal,16,C,50,194,191,93,75.77533341514481,-12.17632788054307,49.17472079531342,10.747160694514942
16C100.jpg,Normal,16,C,100,195,191,66,75.61197176423046,-13.674955996323456,60.89952122240668,13.843631545305932
16C500.jpg,Normal,16,C,500,35,25,111,16.503021758246177,32.48736950215702,-47.83206077134634,75.98877819703381
16D0.jpg,Normal,16,D,0,188,185,144,74.44723950344564,-5.660481471246371,21.253861679960217,0.0
16D10.jpg,Normal,16,D,10,192,188,127,75.26823695708684,-7.924139449445589,31.429952347528122,4.737261028215343
16D50.jpg,Normal,16,D,50,192,188,78,74.65080487837261,-12.644908225716623,54.74591188137321,12.420749753277175
16D100.jpg,Normal,16,D,100,194,188,45,74.58903797257682,-13.581952951570052,67.38724202157351,15.449928688511628
16D500.jpg,Normal,16,D,500,35,44,75,18.65542863017724,6.200694575541565,-20.44013969859534,63.61518688753979
17A0.jpg,Normal,17,A,0,208,77,43,50.56551504337267,50.09385193780869,46.138055068725635,0.0
17A10.jpg,Normal,17,A,10,204,82,43,50.74594295317806,46.406619545052926,46.09187945245908,1.6463388049913659
17A50.jpg,Normal,17,A,50,207,87,44,52.13843486803836,45.20435088190522,47.14514662027778,2.9991402613963043
17A100.jpg,Normal,17,A,100,204,87,41,51.63046081334139,43.982772904362314,47.91775957570202,3.5766531946668354
17A500.jpg,Normal,17,A,500,211,111,36,57.41396464070249,34.519521293679965,55.774516868621184,12.819741007960133
17B0.jpg,Normal,17,B,0,208,78,43,50.73069063499972,49.653809094544535,46.30085050060132,0.0
17B10.jpg,Normal,17,B,10,202,83,43,50.594956872982735,45.20598389283553,45.83267908696871,1.8754179323265276
17B50.jpg,Normal,17,B,50,208,92,43,53.2139700566952,43.14679978465591,48.72835961738714,4.577745109937436
17B100.jpg,Normal,17,B,100,207,94,39,53.40743193762597,41.65529080400998,50.68206033897846,5.940868190362269
17B500.jpg,Normal,17,B,500,208,152,30,66.49186535354386,11.078386741271817,65.30124538450383,30.17387406853659
17C0.jpg,Normal,17,C,0,206,80,42,50.72262497760451,48.01265372056251,46.6701022683331,0.0
17C10.jpg,Normal,17,C,10,204,96,39,53.334066113380786,39.49973282946567,50.447014174389494,5.9985633026536025
17C50.jpg,Normal,17,C,50,204,160,28,68.06898438557111,4.954366062143611,66.93823918551136,33.45344423773197
17C100.jpg,Normal,17,C,100,200,180,23,72.88266623705331,-7.494180620436941,71.73464338763526,42.19932413282095
17C500.jpg,Normal,17,C,500,203,184,22,74.21388681105077,-8.268837479742109,73.08532964053799,43.15562286422313
17D0.jpg,Normal,17,D,0,203,78,42,49.87754284578081,47.83918583024338,45.67072728141244,0.0
17D10.jpg,Normal,17,D,10,203,89,38,51.820234592691065,42.54255268807094,49.424511890382796,4.335813313918495
17D50.jpg,Normal,17,D,50,203,134,31,61.523610514763504,18.695034893153107,60.64529809183947,23.12694604079871
17D100.jpg,Normal,17,D,100,198,178,21,72.16355085366011,-7.372649059475878,71.46499298960164,42.427321187172815
17D500.jpg,Normal,17,D,500,202,181,21,73.32487035403312,-7.1729943180106615,72.52968218989359,42.82286517508789
18A0.jpg,Normal,18,A,0,220,142,96,66.06648987603745,24.981241992753812,36.567251675630615,0.0
18A10.jpg,Normal,18,A,10,222,146,100,67.28536151922069,23.970402635716425,36.01135409823022,1.1062842517146239
18A50.jpg,Normal,18,A,50,219,142,97,65.960441189353,24.655820300847786,35.87558000151121,0.28144775353802415
18A100.jpg,Normal,18,A,100,220,142,98,66.09529372649693,25.141873982420293,35.535659671784046,0.5700808145080805
18A500.jpg,Normal,18,A,500,222,148,102,67.77839735748158,23.063875328039106,35.56580252325712,1.6897652054500463
18B0.jpg,Normal,18,B,0,220,141,102,65.92603297742646,26.01016348460722,33.170272395734756,0.0
18B10.jpg,Normal,18,B,10,222,146,104,67.34483305031978,24.30605693549015,33.947303362963346,1.7438180821074691
18B50.jpg,Normal,18,B,50,219,140,102,65.57632949295149,26.144440992842632,32.69974004524059,0.4135897768432606
18B100.jpg,Normal,18,B,100,220,141,102,65.92603297742646,26.01016348460722,33.170272395734756,0.0
18B500.jpg,Normal,18,B,500,222,146,106,67.37561675392715,24.47941313270585,32.91056714019853,1.4485617039196341
18C0.jpg,Normal,18,C,0,216,136,92,64.14755868875785,26.26334145004783,36.21282995949906,0.0
18C10.jpg,Normal,18,C,10,221,140,95,65.7161649903331,26.378105666396312,36.69120163763304,1.3068226124467963
18C50.jpg,Normal,18,C,50,216,133,97,63.54125842421489,28.270395848876195,32.75127553597503,2.7083514110557605
18C100.jpg,Normal,18,C,100,218,132,101,63.63208405000056,29.935003582247987,30.729709766118397,4.50591864021413
18C500.jpg,Normal,18,C,500,221,138,103,65.38272573964404,28.09916125254658,31.95850969896179,3.1401468464608264
18D0.jpg,Normal,18,D,0,217,139,100,65.07398006386855,25.70636593607145,33.09365725489186,0.0
18D10.jpg,Normal,18,D,10,221,142,102,66.2755410365707,25.876369554410417,33.63968557318087,1.0073277087180634
18D50.jpg,Normal,18,D,50,216,138,99,64.70793989465578,25.75597222329279,33.14522774647448,0.3025907688175619
18D100.jpg,Normal,18,D,100,216,138,99,64.70793989465578,25.75597222329279,33.14522774647448,0.3025907688175619
18D500.jpg,Normal,18,D,500,220,144,100,66.58545485401208,24.233359867731508,35.08129645586362,2.1039417112406262
19A0.jpg,Normal,19,A,0,16,76,159,33.52239071455047,14.887527933141131,-50.058014764584456,0.0
19A10.jpg,Normal,19,A,10,43,93,162,39.4953548158778,7.587692304605042,-42.20858580586716,5.586361226336957
19A50.jpg,Normal,19,A,50,44,93,164,39.652967851162494,8.493311905084067,-43.144305569488296,5.581506615998917
19A100.jpg,Normal,19,A,100,37,90,162,38.398215608622394,8.727052332942103,-43.97515462282321,4.608657413785039
19A500.jpg,Normal,19,A,500,33,91,164,38.69809765039205,8.381865264595223,-44.693042125725604,5.021033934375432
19B0.jpg,Normal,19,B,0,17,75,159,33.249961459783265,15.633237721163207,-50.49838609399369,0.0
19B10.jpg,Normal,19,B,10,43,92,161,39.13860742100307,7.854044362202661,-42.18269772598586,5.581362337365123
19B50.jpg,Normal,19,B,50,48,96,166,40.809311186428,7.9127681419391696,-42.47537184369398,6.914447835155491
19B100.jpg,Normal,19,B,100,38,88,159,37.650411721926176,8.998057879295306,-43.37882369516082,4.277074281717035
19B500.jpg,Normal,19,B,500,34,91,165,38.79013705056602,8.887442120317528,-45.13884414216904,5.3482092972286015
19C0.jpg,Normal,19,C,0,6,67,154,30.363499329411113,18.477240885610396,-52.168333266981925,0.0
19C10.jpg,Normal,19,C,10,36,88,158,37.52070969809161,8.349543226461615,-42.99152951311649,6.897192853235295
19C50.jpg,Normal,19,C,50,35,88,161,37.67789733944191,9.400483193307718,-44.53626601516846,6.8811388787525285
19C100.jpg,Normal,19,C,100,38,88,161,37.77660397911258,9.775500974300327,-44.37257012173039,6.828128227078797
19C500.jpg,Normal,19,C,500,27,85,159,36.42691395831361,9.715598197865576,-45.35992819696604,6.008834300191923
19D0.jpg,Normal,19,D,0,16,74,156,32.715506275792826,15.014070610182062,-49.55433076005134,0.0
19D10.jpg,Normal,19,D,10,46,94,164,40.02356124158676,8.142926117752497,-42.54783826054237,6.571053048963654
19D50.jpg,Normal,19,D,50,48,94,165,40.16215647830121,8.825523600884704,-42.91567429476294,6.585388698368545
19D100.jpg,Normal,19,D,100,48,94,164,40.102278539437776,8.450752398751483,-42.41758728926863,6.573075242062182
19D500.jpg,Normal,19,D,500,35,92,162,38.93090913518268,7.178352609273187,-43.12600075348227,6.029144793365794
20A0.jpg,Normal,20,A,0,190,188,173,76.0269315454574,-1.9549480593948343,7.840998869496274,0.0
20A10.jpg,Normal,20,A,10,192,191,173,76.97220864903377,-2.8180050343024066,9.213454677202604,1.5317875681646531
20A50.jpg,Normal,20,A,50,193,192,173,77.31326097780821,-2.9829752164345913,9.71048869236466,1.9609874227948154
20A100.jpg,Normal,20,A,100,192,191,170,76.90305479258502,-3.3160999530758573,10.73375564996999,2.539133906449831
20A500.jpg,Normal,20,A,500,196,192,154,77.14246872010413,-4.839771569884799,19.709868394250975,7.624597261652106
20B0.jpg,Normal,20,B,0,191,189,174,76.3921509178491,-1.9536694774454078,7.833157573545257,0.0
20B10.jpg,Normal,20,B,10,193,190,173,76.78908090197757,-1.9268332355100726,8.962692440033937,0.8839395370382116
20B50.jpg,Normal,20,B,50,191,190,170,76.56131483528864,-3.1530998537928068,10.237023870573815,2.114879389923169
20B100.jpg,Normal,20,B,100,190,188,167,75.88725247237925,-2.9562893167007775,10.88934615858317,2.373565516531227
20B500.jpg,Normal,20,B,500,193,190,139,76.08728722385564,-7.040285158075643,26.21369410010226,10.83013562177895
20C0.jpg,Normal,20,C,0,190,188,173,76.0269315454574,-1.9549480593948343,7.840998869496274,0.0
20C10.jpg,Normal,20,C,10,191,189,168,76.25251950066917,-2.954577936880254,10.878421972740892,2.338410070800453
20C50.jpg,Normal,20,C,50,192,189,148,75.9097460583108,-5.656463017800705,21.168975281300817,8.445664103253842
20C100.jpg,Normal,20,C,100,190,187,126,74.82188715889147,-8.317733086835643,31.337439666563437,12.919367523299103
20C500.jpg,Normal,20,C,500,193,191,82,75.5815983061351,-13.465715139685475,54.01543086847098,19.57010866560902
20D0.jpg,Normal,20,D,0,192,190,177,76.80484740181022,-1.6113765898139176,6.812557749974757,0.0
20D10.jpg,Normal,20,D,10,192,191,170,76.90305479258502,-3.3160999530758573,10.73375564996999,3.3010727897082317
20D50.jpg,Normal,20,D,50,192,189,148,75.9097460583108,-5.656463017800705,21.168975281300817,9.284042204356146
20D100.jpg,Normal,20,D,100,190,188,127,75.10592007865868,-8.714493756883046,31.18652685332335,13.73188183597255
20D500.jpg,Normal,20,D,500,192,179,87,72.31959289513341,-7.310227241174639,47.96197817333976,18.795203459978868
21A0.jpg,Normal,21,A,0,47,0,158,20.33037236761428,56.33973612268431,-71.08344057434243,0.0
21A10.jpg,Normal,21,A,10,48,0,161,20.830360235690023,57.12172100487603,-72.08358952731186,0.4281407357852578
21A50.jpg,Normal,21,A,50,48,1,159,20.644279209237084,56.36905988404206,-71.17056471154335,0.21984951929503033
21A100.jpg,Normal,21,A,100,48,1,159,20.644279209237084,56.36905988404206,-71.17056471154335,0.21984951929503033
21A500.jpg,Normal,21,A,500,48,0,161,20.830360235690023,57.12172100487603,-72.08358952731186,0.4281407357852578
21B0.jpg,Normal,21,B,0,48,1,157,20.375529181981754,55.87188425928644,-70.39242824607396,0.0
21B10.jpg,Normal,21,B,10,49,1,162,21.14116327114673,57.15691305759349,-72.17378333517233,0.6939459658429569
21B50.jpg,Normal,21,B,50,48,1,159,20.644279209237084,56.36905988404206,-71.17056471154335,0.2711340505537032
21B100.jpg,Normal,21,B,100,47,1,158,20.41574004150022,56.0766557355416,-70.94120982867585,0.16080588901030488
21B500.jpg,Normal,21,B,500,51,1,159,20.934341151606567,56.506416854454315,-70.67976466208043,0.43349985114009826
21C0.jpg,Normal,21,C,0,47,1,159,20.550859153209174,56.32567242346131,-71.32866726127699,0.0
21C10.jpg,Normal,21,C,10,48,1,162,21.04815433534661,57.1138092382667,-72.33119163465362,0.42736034477461304
21C50.jpg,Normal,21,C,50,48,0,161,20.830360235690023,57.12172100487603,-72.08358952731186,0.2893124198343091
21C100.jpg,Normal,21,C,100,45,0,157,20.00922467495152,56.01026542061746,-71.01012451021144,0.3858603183658168
21C500.jpg,Normal,21,C,500,46,1,157,20.18757630699215,55.7843153306099,-70.7105091190181,0.2984858633817239
21D0.jpg,Normal,21,D,0,46,1,154,19.78100807662186,55.03448807924832,-69.54368917845291,0.0
21D10.jpg,Normal,21,D,10,47,0,160,20.601962387741445,56.83382459275349,-71.8554088325669,0.8138167238869509
21D50.jpg,Normal,21,D,50,48,1,158,20.50985196796364,56.12053844192985,-70.78194198786274,0.5992446288852643
21D100.jpg,Normal,21,D,100,48,1,159,20.644279209237084,56.36905988404206,-71.17056471154335,0.7282694777577597
21D500.jpg,Normal,21,D,500,61,1,166,22.8827001875299,58.7313716685676,-71.67657565092638,2.4080520366093627
22A0.jpg,Normal,22,A,0,189,189,189,76.61119593527346,-0.0019599545806325835,0.003715162916106962,0.0
22A10.jpg,Normal,22,A,10,196,196,196,79.15698471315477,-0.002013831763958418,0.0038172890139742677,1.8017115550615324
22A50.jpg,Normal,22,A,50,193,193,195,78.12083669336252,0.3684504576234593,-0.9991688490882611,1.5505185934382164
22A100.jpg,Normal,22,A,100,194,195,197,78.7701637906253,0.023581283859985813,-1.1188398857504556,1.8828407192700793
22A500.jpg,Normal,22,A,500,194,196,195,78.97743195889738,-0.8772026756165285,0.2618400895763484,2.1204805872660217
22B0.jpg,Normal,22,B,0,188,188,188,76.24609054741438,-0.0019522277613370775,0.003700516458038372,0.0
22B10.jpg,Normal,22,B,10,195,195,195,78.79435215537133,-0.002006157277745224,0.003802741755198902,1.8105413227577865
22B50.jpg,Normal,22,B,50,192,192,194,77.75720940788891,0.3688255050754985,-1.0001524592587074,1.5549608466499354
22B100.jpg,Normal,22,B,100,193,193,195,78.12083669336252,0.3684504576234593,-0.9991688490882611,1.7426899758604217
22B500.jpg,Normal,22,B,500,195,195,195,78.79435215537133,-0.002006157277745224,0.003802741755198902,1.8105413227577865
22C0.jpg,Normal,22,C,0,183,183,181,74.36245147366743,-0.37242268568504766,1.0176721799767696,0.0
22C10.jpg,Normal,22,C,10,193,193,193,78.06804360790544,-0.0019907862229273654,0.003773605379708833,2.898375630831328
22C50.jpg,Normal,22,C,50,191,191,193,77.39322922225615,0.36920275520840873,-1.0011417279666146,3.157722910853225
22C100.jpg,Normal,22,C,100,192,192,194,77.75720940788891,0.3688255050754985,-1.0001524592587074,3.3415204132482073
22C500.jpg,Normal,22,C,500,193,193,193,78.06804360790544,-0.0019907862229273654,0.003773605379708833,2.898375630831328
22D0.jpg,Normal,22,D,0,180,179,177,72.96945659135905,-0.02019092587385307,1.1460001494635108,0.0
22D10.jpg,Normal,22,D,10,192,192,192,77.7043635899527,-0.0019830895691130834,0.0037590161013234535,3.6209453970050753
22D50.jpg,Normal,22,D,50,189,189,191,76.66420186876802,0.3699639607019911,-1.0031374845381746,3.4785717170375445
22D100.jpg,Normal,22,D,100,191,191,193,77.39322922225615,0.36920275520840873,-1.0011417279666146,3.895728487125782
22D500.jpg,Normal,22,D,500,192,192,192,77.7043635899527,-0.0019830895691130834,0.0037590161013234535,3.6209453970050753
23A0.jpg,Normal,23,A,0,195,196,198,79.13281655389963,0.02353187784104316,-1.1177583098429755,0.0
23A10.jpg,Normal,23,A,10,197,198,200,79.85708826585085,0.02343409150401543,-1.1156133039390337,0.5038717397377711
23A50.jpg,Normal,23,A,50,194,195,197,78.7701637906253,0.023581283859985813,-1.1188398857504556,0.2537505486615246
23A100.jpg,Normal,23,A,100,195,196,198,79.13281655389963,0.02353187784104316,-1.1177583098429755,0.0
23A500.jpg,Normal,23,A,500,200,201,203,80.94094043436183,0.023289909171220202,-1.1124402320881632,1.2507524151724518
23B0.jpg,Normal,23,B,0,196,197,199,79.49512405807235,0.02348281524067186,-1.1166828035007903,0.0
23B10.jpg,Normal,23,B,10,197,198,200,79.85708826585085,0.02343409150401543,-1.1156133039390337,0.25133617015003185
23B50.jpg,Normal,23,B,50,196,197,199,79.49512405807235,0.02348281524067186,-1.1166828035007903,0.0
23B100.jpg,Normal,23,B,100,195,196,198,79.13281655389963,0.02353187784104316,-1.1177583098429755,0.25253746855106174
23B500.jpg,Normal,23,B,500,198,199,201,80.21871111958512,0.023385702160039212,-1.1145497493135093,0.5014807753590593
23C0.jpg,Normal,23,C,0,195,196,198,79.13281655389963,0.02353187784104316,-1.1177583098429755,0.0
23C10.jpg,Normal,23,C,10,195,196,198,79.13281655389963,0.02353187784104316,-1.1177583098429755,0.0
23C50.jpg,Normal,23,C,50,195,196,198,79.13281655389963,0.02353187784104316,-1.1177583098429755,0.0
23C100.jpg,Normal,23,C,100,195,196,198,79.13281655389963,0.02353187784104316,-1.1177583098429755,0.0
23C500.jpg,Normal,23,C,500,199,199,199,80.24281925177407,-0.0020368115598023984,0.003860848026127073,1.3389167312949903
23D0.jpg,Normal,23,D,0,193,194,196,78.40716378487276,0.023631037938065536,-1.119927594967951,0.0
23D10.jpg,Normal,23,D,10,194,195,197,78.7701637906253,0.023581283859985813,-1.1188398857504556,0.2549755934342523
23D50.jpg,Normal,23,D,50,194,195,197,78.7701637906253,0.023581283859985813,-1.1188398857504556,0.2549755934342523
23D100.jpg,Normal,23,D,100,193,194,196,78.40716378487276,0.023631037938065536,-1.119927594967951,0.0
23D500.jpg,Normal,23,D,500,197,199,198,80.06376418707076,-0.8747475927199932,0.26113403049952133,2.2063351504195143
24A0.jpg,Normal,24,A,0,193,194,196,78.40716378487276,0.023631037938065536,-1.119927594967951,0.0
24A10.jpg,Normal,24,A,10,195,197,196,79.33988617488502,-0.876379630222357,0.2616032945472302,1.9915549865414894
24A50.jpg,Normal,24,A,50,196,197,199,79.49512405807235,0.02348281524067186,-1.1166828035007903,0.761255831696994
24A100.jpg,Normal,24,A,100,198,199,201,80.21871111958512,0.023385702160039212,-1.1145497493135093,1.2627079704736137
24A500.jpg,Normal,24,A,500,198,199,201,80.21871111958512,0.023385702160039212,-1.1145497493135093,1.2627079704736137
24B0.jpg,Normal,24,B,0,191,192,194,77.68011400716546,0.023731609273935916,-1.1221216732259398,0.0
24B10.jpg,Normal,24,B,10,194,195,197,78.7701637906253,0.023581283859985813,-1.1188398857504556,0.7686426801033724
24B50.jpg,Normal,24,B,50,193,194,196,78.40716378487276,0.023631037938065536,-1.119927594967951,0.5136730953963474
24B100.jpg,Normal,24,B,100,194,195,197,78.7701637906253,0.023581283859985813,-1.1188398857504556,0.7686426801033724
24B500.jpg,Normal,24,B,500,193,194,196,78.40716378487276,0.023631037938065536,-1.119927594967951,0.5136730953963474
24C0.jpg,Normal,24,C,0,194,195,197,78.7701637906253,0.023581283859985813,-1.1188398857504556,0.0
24C10.jpg,Normal,24,C,10,195,196,198,79.13281655389963,0.02353187784104316,-1.1177583098429755,0.2537505486615246
24C50.jpg,Normal,24,C,50,195,196,198,79.13281655389963,0.02353187784104316,-1.1177583098429755,0.2537505486615246
24C100.jpg,Normal,24,C,100,197,198,200,79.85708826585085,0.02343409150401543,-1.1156133039390337,0.7576165310679008
24C500.jpg,Normal,24,C,500,198,199,199,80.16614429871127,-0.34647067453258407,-0.11730718400055906,1.4812578080992573
24D0.jpg,Normal,24,D,0,189,190,192,76.95165092812964,0.02383363076507994,-1.124341074514268,0.0
24D10.jpg,Normal,24,D,10,192,193,195,78.0438145322781,0.02368114480333361,-1.121021502218933,0.7761776678369371
24D50.jpg,Normal,24,D,50,187,188,190,76.22175790336516,0.023937142836161218,-1.126586345374303,0.5238727476978184
24D100.jpg,Normal,24,D,100,181,187,187,75.42146492315555,-2.0825146527769234,-0.7221683299124981,3.174194726091092
24D500.jpg,Normal,24,D,500,131,155,130,61.54993776143405,-13.440683346513937,10.335056269282482,19.733158059689085
25A0.jpg,Normal,25,A,0,197,198,200,79.85708826585085,0.02343409150401543,-1.1156133039390337,0.0
25A10.jpg,Normal,25,A,10,197,198,200,79.85708826585085,0.02343409150401543,-1.1156133039390337,0.0
25A50.jpg,Normal,25,A,50,196,197,199,79.49512405807235,0.02348281524067186,-1.1166828035007903,0.25133617015003185
25A100.jpg,Normal,25,A,100,197,198,200,79.85708826585085,0.02343409150401543,-1.1156133039390337,0.0
25A500.jpg,Normal,25,A,500,201,201,201,80.9650090312265,-0.0020520954479019693,0.0038898191743630406,1.3331016249945538
25B0.jpg,Normal,25,B,0,196,197,199,79.49512405807235,0.02348281524067186,-1.1166828035007903,0.0
25B10.jpg,Normal,25,B,10,195,196,198,79.13281655389963,0.02353187784104316,-1.1177583098429755,0.25253746855106174
25B50.jpg,Normal,25,B,50,195,196,198,79.13281655389963,0.02353187784104316,-1.1177583098429755,0.25253746855106174
25B100.jpg,Normal,25,B,100,194,195,197,78.7701637906253,0.023581283859985813,-1.1188398857504556,0.5062860879542899
25B500.jpg,Normal,25,B,500,197,197,197,79.51927211064134,-0.002021498945348199,0.003831822426358933,1.0939702289016704
25C0.jpg,Normal,25,C,0,195,196,198,79.13281655389963,0.02353187784104316,-1.1177583098429755,0.0
25C10.jpg,Normal,25,C,10,194,195,197,78.7701637906253,0.023581283859985813,-1.1188398857504556,0.2537505486615246
25C50.jpg,Normal,25,C,50,194,195,197,78.7701637906253,0.023581283859985813,-1.1188398857504556,0.2537505486615246
25C100.jpg,Normal,25,C,100,192,193,195,78.0438145322781,0.02368114480333361,-1.121021502218933,0.7649310275204478
25C500.jpg,Normal,25,C,500,196,196,196,79.15698471315477,-0.002013831763958418,0.0038172890139742677,1.094981383473999
25D0.jpg,Normal,25,D,0,194,195,197,78.7701637906253,0.023581283859985813,-1.1188398857504556,0.0
25D10.jpg,Normal,25,D,10,192,193,195,78.0438145322781,0.02368114480333361,-1.121021502218933,0.5111863913836239
25D50.jpg,Normal,25,D,50,193,194,196,78.40716378487276,0.023631037938065536,-1.119927594967951,0.2549755934342523
25D100.jpg,Normal,25,D,100,192,193,195,78.0438145322781,0.02368114480333361,-1.121021502218933,0.5111863913836239
25D500.jpg,Normal,25,D,500,195,195,195,78.79435215537133,-0.002006157277745224,0.003802741755198902,1.0959982784813527
26A0.jpg,Normal,26,A,0,198,194,147,77.69568664501902,-6.11307892814933,24.21911937333361,0.0
26A10.jpg,Normal,26,A,10,199,194,152,77.87122571077538,-5.034419989715488,21.817436631889574,1.3585263516907093
26A50.jpg,Normal,26,A,50,194,189,147,76.05207177982747,-5.034359906893215,21.924416259112455,1.7622193838877944
26A100.jpg,Normal,26,A,100,197,194,151,77.69108225806414,-5.936625157956843,22.07646372094214,1.0620039544743645
26A500.jpg,Normal,26,A,500,194,190,148,76.3356232791561,-5.416668758544352,21.778820641878326,1.5751419991093938
26B0.jpg,Normal,26,B,0,198,193,151,77.50809064797893,-5.034466038271901,21.838596930021346,0.0
26B10.jpg,Normal,26,B,10,197,193,151,77.42739446938114,-5.415139788816248,21.71499586957719,0.37970509603910674
26B50.jpg,Normal,26,B,50,196,193,150,77.32777724898055,-5.937622517863062,22.09784766882972,0.8158404147980218
26B100.jpg,Normal,26,B,100,195,192,149,76.96412537956797,-5.938597063031459,22.11934900648014,0.8938324990492884
26B500.jpg,Normal,26,B,500,193,190,149,76.27447915543318,-5.6554033539884525,21.14805131209616,1.1634254254869405
26C0.jpg,Normal,26,C,0,193,189,142,75.87646637633756,-6.11328556897428,24.336814776807003,0.0
26C10.jpg,Normal,26,C,10,194,190,143,76.2410084868548,-6.113315655105811,24.313022721639975,0.2634251996617395
26C50.jpg,Normal,26,C,50,192,189,146,75.87106893770785,-5.941378147165222,22.184568119679504,1.0646155546906497
26C100.jpg,Normal,26,C,100,195,192,145,76.88848532793213,-6.497384683181728,24.14302075114565,0.8140697821357537
26C500.jpg,Normal,26,C,500,194,190,142,76.22255966246944,-6.249616594819596,24.819252891665155,0.3436110898426568
26D0.jpg,Normal,26,D,0,195,190,148,76.41660222387611,-5.0344312487550225,21.902782525805907,0.0
26D10.jpg,Normal,26,D,10,194,191,148,76.60012469265534,-5.939548234072722,22.140968804310866,0.8182060410836888
26D50.jpg,Normal,26,D,50,194,191,150,76.63885892252313,-5.654322755724528,21.127244169442537,0.8037348146154862
26D100.jpg,Normal,26,D,100,194,190,147,76.31638349169523,-5.558010711479044,22.28601280380356,0.4792376211168716
26D500.jpg,Normal,26,D,500,192,187,145,75.32194742232278,-5.034123666644408,21.968048197003974,0.79260023525361
27A0.jpg,Normal,27,A,0,189,189,191,76.66420186876802,0.3699639607019911,-1.0031374845381746,0.0
27A10.jpg,Normal,27,A,10,185,187,184,75.64724714648736,-1.2554227573434718,1.2745603533156347,3.285340453898983
27A50.jpg,Normal,27,A,50,185,187,185,75.6733021741335,-1.070584929999785,0.7691641010111994,2.7928856528099706
27A100.jpg,Normal,27,A,100,184,186,185,75.33351875106442,-0.8857029158726437,0.26429120147462015,2.4051626326336444
27A500.jpg,Normal,27,A,500,190,190,188,76.92365218627612,-0.36996237329051107,1.0107000783852849,2.2748939254273317
27B0.jpg,Normal,27,B,0,183,185,184,74.96714432689973,-0.8865811019613257,0.26454500473436227,0.0
27B10.jpg,Normal,27,B,10,182,182,180,73.99509161051425,-0.3727826444002713,1.0186928008137253,1.2696374953944065
27B50.jpg,Normal,27,B,50,185,185,185,75.14859596285152,-0.0019290012008843505,0.0036564896949364822,1.318911772717225
27B100.jpg,Normal,27,B,100,184,185,183,75.0182538909393,-0.7225361594103696,0.8928478300322062,0.6576114573948753
27B500.jpg,Normal,27,B,500,189,189,187,76.55885651148412,-0.37030763995499205,1.0116781083385762,1.5576995682859622
27C0.jpg,Normal,27,C,0,183,183,184,74.44167681659809,0.18473340705438268,-0.5029669786124735,0.0
27C10.jpg,Normal,27,C,10,183,183,181,74.36245147366743,-0.37242268568504766,1.0176721799767696,1.7124897105542414
27C50.jpg,Normal,27,C,50,184,184,182,74.72943836586968,-0.372064894261781,1.0166578477760257,1.7233800537297985
27C100.jpg,Normal,27,C,100,183,183,181,74.36245147366743,-0.37242268568504766,1.0176721799767696,1.7124897105542414
27C500.jpg,Normal,27,C,500,189,186,171,75.3749233208304,-1.5945474514603153,7.9812321317142665,7.683844279189685
27D0.jpg,Normal,27,D,0,182,182,182,74.04778763454689,-0.0019057045108628046,0.003612329998747832,0.0
27D10.jpg,Normal,27,D,10,182,184,181,74.54797180467718,-1.2591688112238986,1.2783817675849019,2.1960914520108483
27D50.jpg,Normal,27,D,50,181,181,180,73.65364318285829,-0.18799255929519143,0.5115162505038517,0.642021151163696
27D100.jpg,Normal,27,D,100,181,181,179,73.62735649058082,-0.3731447941860977,1.0197197813442083,1.171104024091495
27D500.jpg,Normal,27,D,500,190,190,182,76.77075281207136,-1.452317980471629,4.037747948840309,4.601758000249788
28A0.jpg,Normal,28,A,0,193,193,193,78.06804360790544,-0.0019907862229273654,0.003773605379708833,0.0
28A10.jpg,Normal,28,A,10,194,194,194,78.4313724547831,-0.0019984754449087205,0.0037881805705852756,0.2561298861194801
28A50.jpg,Normal,28,A,50,192,193,195,78.0438145322781,0.02368114480333361,-1.121021502218933,1.0980495316356378
28A100.jpg,Normal,28,A,100,192,193,195,78.0438145322781,0.02368114480333361,-1.121021502218933,1.0980495316356378
28A500.jpg,Normal,28,A,500,196,197,196,79.41635822842575,-0.5311142584883966,0.3823999240812448,1.2795701051021415
28B0.jpg,Normal,28,B,0,192,192,192,77.7043635899527,-0.0019830895691130834,0.0037590161013234535,0.0
28B10.jpg,Normal,28,B,10,193,193,193,78.06804360790544,-0.0019907862229273654,0.003773605379708833,0.2573786239932668
28B50.jpg,Normal,28,B,50,192,193,195,78.0438145322781,0.02368114480333361,-1.121021502218933,1.1238828137353716
28B100.jpg,Normal,28,B,100,192,192,194,77.75720940788891,0.3688255050754985,-1.0001524592587074,1.1197028187230744
28B500.jpg,Normal,28,B,500,194,194,194,78.4313724547831,-0.0019984754449087205,0.0037881805705852756,0.5135064875467255
28C0.jpg,Normal,28,C,0,191,191,191,77.34033035450727,-0.0019753854401116655,0.003744412653428064,0.0
28C10.jpg,Normal,28,C,10,193,193,193,78.06804360790544,-0.0019907862229273654,0.003773605379708833,0.5160164569132353
28C50.jpg,Normal,28,C,50,191,192,194,77.68011400716546,0.023731609273935916,-1.1221216732259398,1.1251448245303566
28C100.jpg,Normal,28,C,100,192,192,194,77.75720940788891,0.3688255050754985,-1.0001524592587074,1.1575688937697957
28C500.jpg,Normal,28,C,500,194,194,194,78.4313724547831,-0.0019984754449087205,0.0037881805705852756,0.7721402421324771
28D0.jpg,Normal,28,D,0,191,191,191,77.34033035450727,-0.0019753854401116655,0.003744412653428064,0.0
28D10.jpg,Normal,28,D,10,189,191,190,77.15992929380502,-0.8813901673304647,0.2630463282562667,1.31100944603415
28D50.jpg,Normal,28,D,50,188,189,191,76.58688421328068,0.02388519789064958,-1.1254604414201008,1.2266645737847035
28D100.jpg,Normal,28,D,100,190,190,192,77.02889407159236,0.3695822322212772,-1.0021367158601802,1.14301191489215
28D500.jpg,Normal,28,D,500,193,193,193,78.06804360790544,-0.0019907862229273654,0.003773605379708833,0.5160164569132353
29A0.jpg,Normal,29,A,0,225,153,45,68.7392892656893,18.341261880627403,63.23087039842776,0.0
29A10.jpg,Normal,29,A,10,228,154,42,69.31004204724705,18.990975945952172,64.91404655262978,0.640749160881378
29A50.jpg,Normal,29,A,50,227,154,43,69.19844586693084,18.595618059148666,64.43034110533843,0.4758206559809975
29A100.jpg,Normal,29,A,100,227,154,46,69.21480617361397,18.693094080516058,63.38990931539379,0.4210831485131936
29A500.jpg,Normal,29,A,500,228,156,39,69.76870354093063,17.836449933142816,66.29400673934094,1.3483053668000775
29B0.jpg,Normal,29,B,0,224,151,49,68.1723303819084,19.124941267155528,61.18942814076043,0.0
29B10.jpg,Normal,29,B,10,226,154,46,69.0984317637008,18.26695637070408,63.241051348192336,1.238992595845828
29B50.jpg,Normal,29,B,50,226,151,49,68.40781801234891,19.974927608876982,61.493938859180716,0.515025472681034
29B100.jpg,Normal,29,B,100,226,151,49,68.40781801234891,19.974927608876982,61.493938859180716,0.515025472681034
29B500.jpg,Normal,29,B,500,227,153,45,68.97300758527109,19.193669612647568,63.52910293291912,0.9394888919046648
29C0.jpg,Normal,29,C,0,222,147,41,66.94642140070495,20.14452531578098,62.90221455340016,0.0
29C10.jpg,Normal,29,C,10,223,149,37,67.51673192305829,19.383449186994696,64.77348889053937,1.0071972929936028
29C50.jpg,Normal,29,C,50,223,148,42,67.30623064324271,20.066529437360092,62.918303802099274,0.29253025288842427
29C100.jpg,Normal,29,C,100,224,148,42,67.42554324180988,20.492492623142343,63.06958355368511,0.4277123471861889
29C500.jpg,Normal,29,C,500,226,151,46,68.38993434444436,19.86976506248739,62.596269478509114,1.157316330441846
29D0.jpg,Normal,29,D,0,221,149,46,67.3281266292858,18.809794217546305,61.40774734028373,0.0
29D10.jpg,Normal,29,D,10,225,151,48,68.28378062429245,19.51418563220497,61.714298845219005,0.8550944203923694
29D50.jpg,Normal,29,D,50,223,149,46,67.56419012746031,19.663021616927733,61.71093585303279,0.5191532420869869
29D100.jpg,Normal,29,D,100,223,148,46,67.3287735117451,20.198526282153352,61.495052796249695,0.8399987535417633
29D500.jpg,Normal,29,D,500,224,148,34,67.38691171508006,20.26675716030685,65.6415096203998,1.1262369176140543
B1A0.jpg,UV,1,A,0,10,1,182,21.807301313868223,61.29712693583364,-83.1914699306624,0.0
B1A10.jpg,UV,1,A,10,9,0,180,21.401697960890573,61.03514922230463,-82.67396913672815,0.3106407587717551
B1A50.jpg,UV,1,A,50,7,0,172,20.133642033173075,59.00420301523088,-79.9849885306091,1.3716602792453
B1A100.jpg,UV,1,A,100,7,0,177,20.897192260713886,60.26598746107234,-81.71954115960082,0.7171852178816818
B1A500.jpg,UV,1,A,500,7,0,171,19.98049997703474,58.75105600160973,-79.63686779713728,1.5034308981258135
B1B0.jpg,UV,1,B,0,9,0,181,21.553171878883248,61.28583449238212,-83.01918733165053,0.0
B1B10.jpg,UV,1,B,10,8,0,184,21.983526894698564,62.029041507987884,-84.09198345197844,0.3838657015581742
B1B50.jpg,UV,1,B,50,7,0,177,20.897192260713886,60.26598746107234,-81.71954115960082,0.5437305633580233
B1B100.jpg,UV,1,B,100,7,0,180,21.353618005477507,61.01995404433313,-82.75553826582876,0.1550147728486346
B1B500.jpg,UV,1,B,500,6,0,172,20.107899916717386,58.996094946148965,-80.02866156015688,1.2115569092969727
B1C0.jpg,UV,1,C,0,9,0,181,21.553171878883248,61.28583449238212,-83.01918733165053,0.0
B1C10.jpg,UV,1,C,10,8,0,184,21.983526894698564,62.029041507987884,-84.09198345197844,0.3838657015581742
B1C50.jpg,UV,1,C,50,6,0,178,21.024990970482726,60.5098705615473,-82.10680120965814,0.42481199802901753
B1C100.jpg,UV,1,C,100,7,0,181,21.50547975056029,61.27076805095985,-83.1000986650729,0.048348015297278654
B1C500.jpg,UV,1,C,500,7,0,171,19.98049997703474,58.75105600160973,-79.63686779713728,1.3337510132788866
B1D0.jpg,UV,1,D,0,9,0,176,20.794451293501062,60.02988077468394,-81.2891389651427,0.0
B1D10.jpg,UV,1,D,10,9,0,183,21.85571826337661,61.786456982546866,-83.70845686529603,0.9171574531552705
B1D50.jpg,UV,1,D,50,7,0,176,20.744768022282777,60.01415204337254,-81.37342745068182,0.05046758184121488
B1D100.jpg,UV,1,D,100,7,0,180,21.353618005477507,61.01995404433313,-82.75553826582876,0.5099224503537139
B1D500.jpg,UV,1,D,500,8,0,170,19.853358974633856,58.50592300943125,-79.24397846439153,0.8010645281357394
B2A0.jpg,UV,2,A,0,18,23,68,10.248192397470135,14.97308690352915,-29.15103254952615,0.0
B2A10.jpg,UV,2,A,10,19,23,69,10.414506684893787,15.574985663178499,-29.57841104712059,0.32025481028565317
B2A50.jpg,UV,2,A,50,18,22,67,9.856680221847139,15.318027464087253,-29.085059431218607,0.36525568223416993
B2A100.jpg,UV,2,A,100,19,23,67,10.23118849200139,14.747905738662817,-28.47269657404739,0.3360718847027511
B2A500.jpg,UV,2,A,500,19,23,67,10.23118849200139,14.747905738662817,-28.47269657404739,0.3360718847027511
B2B0.jpg,UV,2,B,0,19,24,69,10.712934050096408,14.816068100308666,-29.093145295154432,0.0
B2B10.jpg,UV,2,B,10,19,26,72,11.586086736137286,14.545901574566992,-29.766466595623083,0.7937043528429083
B2B50.jpg,UV,2,B,50,19,24,69,10.712934050096408,14.816068100308666,-29.093145295154432,0.0
B2B100.jpg,UV,2,B,100,20,24,71,10.969517976752776,15.831248396592528,-30.069622457281874,0.5439216359052234
B2B500.jpg,UV,2,B,500,19,26,74,11.766237469326501,15.381907428653099,-30.860408984985394,1.0909324970805179
B2C0.jpg,UV,2,C,0,19,24,68,10.62286917749178,14.40046555744716,-28.538825146200104,0.0
B2C10.jpg,UV,2,C,10,20,24,71,10.969517976752776,15.831248396592528,-30.069622457281874,0.794853152360216
B2C50.jpg,UV,2,C,50,18,24,68,10.55034922262249,14.20894006910267,-28.659900786619207,0.2017551330381782
B2C100.jpg,UV,2,C,100,19,24,69,10.712934050096408,14.816068100308666,-29.093145295154432,0.26214535877362466
B2C500.jpg,UV,2,C,500,19,26,72,11.586086736137286,14.545901574566992,-29.766466595623083,0.9277573655584704
B2D0.jpg,UV,2,D,0,17,22,65,9.597156524986143,14.293377059574869,-28.099529892748144,0.0
B2D10.jpg,UV,2,D,10,20,24,71,10.969517976752776,15.831248396592528,-30.069622457281874,1.2583755943835642
B2D50.jpg,UV,2,D,50,19,23,68,10.322384540311589,15.161624484555562,-29.027077000778185,0.6560598644889926
B2D100.jpg,UV,2,D,100,18,25,72,11.216203678137134,15.126527078659926,-30.370802440026985,1.4929766294071436
B2D500.jpg,UV,2,D,500,20,28,76,12.613222144662672,14.882867518280648,-30.861125648509596,2.4023830588927146
B3A0.jpg,UV,3,A,0,9,5,9,1.6832497945486544,1.6020854835417375,-1.1449751260438124,0.0
B3A10.jpg,UV,3,A,10,10,4,8,1.525693801670613,2.1251015110252682,-0.9607310798084079,0.7311538942719258
B3A50.jpg,UV,3,A,50,9,5,9,1.6832497945486544,1.6020854835417375,-1.1449751260438124,0.0
B3A100.jpg,UV,3,A,100,10,4,8,1.525693801670613,2.1251015110252682,-0.9607310798084079,0.7311538942719258
B3A500.jpg,UV,3,A,500,11,5,9,1.8013539800582485,2.131751480614272,-0.9583488538137841,0.7376943595246548
B3B0.jpg,UV,3,B,0,7,2,6,0.9190380580501447,1.863637015101907,-1.052935590968862,0.0
B3B10.jpg,UV,3,B,10,7,2,6,0.9190380580501447,1.863637015101907,-1.052935590968862,0.0
B3B50.jpg,UV,3,B,50,7,2,6,0.9190380580501447,1.863637015101907,-1.052935590968862,0.0
B3B100.jpg,UV,3,B,100,11,5,9,1.8013539800582485,2.131751480614272,-0.9583488538137841,0.6302330541748111
B3B500.jpg,UV,3,B,500,11,5,9,1.8013539800582485,2.131751480614272,-0.9583488538137841,0.6302330541748111
B3C0.jpg,UV,3,C,0,11,5,9,1.8013539800582485,2.131751480614272,-0.9583488538137841,0.0
B3C10.jpg,UV,3,C,10,11,5,9,1.8013539800582485,2.131751480614272,-0.9583488538137841,0.0
B3C50.jpg,UV,3,C,50,7,2,6,0.9190380580501447,1.863637015101907,-1.052935590968862,0.6302330541748111
B3C100.jpg,UV,3,C,100,7,2,6,0.9190380580501447,1.863637015101907,-1.052935590968862,0.6302330541748111
B3C500.jpg,UV,3,C,500,7,2,6,0.9190380580501447,1.863637015101907,-1.052935590968862,0.6302330541748111
B3D0.jpg,UV,3,D,0,13,2,8,1.323614741277943,3.7786665843747986,-1.2330109595150296,0.0
B3D10.jpg,UV,3,D,10,14,2,8,1.3940640890538845,4.094613253596127,-1.1216880703241727,0.3936155077646127
B3D50.jpg,UV,3,D,50,11,5,9,1.8013539800582485,2.131751480614272,-0.9583488538137841,2.083671623521954
B3D100.jpg,UV,3,D,100,13,3,8,1.5196926586943178,3.3781060474527975,-0.9466929387655976,0.5494768813430241
B3D500.jpg,UV,3,D,500,9,4,8,1.467385050097736,1.8636022008471782,-1.0528696005346616,2.414572699519241
B4A0.jpg,UV,4,A,0,3,2,7,0.7055898787931767,0.9566835940061497,-1.7999132201324541,0.0
B4A10.jpg,UV,4,A,10,3,2,7,0.7055898787931767,0.9566835940061497,-1.7999132201324541,0.0
B4A50.jpg,UV,4,A,50,3,2,7,0.7055898787931767,0.9566835940061497,-1.7999132201324541,0.0
B4A100.jpg,UV,4,A,100,3,2,7,0.7055898787931767,0.9566835940061497,-1.7999132201324541,0.0
B4A500.jpg,UV,4,A,500,3,2,7,0.7055898787931767,0.9566835940061497,-1.7999132201324541,0.0
B4B0.jpg,UV,4,B,0,3,2,7,0.7055898787931767,0.9566835940061497,-1.7999132201324541,0.0
B4B10.jpg,UV,4,B,10,3,2,7,0.7055898787931767,0.9566835940061497,-1.7999132201324541,0.0
B4B50.jpg,UV,4,B,50,3,2,7,0.7055898787931767,0.9566835940061497,-1.7999132201324541,0.0
B4B100.jpg,UV,4,B,100,3,2,7,0.7055898787931767,0.9566835940061497,-1.7999132201324541,0.0
B4B500.jpg,UV,4,B,500,3,2,7,0.7055898787931767,0.9566835940061497,-1.7999132201324541,0.0
B4C0.jpg,UV,4,C,0,3,2,7,0.7055898787931767,0.9566835940061497,-1.7999132201324541,0.0
B4C10.jpg,UV,4,C,10,3,2,7,0.7055898787931767,0.9566835940061497,-1.7999132201324541,0.0
B4C50.jpg,UV,4,C,50,3,2,7,0.7055898787931767,0.9566835940061497,-1.7999132201324541,0.0
B4C100.jpg,UV,4,C,100,3,2,7,0.7055898787931767,0.9566835940061497,-1.7999132201324541,0.0
B4C500.jpg,UV,4,C,500,3,2,7,0.7055898787931767,0.9566835940061497,-1.7999132201324541,0.0
B4D0.jpg,UV,4,D,0,3,2,7,0.7055898787931767,0.9566835940061497,-1.7999132201324541,0.0
B4D10.jpg,UV,4,D,10,3,2,7,0.7055898787931767,0.9566835940061497,-1.7999132201324541,0.0
B4D50.jpg,UV,4,D,50,3,2,7,0.7055898787931767,0.9566835940061497,-1.7999132201324541,0.0
B4D100.jpg,UV,4,D,100,3,2,7,0.7055898787931767,0.9566835940061497,-1.7999132201324541,0.0
B4D500.jpg,UV,4,D,500,3,2,7,0.7055898787931767,0.9566835940061497,-1.7999132201324541,0.0
B5A0.jpg,UV,5,A,0,245,65,0,55.27707686704382,66.05904390400057,66.85056268358895,0.0
B5A10.jpg,UV,5,A,10,246,67,1,55.70090186835968,65.71195668248336,66.93227589052185,0.4293584762889875
B5A50.jpg,UV,5,A,50,252,71,0,57.278088599086885,66.1988562337516,68.50546123736004,1.9506037096841957
B5A100.jpg,UV,5,A,100,239,64,0,54.051863116350816,64.55832519324373,65.65388343965446,1.228478392638409
B5A500.jpg,UV,5,A,500,239,69,1,54.67359023811976,62.855526719865885,65.72009969398674,1.1328785134773194
B5B0.jpg,UV,5,B,0,249,70,1,56.613324530800725,65.62241689926319,67.67380510333817,0.0
B5B10.jpg,UV,5,B,10,249,70,1,56.613324530800725,65.62241689926319,67.67380510333817,0.0
B5B50.jpg,UV,5,B,50,254,75,1,58.14314144647767,65.44004034919327,68.91475304450071,1.4939379920082854
B5B100.jpg,UV,5,B,100,246,68,0,55.819861071564475,65.36919324714935,67.20493232873369,0.7478228812415001
B5B500.jpg,UV,5,B,500,242,74,2,55.872103103675485,62.01301741710707,66.39412134862275,1.3102940953593467
B5C0.jpg,UV,5,C,0,251,70,1,56.976237221209374,66.23777106373885,68.05186408198917,0.0
B5C10.jpg,UV,5,C,10,250,71,1,56.91840601398344,65.58916050211117,67.92149808293097,0.22430127651002452
B5C50.jpg,UV,5,C,50,249,77,1,57.517151948998986,63.13938910029721,68.1100827582094,1.337598065149362
B5C100.jpg,UV,5,C,100,232,70,0,53.537225177030734,60.260168316917216,64.68411127076003,3.640343123086455
B5C500.jpg,UV,5,C,500,23,27,3,8.76117912769271,-6.560036097178146,11.762368198844763,53.79105577221042
B5D0.jpg,UV,5,D,0,250,69,1,56.67273031040993,66.26769625245727,67.80526936348103,0.0
B5D10.jpg,UV,5,D,10,247,71,1,56.37616721255225,64.65814790618663,67.35551458932675,0.5816925388134021
B5D50.jpg,UV,5,D,50,250,76,2,57.56298926301483,63.83068049266583,68.02963887726726,1.3112587394682487
B5D100.jpg,UV,5,D,100,237,70,0,54.439019342309365,61.85898401770018,65.62556694839418,2.439428782556361
B5D500.jpg,UV,5,D,500,12,21,1,5.570420639521075,-6.589887323990684,7.811477494385077,55.16776160061705
B6A0.jpg,UV,6,A,0,29,15,33,6.43762577181182,11.064497600152116,-9.532928524587463,0.0
B6A10.jpg,UV,6,A,10,29,15,33,6.43762577181182,11.064497600152116,-9.532928524587463,0.0
B6A50.jpg,UV,6,A,50,29,15,33,6.43762577181182,11.064497600152116,-9.532928524587463,0.0
B6A100.jpg,UV,6,A,100,29,15,33,6.43762577181182,11.064497600152116,-9.532928524587463,0.0
B6A500.jpg,UV,6,A,500,29,15,33,6.43762577181182,11.064497600152116,-9.532928524587463,0.0
B6B0.jpg,UV,6,B,0,32,17,36,7.545867188520699,12.101238472323459,-10.078586200019735,0.0
B6B10.jpg,UV,6,B,10,32,17,36,7.545867188520699,12.101238472323459,-10.078586200019735,0.0
B6B50.jpg,UV,6,B,50,32,17,36,7.545867188520699,12.101238472323459,-10.078586200019735,0.0
B6B100.jpg,UV,6,B,100,32,17,36,7.545867188520699,12.101238472323459,-10.078586200019735,0.0
B6B500.jpg,UV,6,B,500,32,17,36,7.545867188520699,12.101238472323459,-10.078586200019735,0.0
B6C0.jpg,UV,6,C,0,33,18,37,8.035162653403699,12.089590260180819,-10.063663903024134,0.0
B6C10.jpg,UV,6,C,10,33,18,37,8.035162653403699,12.089590260180819,-10.063663903024134,0.0
B6C50.jpg,UV,6,C,50,33,18,37,8.035162653403699,12.089590260180819,-10.063663903024134,0.0
B6C100.jpg,UV,6,C,100,33,18,37,8.035162653403699,12.089590260180819,-10.063663903024134,0.0
B6C500.jpg,UV,6,C,500,33,18,37,8.035162653403699,12.089590260180819,-10.063663903024134,0.0
B6D0.jpg,UV,6,D,0,31,17,35,7.34896608946876,11.377272833435425,-9.636046504143348,0.0
B6D10.jpg,UV,6,D,10,31,17,35,7.34896608946876,11.377272833435425,-9.636046504143348,0.0
B6D50.jpg,UV,6,D,50,31,17,35,7.34896608946876,11.377272833435425,-9.636046504143348,0.0
B6D100.jpg,UV,6,D,100,31,17,35,7.34896608946876,11.377272833435425,-9.636046504143348,0.0
B6D500.jpg,UV,6,D,500,31,17,35,7.34896608946876,11.377272833435425,-9.636046504143348,0.0
B7A0.jpg,UV,7,A,0,14,22,21,6.515442222808609,-3.3694578185769903,-0.448080723716876,0.0
B7A10.jpg,UV,7,A,10,18,26,23,8.387360919515423,-4.468919160515367,0.8872225946334633,2.1175636627201224
B7A50.jpg,UV,7,A,50,13,26,17,7.811626164232248,-7.59689845766566,3.9773524127798723,5.86943955878529
B7A100.jpg,UV,7,A,100,12,30,17,9.378101022928085,-11.05087891387567,6.23546335832153,9.225494238601355
B7A500.jpg,UV,7,A,500,40,117,19,43.093074365430645,-41.65700323251595,42.991454525086105,36.40326468213439
B7B0.jpg,UV,7,B,0,12,20,21,5.714154448126003,-2.629048209982568,-1.6346169558903612,0.0
B7B10.jpg,UV,7,B,10,16,24,22,7.419005992796659,-3.9146602473354024,0.18613749128288948,2.580035933472192
B7B50.jpg,UV,7,B,50,17,35,23,11.844309151386348,-10.94210493236862,5.773122000330089,10.96406820171848
B7B100.jpg,UV,7,B,100,24,53,23,19.233461807233198,-18.48611255475399,15.555580848763489,19.06237017338609
B7B500.jpg,UV,7,B,500,64,176,4,63.46505420924778,-57.20394766236314,63.57636656033073,56.037572171138365
B7C0.jpg,UV,7,C,0,13,21,20,6.073554846142958,-3.2243822739133483,-0.4259537142550729,0.0
B7C10.jpg,UV,7,C,10,12,19,21,5.401930937563659,-1.9912180112613698,-2.090533760564578,2.314735253749576
B7C50.jpg,UV,7,C,50,6,14,14,3.472993332348885,-2.214639756540099,-0.7797557576043834,2.047163048752446
B7C100.jpg,UV,7,C,100,4,12,12,2.847922849521563,-2.1216556489676295,-0.7470852423385077,2.402954661747386
B7C500.jpg,UV,7,C,500,11,31,20,9.810471706044275,-11.391458237215685,4.978222459981396,9.315969347303112
B7D0.jpg,UV,7,D,0,12,20,20,5.681323500319653,-2.8597542436815395,-1.0067242839515378,0.0
B7D10.jpg,UV,7,D,10,47,74,46,28.639992792770585,-16.8590553038917,13.572779065266804,21.617043570972818
B7D50.jpg,UV,7,D,50,85,189,19,68.29396583900382,-56.05812239199687,65.75208113645506,60.5333441895111
B7D100.jpg,UV,7,D,100,113,230,1,81.89497677885699,-63.19818627280394,79.21627705341197,77.40804020069179
B7D500.jpg,UV,7,D,500,255,254,231,99.18766135982115,-3.5127405021284086,11.12539341947536,92.42189242740058
B8A0.jpg,UV,8,A,0,0,0,0,0.0,0.0,0.0,0.0
B8A10.jpg,UV,8,A,10,0,0,0,0.0,0.0,0.0,0.0
B8A50.jpg,UV,8,A,50,0,0,0,0.0,0.0,0.0,0.0
B8A100.jpg,UV,8,A,100,0,0,0,0.0,0.0,0.0,0.0
B8A500.jpg,UV,8,A,500,0,0,0,0.0,0.0,0.0,0.0
B8B0.jpg,UV,8,B,0,0,0,0,0.0,0.0,0.0,0.0
B8B10.jpg,UV,8,B,10,0,0,0,0.0,0.0,0.0,0.0
B8B50.jpg,UV,8,B,50,0,0,0,0.0,0.0,0.0,0.0
B8B100.jpg,UV,8,B,100,0,0,0,0.0,0.0,0.0,0.0
B8B500.jpg,UV,8,B,500,0,0,0,0.0,0.0,0.0,0.0
B8C0.jpg,UV,8,C,0,0,0,0,0.0,0.0,0.0,0.0
B8C10.jpg,UV,8,C,10,0,0,0,0.0,0.0,0.0,0.0
B8C50.jpg,UV,8,C,50,0,0,0,0.0,0.0,0.0,0.0
B8C100.jpg,UV,8,C,100,0,0,0,0.0,0.0,0.0,0.0
B8C500.jpg,UV,8,C,500,0,0,0,0.0,0.0,0.0,0.0
B8D0.jpg,UV,8,D,0,0,0,0,0.0,0.0,0.0,0.0
B8D10.jpg,UV,8,D,10,0,0,0,0.0,0.0,0.0,0.0
B8D50.jpg,UV,8,D,50,0,0,0,0.0,0.0,0.0,0.0
B8D100.jpg,UV,8,D,100,0,0,0,0.0,0.0,0.0,0.0
B8D500.jpg,UV,8,D,500,0,0,0,0.0,0.0,0.0,0.0
B9A0.jpg,UV,9,A,0,255,0,17,53.28446249662652,80.21233922877153,62.86984203384019,0.0
B9A10.jpg,UV,9,A,10,255,0,17,53.28446249662652,80.21233922877153,62.86984203384019,0.0
B9A50.jpg,UV,9,A,50,255,0,17,53.28446249662652,80.21233922877153,62.86984203384019,0.0
B9A100.jpg,UV,9,A,100,255,0,17,53.28446249662652,80.21233922877153,62.86984203384019,0.0
B9A500.jpg,UV,9,A,500,255,0,17,53.28446249662652,80.21233922877153,62.86984203384019,0.0
B9B0.jpg,UV,9,B,0,255,0,17,53.28446249662652,80.21233922877153,62.86984203384019,0.0
B9B10.jpg,UV,9,B,10,254,0,17,53.07874697360886,79.97479610389658,62.64704974723633,0.20890090153470497
B9B50.jpg,UV,9,B,50,254,0,17,53.07874697360886,79.97479610389658,62.64704974723633,0.20890090153470497
B9B100.jpg,UV,9,B,100,255,0,17,53.28446249662652,80.21233922877153,62.86984203384019,0.0
B9B500.jpg,UV,9,B,500,255,0,17,53.28446249662652,80.21233922877153,62.86984203384019,0.0
B9C0.jpg,UV,9,C,0,254,0,18,53.08223619717522,79.98433691003287,62.33110358835706,0.0
B9C10.jpg,UV,9,C,10,255,0,18,53.28793103249693,80.22182355043967,62.5553466469071,0.20899954663332698
B9C50.jpg,UV,9,C,50,255,0,18,53.28793103249693,80.22182355043967,62.5553466469071,0.20899954663332698
B9C100.jpg,UV,9,C,100,254,0,18,53.08223619717522,79.98433691003287,62.33110358835706,0.0
B9C500.jpg,UV,9,C,500,254,0,18,53.08223619717522,79.98433691003287,62.33110358835706,0.0
B9D0.jpg,UV,9,D,0,255,0,18,53.28793103249693,80.22182355043967,62.5553466469071,0.0
B9D10.jpg,UV,9,D,10,255,0,18,53.28793103249693,80.22182355043967,62.5553466469071,0.0
B9D50.jpg,UV,9,D,50,255,0,18,53.28793103249693,80.22182355043967,62.5553466469071,0.0
B9D100.jpg,UV,9,D,100,255,0,18,53.28793103249693,80.22182355043967,62.5553466469071,0.0
B9D500.jpg,UV,9,D,500,255,0,18,53.28793103249693,80.22182355043967,62.5553466469071,0.0
B10A0.jpg,UV,10,A,0,85,51,24,24.84435119175555,12.47741314991499,23.144731835781425,0.0
B10A10.jpg,UV,10,A,10,86,52,24,25.26258899025263,12.332633638024227,23.658463493449876,0.4710261252522155
B10A50.jpg,UV,10,A,50,79,47,23,22.85322561552004,12.005380888543637,21.228311796622584,1.7421014341287966
B10A100.jpg,UV,10,A,100,86,52,25,25.27553421661692,12.405137914691029,23.08232162917394,0.3194336645015655
B10A500.jpg,UV,10,A,500,77,45,21,21.977205546719553,12.152095778849848,21.358672657069995,2.260491971677384
B10B0.jpg,UV,10,B,0,85,51,23,24.831609122160863,12.406317534200573,23.71952709514826,0.0
B10B10.jpg,UV,10,B,10,88,54,25,26.10954978633292,12.116458844947664,24.109124072641457,1.0139947291884743
B10B50.jpg,UV,10,B,50,85,50,22,24.547595202925677,12.973009606490503,23.985958051456734,0.45332092961263604
B10B100.jpg,UV,10,B,100,87,52,24,25.408205269841623,12.822355857728562,23.862352417346,0.5194085826195097
B10B500.jpg,UV,10,B,500,80,47,20,22.962772198910585,12.284703681614745,23.186657038309832,1.3746377537395442
B10C0.jpg,UV,10,C,0,84,50,23,24.412459401351363,12.551021304749387,23.20723956574342,0.0
B10C10.jpg,UV,10,C,10,86,53,24,25.53646476602291,11.697264917154254,23.967895396134775,1.2668601730317874
B10C50.jpg,UV,10,C,50,86,51,23,24.978239624469275,12.89700888350906,23.924205667535258,0.5499982429235872
B10C100.jpg,UV,10,C,100,86,51,23,24.978239624469275,12.89700888350906,23.924205667535258,0.5499982429235872
B10C500.jpg,UV,10,C,500,82,48,22,23.559140082344705,12.771622077952765,22.755543097841617,0.7216194387793978
B10D0.jpg,UV,10,D,0,77,45,20,21.96408922798227,12.07971897678306,21.946589294067305,0.0
B10D10.jpg,UV,10,D,10,76,46,21,22.106343671791116,11.005432799179927,21.46693849397343,0.8245121616172799
B10D50.jpg,UV,10,D,50,79,47,22,22.839666116907516,11.929922407666771,21.81875939428987,0.6314785779744758
B10D100.jpg,UV,10,D,100,78,47,25,22.73479672020094,11.67122899016726,19.81984101445476,1.2697119410408708
B10D500.jpg,UV,10,D,500,73,43,19,20.79543213555889,11.301882391423657,21.06627344460105,1.0278930741419956
B11A0.jpg,UV,11,A,0,12,7,11,2.296976829159785,1.896545463484084,-1.0520424419244834,0.0
B11A10.jpg,UV,11,A,10,10,5,9,1.7415585461215315,1.8635847937198136,-1.0528366053175586,0.3265270291492474
B11A50.jpg,UV,11,A,50,13,9,13,2.800235562843188,1.7060900535625505,-1.2192293532193865,0.42402116146719226
B11A100.jpg,UV,11,A,100,13,8,12,2.5814579667516178,1.9471378994624784,-1.0714154695354916,0.18002514436175954
B11A500.jpg,UV,11,A,500,18,13,17,4.127379164429353,2.46771442225599,-1.3558354322529664,1.3335735826411501
B11B0.jpg,UV,11,B,0,12,7,11,2.296976829159785,1.896545463484084,-1.0520424419244834,0.0
B11B10.jpg,UV,11,B,10,10,5,9,1.7415585461215315,1.8635847937198136,-1.0528366053175586,0.3265270291492474
B11B50.jpg,UV,11,B,50,14,9,13,2.870684910619133,2.0220367227838656,-1.1079064640285297,0.3774189822426539
B11B100.jpg,UV,11,B,100,12,7,11,2.296976829159785,1.896545463484084,-1.0520424419244834,0.0
B11B500.jpg,UV,11,B,500,20,15,21,4.918609730704759,3.157972760162886,-2.719809874298157,2.6357238561382736
B11C00.jpg,UV,11,C,0,10,5,9,1.7415585461215315,1.8635847937198136,-1.0528366053175586,0.0
B11C0.jpg,UV,11,C,0,11,6,10,2.017218724509167,1.870234763308845,-1.0504543793229348,0.16065309029344932
B11C10.jpg,UV,11,C,10,9,4,8,1.467385050097736,1.8636022008471782,-1.0528696005346616,0.15913921627782857
B11C50.jpg,UV,11,C,50,12,7,11,2.296976829159785,1.896545463484084,-1.0520424419244834,0.3265270291492474
B11C500.jpg,UV,11,C,500,17,12,16,3.7896171485863483,2.3510271167511836,-1.2904458387190731,1.3740243446135034
B11D0.jpg,UV,11,D,0,9,4,8,1.467385050097736,1.8636022008471782,-1.0528696005346616,0.0
B11D10.jpg,UV,11,D,10,9,4,8,1.467385050097736,1.8636022008471782,-1.0528696005346616,0.0
B11D50.jpg,UV,11,D,50,10,5,9,1.7415585461215315,1.8635847937198136,-1.0528366053175586,0.15913921627782857
B11D100.jpg,UV,11,D,100,10,5,9,1.7415585461215315,1.8635847937198136,-1.0528366053175586,0.15913921627782857
B11D500.jpg,UV,11,D,500,14,10,11,3.0225524088303146,1.3108055794827518,0.02393689476535843,1.5470200215734493
B12A0.jpg,UV,12,A,0,14,8,12,2.6519073145275556,2.263084568683807,-0.9600925803446403,0.0
B12A10.jpg,UV,12,A,10,22,11,18,4.097465497115586,5.266820424719376,-1.9490926535004005,3.7511240956422114
B12A50.jpg,UV,12,A,50,23,16,23,5.551775700712032,4.468771518489636,-3.1936681322554006,3.6511165279703404
B12A100.jpg,UV,12,A,100,17,10,17,3.4030110874356794,3.391434190926898,-2.4237951562475377,1.9278909611872612
B12A500.jpg,UV,12,A,500,17,8,16,2.983222981939054,3.9983808046072795,-2.467963352065816,2.471303813858775
B12B0.jpg,UV,12,B,0,15,8,15,2.797703343005466,3.099323938308085,-2.2150527769765507,0.0
B12B10.jpg,UV,12,B,10,23,12,20,4.477017374525882,5.734461308175759,-2.652558929183879,3.2005233250990095
B12B50.jpg,UV,12,B,50,26,16,24,5.927097839898359,6.245787022107444,-3.364467481213879,4.083401479652136
B12B100.jpg,UV,12,B,100,17,10,17,3.4030110874356794,3.391434190926898,-2.4237951562475377,0.5283675326190431
B12B500.jpg,UV,12,B,500,20,10,16,3.6424069607861185,4.39481024546777,-1.4733738727368773,1.7954480272577795
B12C0.jpg,UV,12,C,0,18,8,15,3.042036507021159,4.195093477531955,-1.8289615695763484,0.0
B12C10.jpg,UV,12,C,10,22,10,19,3.9265878603505016,5.889809441940189,-2.820279424157446,2.078387110983074
B12C50.jpg,UV,12,C,50,27,15,22,5.714411286654276,6.8138039825425265,-2.16979202166247,3.2719990164702963
B12C100.jpg,UV,12,C,100,23,10,17,3.9721641769075013,5.9439350808934,-1.5244288979052278,2.0626033785239564
B12C500.jpg,UV,12,C,500,27,13,16,5.043219837277395,6.504766274521456,0.6634926876658898,3.556146203039694
B12D0.jpg,UV,12,D,0,15,8,15,2.797703343005466,3.099323938308085,-2.2150527769765507,0.0
B12D10.jpg,UV,12,D,10,19,9,17,3.381113718789461,4.573148364673194,-2.4348759669718056,1.7880091080697447
B12D50.jpg,UV,12,D,50,24,14,19,5.016074568445532,5.057137355417643,-1.203783721575219,2.842122314011947
B12D100.jpg,UV,12,D,100,20,9,15,3.4199556962701685,4.610042891748364,-1.2553009914631486,2.068744724657145
B12D500.jpg,UV,12,D,500,75,36,30,19.440051976506368,17.715838174670512,12.32126474424316,18.763848314872003
B13A0.jpg,UV,13,A,0,6,6,8,1.6846146302118612,0.2779831964689339,-0.7566491212145532,0.0
B13A10.jpg,UV,13,A,10,6,6,6,1.6450409761427771,-0.00010444276418719589,0.00019797130261234308,0.8480246284453362
B13A50.jpg,UV,13,A,50,7,7,9,1.9587881262356568,0.27796578934156935,-0.7566161259974502,0.1594420393935314
B13A100.jpg,UV,13,A,100,6,6,8,1.6846146302118612,0.2779831964689339,-0.7566491212145532,0.0
B13A500.jpg,UV,13,A,500,8,8,10,2.2329616222594524,0.2779483822142048,-0.7565831307803472,0.3192674815023409
B13B0.jpg,UV,13,B,0,6,6,8,1.6846146302118612,0.2779831964689339,-0.7566491212145532,0.0
B13B10.jpg,UV,13,B,10,8,8,10,2.2329616222594524,0.2779483822142048,-0.7565831307803472,0.3192674815023409
B13B50.jpg,UV,13,B,50,10,10,12,2.783537027144284,0.29357282611294777,-0.799135589828881,0.6430740590692818
B13B100.jpg,UV,13,B,100,12,12,14,3.3675660191872723,0.32729629085913314,-0.8909482091343901,0.9957006253991864
B13B500.jpg,UV,13,B,500,11,11,11,3.0228989832440014,-0.0001919222258062181,0.0003637886581919769,1.1534083006501186
B13C0.jpg,UV,13,C,0,5,5,7,1.4104411341880656,0.2780006035962984,-0.7566821164316506,0.0
B13C10.jpg,UV,13,C,10,6,6,8,1.6846146302118612,0.2779831964689339,-0.7566491212145532,0.1590600280216383
B13C50.jpg,UV,13,C,50,7,7,8,1.9390012992011165,0.1389219697250088,-0.37819257973886744,0.5201742125553243
B13C100.jpg,UV,13,C,100,7,7,7,1.9192144721665727,-0.00012184989155172854,0.00023096651971532545,0.8978058444415314
B13C500.jpg,UV,13,C,500,9,9,9,2.467561464214171,-0.00015666414628079384,0.0002969569539212902,1.0476634306513994
B13D0.jpg,UV,13,D,0,5,5,7,1.4104411341880656,0.2780006035962984,-0.7566821164316506,0.0
B13D10.jpg,UV,13,D,10,5,5,7,1.4104411341880656,0.2780006035962984,-0.7566821164316506,0.0
B13D50.jpg,UV,13,D,50,6,6,6,1.6450409761427771,-0.00010444276418719589,0.00019797130261234308,0.8586050026587051
B13D100.jpg,UV,13,D,100,6,6,6,1.6450409761427771,-0.00010444276418719589,0.00019797130261234308,0.8586050026587051
B13D500.jpg,UV,13,D,500,6,6,6,1.6450409761427771,-0.00010444276418719589,0.00019797130261234308,0.8586050026587051
B14A0.jpg,UV,14,A,0,12,10,13,2.929421000614113,1.0055344590971793,-1.038613717720649,0.0
B14A10.jpg,UV,14,A,10,8,6,7,1.781445306323075,0.6619379972085254,-0.19394853350346297,1.1546144678448713
B14A50.jpg,UV,14,A,50,7,5,7,1.5270586373338197,0.8009992239524505,-0.5724050749791487,0.9724433859498587
B14A100.jpg,UV,14,A,100,12,10,13,2.929421000614113,1.0055344590971793,-1.038613717720649,0.0
B14A500.jpg,UV,14,A,500,7,7,8,1.9390012992011165,0.1389219697250088,-0.37819257973886744,1.5072593879649792
B14B0.jpg,UV,14,B,0,13,11,14,3.221297429711182,1.0627504425384238,-1.0965091023594165,0.0
B14B10.jpg,UV,14,B,10,8,6,7,1.781445306323075,0.6619379972085254,-0.19394853350346297,1.3281101339593149
B14B50.jpg,UV,14,B,50,8,6,7,1.781445306323075,0.6619379972085254,-0.19394853350346297,1.3281101339593149
B14B100.jpg,UV,14,B,100,12,11,13,3.1304982633071106,0.5947609392210063,-0.7449955243484851,0.7368979486875373
B14B500.jpg,UV,14,B,500,6,5,8,1.488536712795483,0.678543733390935,-1.0429671419639797,1.150441520893935
B14C0.jpg,UV,14,C,0,11,9,11,2.6257438031346254,0.811142134572368,-0.5795724254633983,0.0
B14C10.jpg,UV,14,C,10,8,6,8,1.8012321333576153,0.800981816825086,-0.5723720797620457,0.48139794149711285
B14C50.jpg,UV,14,C,50,8,6,8,1.8012321333576153,0.800981816825086,-0.5723720797620457,0.48139794149711285
B14C100.jpg,UV,14,C,100,9,9,11,2.5076396176250313,0.2814761374998337,-0.7661986976934265,0.7981779748777134
B14C500.jpg,UV,14,C,500,5,5,7,1.4104411341880656,0.2780006035962984,-0.7566821164316506,1.066641408197691
B14D0.jpg,UV,14,D,0,10,8,11,2.3698704517815337,0.9435359845999108,-0.9603781977166048,0.0
B14D10.jpg,UV,14,D,10,7,6,7,1.723136554750198,0.4004386870304494,-0.2860870542297167,1.072917804817971
B14D50.jpg,UV,14,D,50,7,6,7,1.723136554750198,0.4004386870304494,-0.2860870542297167,1.072917804817971
B14D100.jpg,UV,14,D,100,7,7,9,1.9587881262356568,0.27796578934156935,-0.7566161259974502,1.0050446472580996
B14D500.jpg,UV,14,D,500,5,5,7,1.4104411341880656,0.2780006035962984,-0.7566821164316506,1.1243559337824047
B15A0.jpg,UV,15,A,0,12,12,14,3.3675660191872723,0.32729629085913314,-0.8909482091343901,0.0
B15A10.jpg,UV,15,A,10,6,6,6,1.6450409761427771,-0.00010444276418719589,0.00019797130261234308,1.4160132259265361
B15A50.jpg,UV,15,A,50,6,6,6,1.6450409761427771,-0.00010444276418719589,0.00019797130261234308,1.4160132259265361
B15A100.jpg,UV,15,A,100,6,6,6,1.6450409761427771,-0.00010444276418719589,0.00019797130261234308,1.4160132259265361
B15A500.jpg,UV,15,A,500,11,11,13,3.0671094024491943,0.3104786841533064,-0.8451615493862641,0.18383226955802034
B15B0.jpg,UV,15,B,0,14,14,16,4.018259175714135,0.3616764332432104,-0.9845515427779061,0.0
B15B10.jpg,UV,15,B,10,6,6,6,1.6450409761427771,-0.00010444276418719589,0.00019797130261234308,1.7724303593161408
B15B50.jpg,UV,15,B,50,7,7,7,1.9192144721665727,-0.00012184989155172854,0.00023096651971532545,1.6502038257396963
B15B100.jpg,UV,15,B,100,6,6,6,1.6450409761427771,-0.00010444276418719589,0.00019797130261234308,1.7724303593161408
B15B500.jpg,UV,15,B,500,11,11,12,3.044409723773999,0.15096599313123293,-0.4110296449529427,0.8545242911794915
B15C0.jpg,UV,15,C,0,11,11,13,3.0671094024491943,0.3104786841533064,-0.8451615493862641,0.0
B15C10.jpg,UV,15,C,10,6,6,6,1.6450409761427771,-0.00010444276418719589,0.00019797130261234308,1.2581181836018602
B15C50.jpg,UV,15,C,50,6,5,5,1.4291762316918586,0.2614122745412534,0.09230349681176309,1.3281730058632728
B15C100.jpg,UV,15,C,100,6,6,6,1.6450409761427771,-0.00010444276418719589,0.00019797130261234308,1.2581181836018602
B15C500.jpg,UV,15,C,500,9,9,9,2.467561464214171,-0.00015666414628079384,0.0002969569539212902,1.0081406773194297
B15D0.jpg,UV,15,D,0,10,10,12,2.783537027144284,0.29357282611294777,-0.799135589828881,0.0
B15D10.jpg,UV,15,D,10,4,4,4,1.096693984095186,-6.96285094581306e-05,0.00013198086841192946,1.3281411418883953
B15D50.jpg,UV,15,D,50,7,8,7,2.1152923895829545,-0.4006823868135667,0.2865489872691529,1.5278600456131908
B15D100.jpg,UV,15,D,100,6,6,6,1.6450409761427771,-0.00010444276418719589,0.00019797130261234308,1.1140917393653207
B15D500.jpg,UV,15,D,500,10,10,10,2.7417349602379666,-0.00017407127364532649,0.00032995217102427254,0.8948309754727095
B16A0.jpg,UV,16,A,0,7,7,9,1.9587881262356568,0.27796578934156935,-0.7566161259974502,0.0
B16A10.jpg,UV,16,A,10,6,6,8,1.6846146302118612,0.2779831964689339,-0.7566491212145532,0.1594420393935314
B16A50.jpg,UV,16,A,50,5,5,5,1.3708674801189815,-8.703563682266324e-05,0.00016497608551491183,0.9138120828375862
B16A100.jpg,UV,16,A,100,6,6,6,1.6450409761427771,-0.00010444276418719589,0.00019797130261234308,0.8670803879373221
B16A500.jpg,UV,16,A,500,8,8,8,2.193387968190372,-0.00013925701893013898,0.00026396173682385893,0.8587126233962107
B16B0.jpg,UV,16,B,0,5,5,7,1.4104411341880656,0.2780006035962984,-0.7566821164316506,0.0
B16B10.jpg,UV,16,B,10,6,6,8,1.6846146302118612,0.2779831964689339,-0.7566491212145532,0.1590600280216383
B16B50.jpg,UV,16,B,50,6,6,6,1.6450409761427771,-0.00010444276418719589,0.00019797130261234308,0.8586050026587051
B16B100.jpg,UV,16,B,100,8,8,8,2.193387968190372,-0.00013925701893013898,0.00026396173682385893,0.9623224519357754
B16B500.jpg,UV,16,B,500,10,10,10,2.7417349602379666,-0.00017407127364532649,0.00032995217102427254,1.149360306025746
B16C0.jpg,UV,16,C,0,6,6,8,1.6846146302118612,0.2779831964689339,-0.7566491212145532,0.0
B16C10.jpg,UV,16,C,10,6,6,6,1.6450409761427771,-0.00010444276418719589,0.00019797130261234308,0.8480246284453362
B16C50.jpg,UV,16,C,50,6,6,6,1.6450409761427771,-0.00010444276418719589,0.00019797130261234308,0.8480246284453362
B16C100.jpg,UV,16,C,100,6,6,6,1.6450409761427771,-0.00010444276418719589,0.00019797130261234308,0.8480246284453362
B16C500.jpg,UV,16,C,500,5,5,7,1.4104411341880656,0.2780006035962984,-0.7566821164316506,0.1590600280216383
B16D0.jpg,UV,16,D,0,4,4,6,1.13626763816427,0.27801801072366294,-0.7567151116487536,0.0
B16D10.jpg,UV,16,D,10,5,5,5,1.3708674801189815,-8.703563682266324e-05,0.00016497608551491183,0.8585517493298012
B16D50.jpg,UV,16,D,50,4,4,4,1.096693984095186,-6.96285094581306e-05,0.00013198086841192946,0.8480180661161277
B16D100.jpg,UV,16,D,100,6,6,6,1.6450409761427771,-0.00010444276418719589,0.00019797130261234308,0.8975717479223088
B16D500.jpg,UV,16,D,500,5,5,7,1.4104411341880656,0.2780006035962984,-0.7566821164316506,0.1586798603386493
B17A0.jpg,UV,17,A,0,59,30,22,15.042880662893332,13.144083658556156,11.615074630013494,0.0
B17A10.jpg,UV,17,A,10,60,31,23,15.501580286684238,13.078606520230545,11.54306771081316,0.30814580490451843
B17A50.jpg,UV,17,A,50,57,29,19,14.377078900550853,12.510883374236892,12.710994095080858,1.2038753498296852
B17A100.jpg,UV,17,A,100,55,26,18,13.199063832577789,13.417756137919678,11.71812203284186,1.2198964298757389
B17A500.jpg,UV,17,A,500,63,35,21,17.051991278236017,11.707457237286,14.977202076485485,3.397208053154207
B17B0.jpg,UV,17,B,0,61,31,21,15.625541977974624,13.364857089528115,13.121716447738269,0.0
B17B10.jpg,UV,17,B,10,67,35,24,17.744073476892567,13.972812203710273,13.960316029438246,1.5338677942839765
B17B50.jpg,UV,17,B,50,66,32,20,16.70962598070782,15.06511873865135,15.332790637024441,1.7042038509654363
B17B100.jpg,UV,17,B,100,63,31,20,15.939986059852249,14.252472879752148,14.264299021575532,0.8432750803257789
B17B500.jpg,UV,17,B,500,77,49,23,23.123875993974345,9.71429483023023,21.46706577870644,9.056976742084808
B17C0.jpg,UV,17,C,0,61,31,21,15.625541977974624,13.364857089528115,13.121716447738269,0.0
B17C10.jpg,UV,17,C,10,69,37,25,18.622302655825322,13.740965398131799,14.464282089890034,2.1877658503336974
B17C50.jpg,UV,17,C,50,80,55,25,25.28569198956123,7.501596391959852,22.875878463254175,11.821912046525103
B17C100.jpg,UV,17,C,100,76,57,25,25.361368128251684,4.184678495689126,22.82916511429642,14.15120804912217
B17C500.jpg,UV,17,C,500,78,60,25,26.511194024367242,3.2743841952611596,24.209892052271837,15.62448966939601
B17D0.jpg,UV,17,D,0,57,28,20,14.12274067551461,13.278554252424662,11.730525838109191,0.0
B17D10.jpg,UV,17,D,10,64,34,23,16.970578281899712,13.061560186392013,13.558526252587827,2.3436326880791123
B17D50.jpg,UV,17,D,50,75,48,26,22.60038913616799,9.6174651959888,18.930599353936127,9.057825903755173
B17D100.jpg,UV,17,D,100,76,57,25,25.361368128251684,4.184678495689126,22.82916511429642,15.286028650433126
B17D500.jpg,UV,17,D,500,76,57,25,25.361368128251684,4.184678495689126,22.82916511429642,15.286028650433126
B18A0.jpg,UV,18,A,0,204,208,0,80.71147574851474,-20.1873452314868,80.64911480250126,0.0
B18A10.jpg,UV,18,A,10,204,207,1,80.44154522865703,-19.68681363357483,80.35644075129846,0.29377387777769826
B18A50.jpg,UV,18,A,50,207,212,1,82.03150049933504,-20.86069630943621,81.63293845966764,0.9534487353039081
B18A100.jpg,UV,18,A,100,206,213,1,82.22487117036147,-21.769765133348105,81.74073326054267,1.2473898385582938
B18A500.jpg,UV,18,A,500,202,206,1,80.01230258789397,-20.046919303186638,79.9695895070864,0.5040459492060213
B18B0.jpg,UV,18,B,0,205,211,1,81.60477047746099,-21.21925372332967,81.2485069944474,0.0
B18B10.jpg,UV,18,B,10,208,213,0,82.37885719635344,-20.934950726009095,82.01466093228969,0.5912244713729643
B18B50.jpg,UV,18,B,50,208,212,0,82.10851236777802,-20.44727279371916,81.8161020889844,0.5669656623588945
B18B100.jpg,UV,18,B,100,210,217,0,83.61525891014249,-22.03415033894324,82.99348453339782,1.4204244784446887
B18B500.jpg,UV,18,B,500,202,207,0,80.2829193165194,-20.54728800917288,80.26372615114443,0.9578267256403943
B18C0.jpg,UV,18,C,0,208,213,1,82.38003478053007,-20.925253390201735,81.92474603357063,0.0
B18C10.jpg,UV,18,C,10,209,211,0,81.91735340599895,-19.534268464883098,81.71135239222019,0.7344213819399787
B18C50.jpg,UV,18,C,50,212,209,0,81.62034123520642,-17.27369783500854,81.60267970372634,1.8603855764067834
B18C100.jpg,UV,18,C,100,220,215,1,83.87252447729884,-16.820781345881606,83.45031770380406,2.4226690688900527
B18C500.jpg,UV,18,C,500,209,204,1,80.03614772190083,-16.067224538747425,80.24092362887629,2.8100448976069883
B18D0.jpg,UV,18,D,0,204,209,1,80.98403222305917,-20.666725386038976,80.75590916128328,0.0
B18D10.jpg,UV,18,D,10,206,212,1,81.95367452089438,-21.28349461044321,81.5406540110506,0.7168550777652776
B18D50.jpg,UV,18,D,50,191,199,0,77.23574696596008,-21.309697850368625,77.63602961895766,2.7824836490200524
B18D100.jpg,UV,18,D,100,201,211,1,81.29696580335302,-22.90814868028318,80.88325232747425,1.095493719644721
B18D500.jpg,UV,18,D,500,192,200,0,77.58863594445243,-21.37367553156122,77.93090321153616,2.530869497023385
B19A0.jpg,UV,19,A,0,12,16,36,5.203596200287116,4.411132541351392,-13.86904628184064,0.0
B19A10.jpg,UV,19,A,10,13,17,37,5.600261224442992,4.5449116240603855,-14.012123025466133,0.28376611690977
B19A50.jpg,UV,19,A,50,13,17,37,5.600261224442992,4.5449116240603855,-14.012123025466133,0.28376611690977
B19A100.jpg,UV,19,A,100,15,19,41,6.569980020207982,5.67931415139071,-15.509028056562514,1.6726886459349113
B19A500.jpg,UV,19,A,500,13,18,37,5.8867236171032395,3.959707888097172,-13.567451668817137,0.6584427340883933
B19B0.jpg,UV,19,B,0,13,17,37,5.600261224442992,4.5449116240603855,-14.012123025466133,0.0
B19B10.jpg,UV,19,B,10,14,18,38,6.0146794435146695,4.679757773474264,-14.121658241618007,0.29135626890917143
B19B50.jpg,UV,19,B,50,16,19,42,6.71155031694753,6.468606455427073,-16.030207795896263,2.158867229145859
B19B100.jpg,UV,19,B,100,14,20,40,6.745897277442641,4.271930089614115,-14.487482241141647,0.8809557469444772
B19B500.jpg,UV,19,B,500,17,24,55,9.386355887963607,8.506254414303276,-21.30130899525054,5.1676267186549
B19C0.jpg,UV,19,C,0,13,17,37,5.600261224442992,4.5449116240603855,-14.012123025466133,0.0
B19C10.jpg,UV,19,C,10,13,18,36,5.830773554378254,3.5665417470333303,-12.893533827243042,1.186637417917466
B19C50.jpg,UV,19,C,50,17,21,47,7.774264655880707,7.530413557023774,-18.05245514466857,3.4726870158824417
B19C100.jpg,UV,19,C,100,19,27,71,11.804055138161381,13.364293414785427,-28.717684180485026,8.943045753707485
B19C500.jpg,UV,19,C,500,29,42,110,20.213068058093953,19.945275501399905,-41.123573773678125,15.152152129415011
B19D0.jpg,UV,19,D,0,12,17,36,5.477418682072553,3.8517504254531736,-13.445551592597415,0.0
B19D10.jpg,UV,19,D,10,12,17,33,5.318783502058459,2.737006696394664,-11.390525408929852,1.6771597518033843
B19D50.jpg,UV,19,D,50,15,22,49,8.102441253974867,7.044219351532405,-19.006829567229982,4.183712802414658
B19D100.jpg,UV,19,D,100,23,34,89,15.73286161716328,16.30367633852414,-34.61159733730001,12.107036491466538
B19D500.jpg,UV,19,D,500,36,66,185,33.504914267865104,33.40602479915034,-65.56489145210995,26.004634128230276
B20A0.jpg,UV,20,A,0,44,60,34,23.27956969022555,-12.297036670286172,14.026181067136779,0.0
B20A10.jpg,UV,20,A,10,45,57,32,22.26119246577165,-10.386958408743235,13.993121257938279,1.722553331828857
B20A50.jpg,UV,20,A,50,44,56,33,21.848719347180634,-10.066436406369034,12.794203727328258,2.0589491847848755
B20A100.jpg,UV,20,A,100,47,57,35,22.48564031934432,-8.954773900087975,12.383312352019937,2.7948522614166893
B20A500.jpg,UV,20,A,500,38,42,27,16.241221485625594,-5.079490499451694,9.242259507848871,8.247328968984345
B20B0.jpg,UV,20,B,0,48,66,38,25.757255454512467,-13.374715008213245,14.78699956757894,0.0
B20B10.jpg,UV,20,B,10,48,61,35,23.957604420254228,-10.932066979219279,14.333005171073744,2.2801467031080183
B20B50.jpg,UV,20,B,50,50,62,36,24.48354802318695,-10.45869863655513,14.414894380193699,2.450687947919066
B20B100.jpg,UV,20,B,100,50,60,36,23.794020948842075,-9.244622613496151,13.511656846267128,3.5465623624736855
B20B500.jpg,UV,20,B,500,35,39,24,14.81337592465081,-5.114527843661842,9.344190273663456,10.61184998587542
B20C0.jpg,UV,20,C,0,48,64,37,25.04085340973228,-12.377324279434498,14.480479221053633,0.0
B20C10.jpg,UV,20,C,10,46,58,31,22.674188392584703,-10.692904544563675,15.178707104334531,2.30381648914894
B20C50.jpg,UV,20,C,50,36,44,25,16.731616787711104,-7.719177651127285,11.219449001210585,7.0635257248715435
B20C100.jpg,UV,20,C,100,26,30,15,10.428791932463518,-5.221271433638944,8.98897886833716,11.929054584438136
B20C500.jpg,UV,20,C,500,13,14,9,3.7881098537058016,-1.0764963701215269,1.9583914430462979,19.17200673256003
B20D0.jpg,UV,20,D,0,45,63,37,24.469864392752925,-13.097186548492928,13.690293246967467,0.0
B20D10.jpg,UV,20,D,10,44,56,30,21.790294755178486,-10.569531075300704,14.647090544707918,2.9778670277696233
B20D50.jpg,UV,20,D,50,36,40,23,15.246777388308313,-5.45573604715427,10.62261615867348,9.240135645990456
B20D100.jpg,UV,20,D,100,24,27,15,9.095570627766268,-4.1901968984440625,7.068273756015319,13.345999529011195
B20D500.jpg,UV,20,D,500,12,13,8,3.464526805775513,-1.0315731007816131,1.8851796647580188,19.209679680946635
B21A0.jpg,UV,21,A,0,3,2,7,0.7055898787931767,0.9566835940061497,-1.7999132201324541,0.0
B21A10.jpg,UV,21,A,10,3,2,7,0.7055898787931767,0.9566835940061497,-1.7999132201324541,0.0
B21A50.jpg,UV,21,A,50,4,3,9,0.9995502018515126,1.0957100064953456,-2.178303771173934,0.42429542736245823
B21A100.jpg,UV,21,A,100,3,2,8,0.725376705827717,1.0957274136227102,-2.1783367663910367,0.3891677927064738
B21A500.jpg,UV,21,A,500,4,3,9,0.9995502018515126,1.0957100064953456,-2.178303771173934,0.42429542736245823
B21B0.jpg,UV,21,B,0,3,2,7,0.7055898787931767,0.9566835940061497,-1.7999132201324541,0.0
B21B10.jpg,UV,21,B,10,3,2,8,0.725376705827717,1.0957274136227102,-2.1783367663910367,0.3891677927064738
B21B50.jpg,UV,21,B,50,4,3,9,0.9995502018515126,1.0957100064953456,-2.178303771173934,0.42429542736245823
B21B100.jpg,UV,21,B,100,3,2,8,0.725376705827717,1.0957274136227102,-2.1783367663910367,0.3891677927064738
B21B500.jpg,UV,21,B,500,4,3,9,0.9995502018515126,1.0957100064953456,-2.178303771173934,0.42429542736245823
B21C0.jpg,UV,21,C,0,3,2,7,0.7055898787931767,0.9566835940061497,-1.7999132201324541,0.0
B21C10.jpg,UV,21,C,10,3,2,8,0.725376705827717,1.0957274136227102,-2.1783367663910367,0.3891677927064738
B21C50.jpg,UV,21,C,50,3,2,8,0.725376705827717,1.0957274136227102,-2.1783367663910367,0.3891677927064738
B21C100.jpg,UV,21,C,100,4,3,9,0.9995502018515126,1.0957100064953456,-2.178303771173934,0.42429542736245823
B21C500.jpg,UV,21,C,500,5,3,11,1.097937106835257,1.6388421183195363,-2.8526609050950222,1.3121378846253855
B21D0.jpg,UV,21,D,0,3,2,7,0.7055898787931767,0.9566835940061497,-1.7999132201324541,0.0
B21D10.jpg,UV,21,D,10,3,2,8,0.725376705827717,1.0957274136227102,-2.1783367663910367,0.3891677927064738
B21D50.jpg,UV,21,D,50,4,3,9,0.9995502018515126,1.0957100064953456,-2.178303771173934,0.42429542736245823
B21D100.jpg,UV,21,D,100,4,3,9,0.9995502018515126,1.0957100064953456,-2.178303771173934,0.42429542736245823
B21D500.jpg,UV,21,D,500,8,6,17,2.0083512052884167,2.2564262307486898,-4.53352934671628,2.9461297243365236
B22A0.jpg,UV,22,A,0,1,1,3,0.3137471500928797,0.27807023210575654,-0.7568140973000625,0.0
B22A10.jpg,UV,22,A,10,4,3,8,0.9797633748169723,0.9566661868787851,-1.7998802249153512,1.4155696680213685
B22A50.jpg,UV,22,A,50,4,3,8,0.9797633748169723,0.9566661868787851,-1.7998802249153512,1.4155696680213685
B22A100.jpg,UV,22,A,100,4,3,10,1.0193370288860564,1.2347538261119062,-2.5567273174325167,2.150898222902802
B22A500.jpg,UV,22,A,500,4,3,11,1.03962835526238,1.37734280814146,-2.944799425821276,2.5256096106907844
B22B0.jpg,UV,22,B,0,1,1,3,0.3137471500928797,0.27807023210575654,-0.7568140973000625,0.0
B22B10.jpg,UV,22,B,10,4,3,9,0.9995502018515126,1.0957100064953456,-2.178303771173934,1.7828810286152748
B22B50.jpg,UV,22,B,50,4,3,9,0.9995502018515126,1.0957100064953456,-2.178303771173934,1.7828810286152748
B22B100.jpg,UV,22,B,100,4,3,9,0.9995502018515126,1.0957100064953456,-2.178303771173934,1.7828810286152748
B22B500.jpg,UV,22,B,500,5,5,15,1.5833414153899668,1.4929864863314353,-4.063404181940716,3.4383943874914693
B22C0.jpg,UV,22,C,0,2,2,4,0.5879206461166753,0.278052824978392,-0.7567811020829596,0.0
B22C10.jpg,UV,22,C,10,4,3,9,0.9995502018515126,1.0957100064953456,-2.178303771173934,1.7547732076504383
B22C50.jpg,UV,22,C,50,4,3,9,0.9995502018515126,1.0957100064953456,-2.178303771173934,1.7547732076504383
B22C100.jpg,UV,22,C,100,6,5,11,1.548401693240887,1.09922035465361,-2.18788634286991,1.834106735699781
B22C500.jpg,UV,22,C,500,8,7,20,2.2950439885086347,2.4926245351211405,-5.980222829093379,5.3464570733420524
B22D0.jpg,UV,22,D,0,1,1,3,0.3137471500928797,0.27807023210575654,-0.7568140973000625,0.0
B22D10.jpg,UV,22,D,10,3,2,7,0.7055898787931767,0.9566835940061497,-1.7999132201324541,1.3812030730953604
B22D50.jpg,UV,22,D,50,3,2,7,0.7055898787931767,0.9566835940061497,-1.7999132201324541,1.3812030730953604
B22D100.jpg,UV,22,D,100,5,4,10,1.2737236978753081,1.095692599367995,-2.1782707759568307,1.8244981784674106
B22D500.jpg,UV,22,D,500,6,7,15,2.033806001795597,0.953364722665509,-3.398629619715604,2.753488279082638
B23A0.jpg,UV,23,A,0,1,1,3,0.3137471500928797,0.27807023210575654,-0.7568140973000625,0.0
B23A10.jpg,UV,23,A,10,2,2,4,0.5879206461166753,0.278052824978392,-0.7567811020829596,0.15755028412648525
B23A50.jpg,UV,23,A,50,1,1,3,0.3137471500928797,0.27807023210575654,-0.7568140973000625,0.0
B23A100.jpg,UV,23,A,100,1,1,3,0.3137471500928797,0.27807023210575654,-0.7568140973000625,0.0
B23A500.jpg,UV,23,A,500,2,2,4,0.5879206461166753,0.278052824978392,-0.7567811020829596,0.15755028412648525
B23B0.jpg,UV,23,B,0,1,1,3,0.3137471500928797,0.27807023210575654,-0.7568140973000625,0.0
B23B10.jpg,UV,23,B,10,1,1,3,0.3137471500928797,0.27807023210575654,-0.7568140973000625,0.0
B23B50.jpg,UV,23,B,50,2,2,4,0.5879206461166753,0.278052824978392,-0.7567811020829596,0.15755028412648525
B23B100.jpg,UV,23,B,100,1,1,5,0.3533208041619602,0.5561578713388776,-1.5136611898172225,0.8168695463481356
B23B500.jpg,UV,23,B,500,3,2,7,0.7055898787931767,0.9566835940061497,-1.7999132201324541,1.3812030730953604
B23C0.jpg,UV,23,C,0,2,1,4,0.391842728700297,0.6786133619003931,-1.0430991228323916,0.0
B23C10.jpg,UV,23,C,10,1,1,3,0.3137471500928797,0.27807023210575654,-0.7568140973000625,0.6395234572034227
B23C50.jpg,UV,23,C,50,2,2,4,0.5879206461166753,0.278052824978392,-0.7567811020829596,0.6478655626186005
B23C100.jpg,UV,23,C,100,1,1,4,0.33353397712741994,0.4171140517223171,-1.1352376435586453,0.396493013693659
B23C500.jpg,UV,23,C,500,3,4,9,1.1373193676950173,0.43365015939525464,-1.98412427115075,1.0644381720330038
B23D0.jpg,UV,23,D,0,2,2,2,0.5483469920475912,-3.48142547290653e-05,6.599043420041362e-05,0.0
B23D10.jpg,UV,23,D,10,1,1,3,0.3137471500928797,0.27807023210575654,-0.7568140973000625,0.8583941749476655
B23D50.jpg,UV,23,D,50,2,2,4,0.5879206461166753,0.278052824978392,-0.7567811020829596,0.8480115455175865
B23D100.jpg,UV,23,D,100,1,1,3,0.3137471500928797,0.27807023210575654,-0.7568140973000625,0.8583941749476655
B23D500.jpg,UV,23,D,500,4,5,9,1.3917060366842726,0.29458893265134345,-1.6056677296750643,1.6774830676168033
B24A0.jpg,UV,24,A,0,22,42,64,16.486275892870573,-0.08557985131951718,-16.380125328551852,0.0
B24A10.jpg,UV,24,A,10,25,45,69,17.976827591650526,0.5005869568742993,-17.469528550227732,1.2919421035734555
B24A50.jpg,UV,24,A,50,27,47,71,18.888891049773214,0.3745742626719839,-17.395533453090707,1.767300647260865
B24A100.jpg,UV,24,A,100,22,42,66,16.60011677263516,0.7086685789496894,-17.582530415190412,1.0199334176947001
B24A500.jpg,UV,24,A,500,22,37,57,14.33839198186423,0.7719140812758318,-14.857858886881669,2.0620964971487266
B24B0.jpg,UV,24,B,0,20,38,57,14.569686838189128,-0.50045229986459,-14.505337658274954,0.0
B24B10.jpg,UV,24,B,10,24,42,64,16.60233309606309,0.4323837310683254,-16.190062761740244,1.9330729799159048
B24B50.jpg,UV,24,B,50,24,42,65,16.65844828353471,0.8210771486141522,-16.792959052130996,2.348080254367578
B24B100.jpg,UV,24,B,100,21,39,62,15.265755684373183,1.0253092273087017,-16.910562809295804,2.1544601965640364
B24B500.jpg,UV,24,B,500,23,38,57,14.754785028670032,0.3317285938664871,-14.202683876737865,1.0707091915030078
B24C0.jpg,UV,24,C,0,16,29,46,10.454047930493722,0.6264327053574215,-13.087493199511012,0.0
B24C10.jpg,UV,24,C,10,19,33,50,12.327734247571513,0.10850411412763328,-13.037653836127122,1.3605529207966147
B24C50.jpg,UV,24,C,50,20,33,51,12.450407961984467,0.7928774565843649,-13.558091627646728,1.312701722663881
B24C100.jpg,UV,24,C,100,17,30,47,10.941680255374955,0.5666046166017957,-13.047093502481511,0.31720264200344833
B24C500.jpg,UV,24,C,500,16,25,42,8.760339829931588,2.065730213864969,-12.803692196225096,2.1900351689065984
B24D0.jpg,UV,24,D,0,17,31,48,11.362189458093145,0.22007567772387715,-13.11416065942192,0.0
B24D10.jpg,UV,24,D,10,20,36,52,13.580853626798309,-1.0113381055519843,-12.510419967663221,2.124750153792971
B24D50.jpg,UV,24,D,50,22,41,58,15.808149146731491,-1.710808491832222,-13.268439114779184,3.7459768830805107
B24D100.jpg,UV,24,D,100,31,58,85,23.58178687105186,-0.8940028977554026,-19.399094444872812,9.171367426841186
B24D500.jpg,UV,24,D,500,39,70,91,28.291485484871515,-4.640091783988664,-15.958144756929105,13.05406967299717
B25A0.jpg,UV,25,A,0,2,2,4,0.5879206461166753,0.278052824978392,-0.7567811020829596,0.0
B25A10.jpg,UV,25,A,10,2,2,4,0.5879206461166753,0.278052824978392,-0.7567811020829596,0.0
B25A50.jpg,UV,25,A,50,2,2,4,0.5879206461166753,0.278052824978392,-0.7567811020829596,0.0
B25A100.jpg,UV,25,A,100,3,3,5,0.8620941421404709,0.2780354178510275,-0.7567481068658621,0.15792500178208332
B25A500.jpg,UV,25,A,500,3,3,5,0.8620941421404709,0.2780354178510275,-0.7567481068658621,0.15792500178208332
B25B0.jpg,UV,25,B,0,2,2,4,0.5879206461166753,0.278052824978392,-0.7567811020829596,0.0
B25B10.jpg,UV,25,B,10,2,2,4,0.5879206461166753,0.278052824978392,-0.7567811020829596,0.0
B25B50.jpg,UV,25,B,50,2,2,4,0.5879206461166753,0.278052824978392,-0.7567811020829596,0.0
B25B100.jpg,UV,25,B,100,4,4,7,1.1560544651988103,0.4170618303402096,-1.1351386579073364,0.5263989469080423
B25B500.jpg,UV,25,B,500,4,4,7,1.1560544651988103,0.4170618303402096,-1.1351386579073364,0.5263989469080423
B25C0.jpg,UV,25,C,0,3,3,5,0.8620941421404709,0.2780354178510275,-0.7567481068658621,0.0
B25C10.jpg,UV,25,C,10,3,3,5,0.8620941421404709,0.2780354178510275,-0.7567481068658621,0.0
B25C50.jpg,UV,25,C,50,3,3,5,0.8620941421404709,0.2780354178510275,-0.7567481068658621,0.0
B25C100.jpg,UV,25,C,100,5,6,10,1.6658795327080682,0.2945715255239789,-1.605634734457967,0.9323280898682875
B25C500.jpg,UV,25,C,500,5,6,10,1.6658795327080682,0.2945715255239789,-1.605634734457967,0.9323280898682875
B25D0.jpg,UV,25,D,0,1,1,3,0.3137471500928797,0.27807023210575654,-0.7568140973000625,0.0
B25D10.jpg,UV,25,D,10,1,1,3,0.3137471500928797,0.27807023210575654,-0.7568140973000625,0.0
B25D50.jpg,UV,25,D,50,1,1,3,0.3137471500928797,0.27807023210575654,-0.7568140973000625,0.0
B25D100.jpg,UV,25,D,100,6,5,10,1.528110366864567,0.9566313726240561,-1.7998142344811452,1.5321870261443864
B25D500.jpg,UV,25,D,500,6,5,10,1.528110366864567,0.9566313726240561,-1.7998142344811452,1.5321870261443864
B26A0.jpg,UV,26,A,0,4,4,6,1.13626763816427,0.27801801072366294,-0.7567151116487536,0.0
B26A10.jpg,UV,26,A,10,4,4,6,1.13626763816427,0.27801801072366294,-0.7567151116487536,0.0
B26A50.jpg,UV,26,A,50,4,4,6,1.13626763816427,0.27801801072366294,-0.7567151116487536,0.0
B26A100.jpg,UV,26,A,100,4,4,6,1.13626763816427,0.27801801072366294,-0.7567151116487536,0.0
B26A500.jpg,UV,26,A,500,4,4,6,1.13626763816427,0.27801801072366294,-0.7567151116487536,0.0
B26B0.jpg,UV,26,B,0,3,3,6,0.8818809691750111,0.417079237467588,-1.1351716531244394,0.0
B26B10.jpg,UV,26,B,10,3,3,6,0.8818809691750111,0.417079237467588,-1.1351716531244394,0.0
B26B50.jpg,UV,26,B,50,3,3,6,0.8818809691750111,0.417079237467588,-1.1351716531244394,0.0
B26B100.jpg,UV,26,B,100,3,3,6,0.8818809691750111,0.417079237467588,-1.1351716531244394,0.0
B26B500.jpg,UV,26,B,500,3,3,6,0.8818809691750111,0.417079237467588,-1.1351716531244394,0.0
B26C0.jpg,UV,26,C,0,3,3,5,0.8620941421404709,0.2780354178510275,-0.7567481068658621,0.0
B26C10.jpg,UV,26,C,10,3,3,5,0.8620941421404709,0.2780354178510275,-0.7567481068658621,0.0
B26C50.jpg,UV,26,C,50,3,3,5,0.8620941421404709,0.2780354178510275,-0.7567481068658621,0.0
B26C100.jpg,UV,26,C,100,3,3,5,0.8620941421404709,0.2780354178510275,-0.7567481068658621,0.0
B26C500.jpg,UV,26,C,500,3,3,5,0.8620941421404709,0.2780354178510275,-0.7567481068658621,0.0
B26D0.jpg,UV,26,D,0,6,5,11,1.548401693240887,1.09922035465361,-2.18788634286991,0.0
B26D10.jpg,UV,26,D,10,6,5,11,1.548401693240887,1.09922035465361,-2.18788634286991,0.0
B26D50.jpg,UV,26,D,50,6,5,11,1.548401693240887,1.09922035465361,-2.18788634286991,0.0
B26D100.jpg,UV,26,D,100,6,5,11,1.548401693240887,1.09922035465361,-2.18788634286991,0.0
B26D500.jpg,UV,26,D,500,6,5,11,1.548401693240887,1.09922035465361,-2.18788634286991,0.0
B27A0.jpg,UV,27,A,0,5,6,10,1.6658795327080682,0.2945715255239789,-1.605634734457967,0.0
B27A10.jpg,UV,27,A,10,6,7,11,1.9405575280736471,0.2980992808096078,-1.6152503013710462,0.16003778678130287
B27A50.jpg,UV,27,A,50,6,7,11,1.9405575280736471,0.2980992808096078,-1.6152503013710462,0.16003778678130287
B27A100.jpg,UV,27,A,100,7,8,12,2.2164549375929,0.310195969422708,-1.6481871935064951,0.3237019816298145
B27A500.jpg,UV,27,A,500,7,8,12,2.2164549375929,0.310195969422708,-1.6481871935064951,0.3237019816298145
B27B0.jpg,UV,27,B,0,6,7,11,1.9405575280736471,0.2980992808096078,-1.6152503013710462,0.0
B27B10.jpg,UV,27,B,10,7,8,12,2.2164549375929,0.310195969422708,-1.6481871935064951,0.16458477667830246
B27B50.jpg,UV,27,B,50,7,8,12,2.2164549375929,0.310195969422708,-1.6481871935064951,0.16458477667830246
B27B100.jpg,UV,27,B,100,7,10,14,2.65521713785947,-0.16341796762518734,-1.9668990197025726,0.8643526843559366
B27B500.jpg,UV,27,B,500,7,9,14,2.459139220443088,0.23714256929682764,-2.25321704045201,0.6695552215850848
B27C0.jpg,UV,27,C,0,5,6,10,1.6658795327080682,0.2945715255239789,-1.605634734457967,0.0
B27C10.jpg,UV,27,C,10,9,12,17,3.265209958341348,0.0694507792266541,-2.69123727114442,1.4071111755196255
B27C50.jpg,UV,27,C,50,7,8,12,2.2164549375929,0.310195969422708,-1.6481871935064951,0.3237019816298145
B27C100.jpg,UV,27,C,100,11,14,21,3.968606571708886,0.5230917865678697,-4.19111486300317,2.6701513214445347
B27C500.jpg,UV,27,C,500,6,9,14,2.400830468870211,-0.024356740881248395,-2.345355561178264,0.936194716365894
B27D0.jpg,UV,27,D,0,5,6,10,1.6658795327080682,0.2945715255239789,-1.605634734457967,0.0
B27D10.jpg,UV,27,D,10,8,11,16,2.9661078669830587,0.049236103020877664,-2.566171224665803,1.2215269068961485
B27D50.jpg,UV,27,D,50,6,7,11,1.9405575280736471,0.2980992808096078,-1.6152503013710462,0.16003778678130287
B27D100.jpg,UV,27,D,100,11,13,21,3.7317028304585875,1.007053933067728,-4.537047802299354,2.982331939045086
B27D500.jpg,UV,27,D,500,9,13,16,3.4625205606749354,-0.5842513991618642,-1.834302053783432,1.6725089051959168
B28A0.jpg,UV,28,A,0,28,55,143,26.624800505588723,23.849183183731636,-51.5021249868547,0.0
B28A10.jpg,UV,28,A,10,31,59,148,28.264415579871013,23.39727037181466,-51.89785202146729,1.3150249511629293
B28A50.jpg,UV,28,A,50,27,57,147,27.476402913296532,23.959440452380992,-52.576627513275234,0.7972924725653947
B28A100.jpg,UV,28,A,100,26,59,151,28.32934715695147,24.08219144574192,-53.636489500456875,1.5890837821936243
B28A500.jpg,UV,28,A,500,28,62,159,29.897082067180946,25.384191650280137,-55.94064025922426,2.891638199272267
B28B0.jpg,UV,28,B,0,26,58,148,27.7987285942855,23.57347269185994,-52.66575814678119,0.0
B28B10.jpg,UV,28,B,10,26,62,156,29.57338814358375,24.017553497170386,-54.65230805320176,1.5493909300931565
B28B50.jpg,UV,28,B,50,26,57,149,27.613356470480348,24.659448034248744,-53.58178361233685,0.42340220999193107
B28B100.jpg,UV,28,B,100,24,60,157,29.05408348591793,25.61306886284978,-56.11080600846283,1.340432139161657
B28B500.jpg,UV,28,B,500,27,63,161,30.303151599245908,25.405154764277544,-56.48859465475612,2.212213989302478
B28C0.jpg,UV,28,C,0,26,56,148,27.255663881544486,24.948724059248196,-53.55292898428744,0.0
B28C10.jpg,UV,28,C,10,26,56,149,27.343896547207926,25.34528922903864,-54.02226764511355,0.15686421547383278
B28C50.jpg,UV,28,C,50,27,53,153,26.956047193488644,29.040243381089542,-57.10510555430641,1.477595669402583
B28C100.jpg,UV,28,C,100,23,54,165,28.20989256118871,32.69442826858651,-62.34043637332726,2.745984141284535
B28C500.jpg,UV,28,C,500,24,58,172,29.905313084671768,32.80511725263546,-63.761037808350764,3.452568602209155
B28D0.jpg,UV,28,D,0,28,56,143,26.897861971363206,23.159224299678677,-51.05639669384876,0.0
B28D10.jpg,UV,28,D,10,29,62,156,29.677395517955098,24.294807922478263,-54.47820468326113,2.4103134263570904
B28D50.jpg,UV,28,D,50,27,57,148,27.562994647862915,24.35669319689468,-53.04920177265578,0.7534375558637859
B28D100.jpg,UV,28,D,100,26,60,154,28.859068552764626,24.590276183867303,-54.60203978575341,1.8600716521170435
B28D500.jpg,UV,28,D,500,28,64,158,30.3542983135833,23.62745816975331,-54.58861039960708,3.03237544238163
B29A0.jpg,UV,29,A,0,255,255,1,97.14039740603509,-21.54746931967044,94.40989479941528,0.0
B29A10.jpg,UV,29,A,10,255,255,1,97.14039740603509,-21.54746931967044,94.40989479941528,0.0
B29A50.jpg,UV,29,A,50,255,255,1,97.14039740603509,-21.54746931967044,94.40989479941528,0.0
B29A100.jpg,UV,29,A,100,255,255,1,97.14039740603509,-21.54746931967044,94.40989479941528,0.0
B29A500.jpg,UV,29,A,500,255,255,1,97.14039740603509,-21.54746931967044,94.40989479941528,0.0
B29B0.jpg,UV,29,B,0,255,255,1,97.14039740603509,-21.54746931967044,94.40989479941528,0.0
B29B10.jpg,UV,29,B,10,255,255,1,97.14039740603509,-21.54746931967044,94.40989479941528,0.0
B29B50.jpg,UV,29,B,50,255,255,1,97.14039740603509,-21.54746931967044,94.40989479941528,0.0
B29B100.jpg,UV,29,B,100,255,255,1,97.14039740603509,-21.54746931967044,94.40989479941528,0.0
B29B500.jpg,UV,29,B,500,255,255,1,97.14039740603509,-21.54746931967044,94.40989479941528,0.0
B29C0.jpg,UV,29,C,0,255,255,1,97.14039740603509,-21.54746931967044,94.40989479941528,0.0
B29C10.jpg,UV,29,C,10,255,255,1,97.14039740603509,-21.54746931967044,94.40989479941528,0.0
B29C50.jpg,UV,29,C,50,255,255,1,97.14039740603509,-21.54746931967044,94.40989479941528,0.0
B29C100.jpg,UV,29,C,100,255,255,1,97.14039740603509,-21.54746931967044,94.40989479941528,0.0
B29C500.jpg,UV,29,C,500,255,255,1,97.14039740603509,-21.54746931967044,94.40989479941528,0.0
B29D0.jpg,UV,29,D,0,255,255,1,97.14039740603509,-21.54746931967044,94.40989479941528,0.0
B29D10.jpg,UV,29,D,10,255,255,1,97.14039740603509,-21.54746931967044,94.40989479941528,0.0
B29D50.jpg,UV,29,D,50,255,255,1,97.14039740603509,-21.54746931967044,94.40989479941528,0.0
B29D100.jpg,UV,29,D,100,255,255,1,97.14039740603509,-21.54746931967044,94.40989479941528,0.0
B29D500.jpg,UV,29,D,500,255,255,1,97.14039740603509,-21.54746931967044,94.40989479941528,0.0
